url,title,h1,status_code,content_type,canonical,robots_meta,depth,discovered_from,first_directory,second_directory,response_ms,final_url,fetched_at,error
https://www.insource.co.jp/,株式会社インソース | 人材育成／社員研修・ITによる生産性向上支援,,200,text/html; charset=UTF-8,,,0,START,/,,53,https://www.insource.co.jp/index.html,2026-09-03T02:24:52.892263+00:00,
https://www.insource.co.jp/consulting/dx-index.html,AI・DX・IT推進サービス―デジタル分野の研修・動画教育・人材育成はインソース,AI・DX・IT推進サービス,200,text/html; charset=UTF-8,https://www.insource.co.jp/consulting/dx-index.html,,1,https://www.insource.co.jp/,/consulting/,/consulting/dx-index.html/,29,https://www.insource.co.jp/consulting/dx-index.html,2026-09-03T02:24:53.788612+00:00,
https://www.insource.co.jp/kenshu/hierarchy-solution-top.html,デジタル時代の階層別研修 | 現場で使える研修ならインソース,デジタル時代の階層別研修 | 現場で使える研修ならインソース,200,text/html; charset=UTF-8,https://www.insource.co.jp/kenshu/hierarchy-solution-top.html,,1,https://www.insource.co.jp/,/kenshu/,/kenshu/hierarchy-solution-top.html/,31,https://www.insource.co.jp/kenshu/hierarchy-solution-top.html,2026-09-03T02:24:54.645329+00:00,
https://www.insource.co.jp/kanrisyoku/keieisennryaku_top.html,部長・幹部・経営層研修｜エグゼクティブ・上級管理職向け | 現場で使える研修ならインソース,部長・幹部・経営層研修｜エグゼクティブ・上級管理職向け | 現場で使える研修ならインソース,200,text/html; charset=UTF-8,https://www.insource.co.jp/kanrisyoku/keieisennryaku_top.html,,1,https://www.insource.co.jp/,/kanrisyoku/,/kanrisyoku/keieisennryaku_top.html/,44,https://www.insource.co.jp/kanrisyoku/keieisennryaku_top.html,2026-09-03T02:24:55.497164+00:00,
https://www.insource.co.jp/kanrisyoku/kanrisyoku_top.html,管理職研修～総合ページ | 現場で使える研修ならインソース,管理職研修～総合ページ | 現場で使える研修ならインソース,200,text/html; charset=UTF-8,https://www.insource.co.jp/kanrisyoku/kanrisyoku_top.html,,1,https://www.insource.co.jp/,/kanrisyoku/,/kanrisyoku/kanrisyoku_top.html/,44,https://www.insource.co.jp/kanrisyoku/kanrisyoku_top.html,2026-09-03T02:24:56.411867+00:00,
https://www.insource.co.jp/kanrisyoku/chuken_top.html,中堅社員研修～総合ページ | 現場で使える研修ならインソース,中堅社員研修～総合ページ | 現場で使える研修ならインソース,200,text/html; charset=UTF-8,https://www.insource.co.jp/kanrisyoku/chuken_top.html,,1,https://www.insource.co.jp/,/kanrisyoku/,/kanrisyoku/chuken_top.html/,53,https://www.insource.co.jp/kanrisyoku/chuken_top.html,2026-09-03T02:24:57.320497+00:00,
https://www.insource.co.jp/wakate/index.html,若手社員研修～総合ページ | 現場で使える研修ならインソース,若手社員研修～総合ページ | 現場で使える研修ならインソース,200,text/html; charset=UTF-8,https://www.insource.co.jp/wakate/index.html,,1,https://www.insource.co.jp/,/wakate/,/wakate/index.html/,31,https://www.insource.co.jp/wakate/index.html,2026-09-03T02:24:58.197511+00:00,
https://www.insource.co.jp/newcomer/newcomer_top.html,新入社員研修・新人研修～実践重視のカリキュラム内容で上司が唸る新人を育成 | 現場で使える研修ならインソース,新入社員研修・新人研修～実践重視のカリキュラム内容で上司が唸る新人を育成 | 現場で使える研修ならインソース,200,text/html; charset=UTF-8,https://www.insource.co.jp/newcomer/newcomer_top.html,,1,https://www.insource.co.jp/,/newcomer/,/newcomer/newcomer_top.html/,46,https://www.insource.co.jp/newcomer/newcomer_top.html,2026-09-03T02:24:59.094718+00:00,
https://www.insource.co.jp/municipality/index.html,行政（官公庁・自治体）向けサービス:研修会社インソース～講師派遣研修／公開講座の研修,行政（官公庁・自治体）向けサービス | 現場で使える研修ならインソース,200,text/html; charset=UTF-8,https://www.insource.co.jp/municipality/index.html,,1,https://www.insource.co.jp/,/municipality/,/municipality/index.html/,31,https://www.insource.co.jp/municipality/index.html,2026-09-03T02:24:59.977232+00:00,
https://www.insource.co.jp/kyoiku/koshihaken_gyoshu.html,社員研修・企業研修 業界・業種別一覧 | 現場で使える研修ならインソース,社員研修・企業研修 業界別一覧,200,text/html; charset=UTF-8,https://www.insource.co.jp/kyoiku/koshihaken_gyoshu.html,,1,https://www.insource.co.jp/,/kyoiku/,/kyoiku/koshihaken_gyoshu.html/,29,https://www.insource.co.jp/kyoiku/koshihaken_gyoshu.html,2026-09-03T02:25:00.830459+00:00,
https://www.insource.co.jp/kyoiku/newrelease_list.html,新作研修・動画教材一覧～講師派遣型研修:現場で使える研修ならインソース,,200,text/html; charset=UTF-8,https://www.insource.co.jp/kyoiku/newrelease_list.html,,1,https://www.insource.co.jp/,/kyoiku/,/kyoiku/newrelease_list.html/,58,https://www.insource.co.jp/kyoiku/newrelease_list.html,2026-09-03T02:25:01.640393+00:00,
https://www.insource.co.jp/kyoiku/keitoubetukenshu_top.html,社員研修・企業研修 テーマ別一覧 | ビジネススキル研修ならインソース,社員研修・企業研修 テーマ別一覧,200,text/html; charset=UTF-8,https://www.insource.co.jp/kyoiku/keitoubetukenshu_top.html,,1,https://www.insource.co.jp/,/kyoiku/,/kyoiku/keitoubetukenshu_top.html/,26,https://www.insource.co.jp/kyoiku/keitoubetukenshu_top.html,2026-09-03T02:25:02.477278+00:00,
https://www.insource.co.jp/bup/bup_top.html,公開講座～１名から参加できる研修サービス【研修セミナー公開講座】-株式会社インソース,公開講座～１名から参加できる研修サービス,200,text/html; charset=UTF-8,https://www.insource.co.jp/bup/bup_top.html,,1,https://www.insource.co.jp/,/bup/,/bup/bup_top.html/,51,https://www.insource.co.jp/bup/bup_top.html,2026-09-03T02:25:03.312714+00:00,
https://www.insource.co.jp/it-tool/kenkanrisys_top.html,人事サポートシステム・LMS「Leafシリーズ」,,200,text/html; charset=UTF-8,https://www.insource.co.jp/it-tool/kenkanrisys_top.html,,1,https://www.insource.co.jp/,/it-tool/,/it-tool/kenkanrisys_top.html/,31,https://www.insource.co.jp/it-tool/kenkanrisys_top.html,2026-09-03T02:25:04.345526+00:00,
https://www.insource.co.jp/it-tool/leaf-tempo-study.html,店舗スタッフ教育のためのLMS/eラーニングシステム Tempo Study（テンポスタディ） | 人事サポートシステム・LMS「Leafシリーズ」,,200,text/html; charset=UTF-8,https://www.insource.co.jp/it-tool/leaf-tempo-study.html,,1,https://www.insource.co.jp/,/it-tool/,/it-tool/leaf-tempo-study.html/,626,https://www.insource.co.jp/it-tool/leaf-tempo-study.html,2026-09-03T02:25:05.211291+00:00,
https://www.insource.co.jp/webins-management/index.html,WEBinsource人事管理 - 株式会社インソース,,200,text/html; charset=UTF-8,https://www.insource.co.jp/webins-management/index.html,,1,https://www.insource.co.jp/,/webins-management/,/webins-management/index.html/,699,https://www.insource.co.jp/webins-management/index.html,2026-09-03T02:25:06.643155+00:00,
https://www.insource.co.jp/it-tool/leaf_other_usage_stresscheck.html,ストレスチェック支援サービス～実施から職場環境改善まで,,200,text/html; charset=UTF-8,https://www.insource.co.jp/it-tool/leaf_other_usage_stresscheck.html,,1,https://www.insource.co.jp/,/it-tool/,/it-tool/leaf_other_usage_stresscheck.html/,23,https://www.insource.co.jp/it-tool/leaf_other_usage_stresscheck.html,2026-09-03T02:25:08.105430+00:00,
https://www.insource.co.jp/seminar/seminar_top.html,無料セミナー・イベント情報｜インソース（人材育成・組織開発・研修担当者向け）:研修会社インソース～講師派遣研修／公開講座の研修,無料セミナー・イベント情報｜インソース（人材育成・組織開発・研修担当者向け）,200,text/html; charset=UTF-8,https://www.insource.co.jp/seminar/seminar_top.html,,1,https://www.insource.co.jp/,/seminar/,/seminar/seminar_top.html/,25,https://www.insource.co.jp/seminar/seminar_top.html,2026-09-03T02:25:08.906713+00:00,
https://www.insource.co.jp/campaign/insource-energy-partner.html,インソースENERGYパートナー ～人的資本経営推進企業に贈るロイヤリティプログラム:現場で使える研修ならインソース,,200,text/html; charset=UTF-8,https://www.insource.co.jp/campaign/insource-energy-partner.html,,1,https://www.insource.co.jp/,/campaign/,/campaign/insource-energy-partner.html/,661,https://www.insource.co.jp/campaign/insource-energy-partner.html,2026-09-03T02:25:09.720636+00:00,
https://www.insource.co.jp/modified/lineup.html,最新Webページ一覧:現場で使える研修ならインソース,最新Webページ一覧,200,text/html; charset=UTF-8,https://www.insource.co.jp/modified/lineup.html,,1,https://www.insource.co.jp/,/modified/,/modified/lineup.html/,712,https://www.insource.co.jp/modified/lineup.html,2026-09-03T02:25:11.150419+00:00,
https://www.insource.co.jp/browsing-history/index.html,過去にご覧いただいたページ（直近30日分） - 現場で使える研修ならインソース,,200,text/html; charset=UTF-8,https://www.insource.co.jp/browsing-history/index.html,noindex,1,https://www.insource.co.jp/,/browsing-history/,/browsing-history/index.html/,630,https://www.insource.co.jp/browsing-history/index.html,2026-09-03T02:25:12.620991+00:00,
https://www.insource.co.jp/womanact/protop.html,女性活躍推進研修｜女性が生き生きと働く組織をつくる | 現場で使える研修ならインソース,女性活躍推進研修｜女性が生き生きと働く組織をつくる | 現場で使える研修ならインソース,200,text/html; charset=UTF-8,https://www.insource.co.jp/womanact/protop.html,,1,https://www.insource.co.jp/,/womanact/,/womanact/protop.html/,781,https://www.insource.co.jp/womanact/protop.html,2026-09-03T02:25:13.994675+00:00,
https://www.insource.co.jp/kenshu/career40_top.html,中堅・ベテラン社員の意欲向上研修 | 現場で使える研修ならインソース,中堅・ベテラン社員の意欲向上研修 | 現場で使える研修ならインソース,200,text/html; charset=UTF-8,https://www.insource.co.jp/kenshu/career40_top.html,,1,https://www.insource.co.jp/,/kenshu/,/kenshu/career40_top.html/,30,https://www.insource.co.jp/kenshu/career40_top.html,2026-09-03T02:25:15.612584+00:00,
https://www.insource.co.jp/senior/governingtop.html,再任用職員研修 | 現場で使える研修ならインソース,再任用職員研修 | 現場で使える研修ならインソース,200,text/html; charset=UTF-8,https://www.insource.co.jp/senior/governingtop.html,,1,https://www.insource.co.jp/,/senior/,/senior/governingtop.html/,829,https://www.insource.co.jp/senior/governingtop.html,2026-09-03T02:25:16.452105+00:00,
https://www.insource.co.jp/pdiversity/workstyle_top.html,ダイバーシティ時代の働き方を考える研修 | 現場で使える研修ならインソース,ダイバーシティ時代の働き方を考える研修 | 現場で使える研修ならインソース,200,text/html; charset=UTF-8,https://www.insource.co.jp/pdiversity/workstyle_top.html,,1,https://www.insource.co.jp/,/pdiversity/,/pdiversity/workstyle_top.html/,850,https://www.insource.co.jp/pdiversity/workstyle_top.html,2026-09-03T02:25:18.096143+00:00,
https://www.insource.co.jp/kenshu/human-capital-management-promotion-services.html,人的資本経営推進サービス | 現場で使える研修ならインソース,人的資本経営推進サービス | 現場で使える研修ならインソース,200,text/html; charset=UTF-8,https://www.insource.co.jp/kenshu/human-capital-management-promotion-services.html,,1,https://www.insource.co.jp/,/kenshu/,/kenshu/human-capital-management-promotion-services.html/,688,https://www.insource.co.jp/kenshu/human-capital-management-promotion-services.html,2026-09-03T02:25:19.759081+00:00,
https://www.insource.co.jp/kenshu/talent-management-top.html,タレントマネジメント研修:現場で使える研修ならインソース,タレントマネジメント研修 | 現場で使える研修ならインソース,200,text/html; charset=UTF-8,https://www.insource.co.jp/kenshu/talent-management-top.html,,1,https://www.insource.co.jp/,/kenshu/,/kenshu/talent-management-top.html/,656,https://www.insource.co.jp/kenshu/talent-management-top.html,2026-09-03T02:25:21.245812+00:00,
https://www.insource.co.jp/reskilling_top.html,リスキリング | 現場で使える研修ならインソース,リスキリング | 現場で使える研修ならインソース,200,text/html; charset=UTF-8,https://www.insource.co.jp/reskilling_top.html,,1,https://www.insource.co.jp/,/reskilling_top.html/,,742,https://www.insource.co.jp/reskilling_top.html,2026-09-03T02:25:22.736635+00:00,
https://www.insource.co.jp/kenshu/selective-education-top.html,人事部・選抜教育担当向けサービス:現場で使える研修ならインソース,人事部・選抜教育担当向けサービス | 現場で使える研修ならインソース,200,text/html; charset=UTF-8,https://www.insource.co.jp/kenshu/selective-education-top.html,,1,https://www.insource.co.jp/,/kenshu/,/kenshu/selective-education-top.html/,738,https://www.insource.co.jp/kenshu/selective-education-top.html,2026-09-03T02:25:24.281758+00:00,
https://www.insource.co.jp/needs-organizing-ability/organizational-development-top.html,組織開発関連研修・サービス:現場で使える研修ならインソース,組織開発関連研修・サービス | 現場で使える研修ならインソース,200,text/html; charset=UTF-8,https://www.insource.co.jp/needs-organizing-ability/organizational-development-top.html,,1,https://www.insource.co.jp/,/needs-organizing-ability/,/needs-organizing-ability/organizational-development-top.html/,661,https://www.insource.co.jp/needs-organizing-ability/organizational-development-top.html,2026-09-03T02:25:25.823219+00:00,
https://www.insource.co.jp/shinjin/sh_saiyoutantou_middle.html,採用担当者研修 | 現場で使える研修ならインソース,採用担当者研修 | 現場で使える研修ならインソース,200,text/html; charset=UTF-8,https://www.insource.co.jp/shinjin/sh_saiyoutantou_middle.html,,1,https://www.insource.co.jp/,/shinjin/,/shinjin/sh_saiyoutantou_middle.html/,40,https://www.insource.co.jp/shinjin/sh_saiyoutantou_middle.html,2026-09-03T02:25:27.277898+00:00,
https://www.insource.co.jp/recruitment-support-service/index.html,"採用・新人教育支援サービス - 社員研修,教育 職員研修 人材育成ならインソース",,200,text/html; charset=UTF-8,https://www.insource.co.jp/recruitment-support-service/index.html,,1,https://www.insource.co.jp/,/recruitment-support-service/,/recruitment-support-service/index.html/,29,https://www.insource.co.jp/recruitment-support-service/index.html,2026-09-03T02:25:28.123958+00:00,
https://www.insource.co.jp/kensyu/risyokuboushi-top.html,離職防止・リテンション | 研修・公開講座 | 現場で使える研修ならインソース,離職防止・リテンション | 研修・公開講座 | 現場で使える研修ならインソース,200,text/html; charset=UTF-8,https://www.insource.co.jp/kensyu/risyokuboushi-top.html,,1,https://www.insource.co.jp/,/kensyu/,/kensyu/risyokuboushi-top.html/,667,https://www.insource.co.jp/kensyu/risyokuboushi-top.html,2026-09-03T02:25:28.976496+00:00,
https://www.insource.co.jp/kenshu/promotion-training-top.html,昇任・昇格時研修～総合ページ | 現場で使える研修ならインソース,昇任・昇格時研修～総合ページ | 現場で使える研修ならインソース,200,text/html; charset=UTF-8,https://www.insource.co.jp/kenshu/promotion-training-top.html,,1,https://www.insource.co.jp/,/kenshu/,/kenshu/promotion-training-top.html/,1199,https://www.insource.co.jp/kenshu/promotion-training-top.html,2026-09-03T02:25:30.443033+00:00,
https://www.insource.co.jp/kanrisyoku/hyokasyakokasya_top.html,評価者研修～総合ページ | 現場で使える研修ならインソース,評価者研修～総合ページ | 現場で使える研修ならインソース,200,text/html; charset=UTF-8,https://www.insource.co.jp/kanrisyoku/hyokasyakokasya_top.html,,1,https://www.insource.co.jp/,/kanrisyoku/,/kanrisyoku/hyokasyakokasya_top.html/,39,https://www.insource.co.jp/kanrisyoku/hyokasyakokasya_top.html,2026-09-03T02:25:32.502561+00:00,
https://www.insource.co.jp/kanrisyoku/leadership_top.html,リーダーシップ研修～総合ページ｜実務で必要な９つの力とは？ | 現場で使える研修ならインソース,リーダーシップ研修～総合ページ｜実務で必要な９つの力とは？ | 現場で使える研修ならインソース,200,text/html; charset=UTF-8,https://www.insource.co.jp/kanrisyoku/leadership_top.html,,1,https://www.insource.co.jp/,/kanrisyoku/,/kanrisyoku/leadership_top.html/,36,https://www.insource.co.jp/kanrisyoku/leadership_top.html,2026-09-03T02:25:33.348191+00:00,
https://www.insource.co.jp/kanrisyoku/executivemanager_top.html,部門経営者（部長）育成研修 次世代の中核人材を育成する | 現場で使える研修ならインソース,部門経営者（部長）育成研修 次世代の中核人材を育成する | 現場で使える研修ならインソース,200,text/html; charset=UTF-8,https://www.insource.co.jp/kanrisyoku/executivemanager_top.html,,1,https://www.insource.co.jp/,/kanrisyoku/,/kanrisyoku/executivemanager_top.html/,31,https://www.insource.co.jp/kanrisyoku/executivemanager_top.html,2026-09-03T02:25:34.266647+00:00,
https://www.insource.co.jp/kyoiku/koshihaken_needs/oodaloop.html,ＯＯＤＡループ（ウーダループ）研修 | 現場で使える研修ならインソース,ＯＯＤＡループ（ウーダループ）研修 | 現場で使える研修ならインソース,200,text/html; charset=UTF-8,https://www.insource.co.jp/kyoiku/koshihaken_needs/oodaloop.html,,1,https://www.insource.co.jp/,/kyoiku/,/kyoiku/koshihaken_needs/,30,https://www.insource.co.jp/kyoiku/koshihaken_needs/oodaloop.html,2026-09-03T02:25:35.135844+00:00,
https://www.insource.co.jp/kenshu/uchiki-top.html,内気な人のための研修シリーズ～総合ページ | 現場で使える研修ならインソース,内気な人のための研修シリーズ～総合ページ | 現場で使える研修ならインソース,200,text/html; charset=UTF-8,https://www.insource.co.jp/kenshu/uchiki-top.html,,1,https://www.insource.co.jp/,/kenshu/,/kenshu/uchiki-top.html/,782,https://www.insource.co.jp/kenshu/uchiki-top.html,2026-09-03T02:25:35.974540+00:00,
https://www.insource.co.jp/kyoiku/twenty.html,主体性の発揮研修・主体性研修 | 現場で使える研修ならインソース,主体性の発揮研修・主体性研修 | 現場で使える研修ならインソース,200,text/html; charset=UTF-8,https://www.insource.co.jp/kyoiku/twenty.html,,1,https://www.insource.co.jp/,/kyoiku/,/kyoiku/twenty.html/,825,https://www.insource.co.jp/kyoiku/twenty.html,2026-09-03T02:25:37.578791+00:00,
https://www.insource.co.jp/kyoiku/koshihaken_needs/engagement-top.html,従業員エンゲージメント研修 | 現場で使える研修ならインソース,従業員エンゲージメント研修 | 現場で使える研修ならインソース,200,text/html; charset=UTF-8,https://www.insource.co.jp/kyoiku/koshihaken_needs/engagement-top.html,,1,https://www.insource.co.jp/,/kyoiku/,/kyoiku/koshihaken_needs/,26,https://www.insource.co.jp/kyoiku/koshihaken_needs/engagement-top.html,2026-09-03T02:25:39.276622+00:00,
https://www.insource.co.jp/kenshu/business-mind.html,ビジネスマインド研修・社会人基礎力研修 | 現場で使える研修ならインソース,ビジネスマインド研修・社会人基礎力研修 | 現場で使える研修ならインソース,200,text/html; charset=UTF-8,https://www.insource.co.jp/kenshu/business-mind.html,,1,https://www.insource.co.jp/,/kenshu/,/kenshu/business-mind.html/,26,https://www.insource.co.jp/kenshu/business-mind.html,2026-09-03T02:25:40.101670+00:00,
https://www.insource.co.jp/kenshu/motivation_top.html,意欲向上・モチベーション向上研修～総合ページ | 現場で使える研修ならインソース,意欲向上・モチベーション向上研修～総合ページ | 現場で使える研修ならインソース,200,text/html; charset=UTF-8,https://www.insource.co.jp/kenshu/motivation_top.html,,1,https://www.insource.co.jp/,/kenshu/,/kenshu/motivation_top.html/,34,https://www.insource.co.jp/kenshu/motivation_top.html,2026-09-03T02:25:40.968547+00:00,
https://www.insource.co.jp/sales/sales_top.html,営業研修～総合ページ | 現場で使える研修ならインソース,営業研修～総合ページ | 現場で使える研修ならインソース,200,text/html; charset=UTF-8,https://www.insource.co.jp/sales/sales_top.html,,1,https://www.insource.co.jp/,/sales/,/sales/sales_top.html/,869,https://www.insource.co.jp/sales/sales_top.html,2026-09-03T02:25:41.821393+00:00,
https://www.insource.co.jp/sales/marketing_top.html,マーケティング研修 | 現場で使える研修ならインソース,マーケティング研修 | 現場で使える研修ならインソース,200,text/html; charset=UTF-8,https://www.insource.co.jp/sales/marketing_top.html,,1,https://www.insource.co.jp/,/sales/,/sales/marketing_top.html/,30,https://www.insource.co.jp/sales/marketing_top.html,2026-09-03T02:25:43.548865+00:00,
https://www.insource.co.jp/kenshu/new-business-top.html,新規事業開発研修 | 現場で使える研修ならインソース,新規事業開発研修 | 現場で使える研修ならインソース,200,text/html; charset=UTF-8,https://www.insource.co.jp/kenshu/new-business-top.html,,1,https://www.insource.co.jp/,/kenshu/,/kenshu/new-business-top.html/,33,https://www.insource.co.jp/kenshu/new-business-top.html,2026-09-03T02:25:44.397583+00:00,
https://www.insource.co.jp/plants/remote-plants.html,オンライン営業の管理支援ツール（システム）「Remote-Plants（リモートプランツ）」:研修会社インソース～講師派遣研修／公開講座の研修,,200,text/html; charset=UTF-8,https://www.insource.co.jp/plants/remote-plants.html,,1,https://www.insource.co.jp/,/plants/,/plants/remote-plants.html/,652,https://www.insource.co.jp/plants/remote-plants.html,2026-09-03T02:25:45.265865+00:00,
https://www.insource.co.jp/kenshu/halldings-top.html,ホールディングス・グループ企業統括担当向け研修:現場で使える研修ならインソース,ホールディングス・グループ企業統括担当向け研修 | 現場で使える研修ならインソース,200,text/html; charset=UTF-8,https://www.insource.co.jp/kenshu/halldings-top.html,,1,https://www.insource.co.jp/,/kenshu/,/kenshu/halldings-top.html/,694,https://www.insource.co.jp/kenshu/halldings-top.html,2026-09-03T02:25:46.686239+00:00,
https://www.insource.co.jp/compliance/naibutosei_top.html,内部統制研修 | 現場で使える研修ならインソース,内部統制研修 | 現場で使える研修ならインソース,200,text/html; charset=UTF-8,https://www.insource.co.jp/compliance/naibutosei_top.html,,1,https://www.insource.co.jp/,/compliance/,/compliance/naibutosei_top.html/,41,https://www.insource.co.jp/compliance/naibutosei_top.html,2026-09-03T02:25:48.175471+00:00,
https://www.insource.co.jp/kenshu/successionplan-top.html,サクセッションプラン（後継者育成計画）関連サービス:現場で使える研修ならインソース,サクセッションプラン（後継者育成計画）関連サービス | 現場で使える研修ならインソース,200,text/html; charset=UTF-8,https://www.insource.co.jp/kenshu/successionplan-top.html,,1,https://www.insource.co.jp/,/kenshu/,/kenshu/successionplan-top.html/,681,https://www.insource.co.jp/kenshu/successionplan-top.html,2026-09-03T02:25:49.069955+00:00,
https://www.insource.co.jp/kenshu/sdgs-top.html,SDGs研修｜17のゴールを目指し、組織の持続的成長を考える | 現場で使える研修ならインソース,SDGs研修｜17のゴールを目指し、組織の持続的成長を考える | 現場で使える研修ならインソース,200,text/html; charset=UTF-8,https://www.insource.co.jp/kenshu/sdgs-top.html,,1,https://www.insource.co.jp/,/kenshu/,/kenshu/sdgs-top.html/,32,https://www.insource.co.jp/kenshu/sdgs-top.html,2026-09-03T02:25:50.796751+00:00,
https://www.insource.co.jp/gyokai/medical_top.html,病院（医療機関）向け研修～総合ページ | 現場で使える研修ならインソース,病院（医療機関）向け研修～総合ページ | 現場で使える研修ならインソース,200,text/html; charset=UTF-8,https://www.insource.co.jp/gyokai/medical_top.html,,1,https://www.insource.co.jp/,/gyokai/,/gyokai/medical_top.html/,31,https://www.insource.co.jp/gyokai/medical_top.html,2026-09-03T02:25:51.624183+00:00,
https://www.insource.co.jp/online-support/index.html,研修業務委託サービス:研修会社インソース～講師派遣研修／公開講座の研修,,200,text/html; charset=UTF-8,https://www.insource.co.jp/ikkatsu/ikkatsu_top.html,,1,https://www.insource.co.jp/,/online-support/,/online-support/index.html/,1218,https://www.insource.co.jp/ikkatsu/ikkatsu_top.html,2026-09-03T02:25:52.461734+00:00,
https://www.insource.co.jp/energy/index.html,"WEB版ENERGY - 社員研修,教育 職員研修 人材育成ならインソース",,200,text/html; charset=UTF-8,https://www.insource.co.jp/energy/index.html,,1,https://www.insource.co.jp/,/energy/,/energy/index.html/,720,https://www.insource.co.jp/energy/index.html,2026-09-03T02:25:54.496910+00:00,
https://www.insource.co.jp/consulting/manufacturing.html,作りこみ型研修サービス:研修会社インソース～講師派遣研修／公開講座の研修,,200,text/html; charset=UTF-8,https://www.insource.co.jp/consulting/manufacturing.html,,1,https://www.insource.co.jp/,/consulting/,/consulting/manufacturing.html/,630,https://www.insource.co.jp/consulting/manufacturing.html,2026-09-03T02:25:56.009479+00:00,
https://www.insource.co.jp/consulting/selftraining1.html,研修内製化サービス - 株式会社インソース,,200,text/html; charset=UTF-8,https://www.insource.co.jp/consulting/new_selftraning_top.html,,1,https://www.insource.co.jp/,/consulting/,/consulting/selftraining1.html/,43,https://www.insource.co.jp/consulting/new_selftraning_top.html,2026-09-03T02:25:57.402715+00:00,
https://www.insource.co.jp/kenshu/koukateityaku_top.html,学び続ける組織をつくる | 現場で使える研修ならインソース,学び続ける組織をつくる | 現場で使える研修ならインソース,200,text/html; charset=UTF-8,https://www.insource.co.jp/kenshu/koukateityaku_top.html,,1,https://www.insource.co.jp/,/kenshu/,/kenshu/koukateityaku_top.html/,626,https://www.insource.co.jp/kenshu/koukateityaku_top.html,2026-09-03T02:25:58.213652+00:00,
https://www.insource.co.jp/trainer-search/index.html,講師一覧 全講師一覧:現場で使える研修ならインソース,,200,text/html; charset=UTF-8,https://www.insource.co.jp/trainer-search/index.html,"index,follow",1,https://www.insource.co.jp/,/trainer-search/,/trainer-search/index.html/,628,https://www.insource.co.jp/trainer-search/index.html,2026-09-03T02:25:59.622043+00:00,
https://www.insource.co.jp/webins/index.html,かんたんお申込みシステム『WEBinsource』:研修会社インソース～講師派遣研修／公開講座の研修,,200,text/html; charset=UTF-8,https://www.insource.co.jp/webins/index.html,,1,https://www.insource.co.jp/,/webins/,/webins/index.html/,632,https://www.insource.co.jp/webins/index.html,2026-09-03T02:26:00.992732+00:00,
https://www.insource.co.jp/bup/bup_smartpack.html,人財育成スマートパック―１名から参加できる研修の会社インソース,,200,text/html; charset=UTF-8,https://www.insource.co.jp/bup/bup_smartpack.html,,1,https://www.insource.co.jp/,/bup/,/bup/bup_smartpack.html/,625,https://www.insource.co.jp/bup/bup_smartpack.html,2026-09-03T02:26:02.385075+00:00,
https://www.insource.co.jp/bup/bup_valuepack.html,バリューパック―１名から参加できる研修の会社インソース,,200,text/html; charset=UTF-8,https://www.insource.co.jp/bup/bup_valuepack.html,,1,https://www.insource.co.jp/,/bup/,/bup/bup_valuepack.html/,711,https://www.insource.co.jp/bup/bup_valuepack.html,2026-09-03T02:26:03.872430+00:00,
https://www.insource.co.jp/bup/course-map-theme.html,公開講座テーマ別コースマップ―１名から参加できる研修の会社インソース,,200,text/html; charset=UTF-8,https://www.insource.co.jp/bup/course-map-theme.html,,1,https://www.insource.co.jp/,/bup/,/bup/course-map-theme.html/,27,https://www.insource.co.jp/bup/course-map-theme.html,2026-09-03T02:26:05.383902+00:00,
https://www.insource.co.jp/bup/python-gakuin.html,Python学院～インソースが運営するPythonに特化したプログラミング教育機関,,200,text/html; charset=UTF-8,https://www.insource.co.jp/python-gakuin/index.html,,1,https://www.insource.co.jp/,/bup/,/bup/python-gakuin.html/,545,https://www.insource.co.jp/python-gakuin/index.html,2026-09-03T02:26:06.186589+00:00,
https://www.insource.co.jp/dougahyakkaten/index.html,動画百貨店:eラーニング・動画教材での研修もインソース,動画百貨店,200,text/html; charset=UTF-8,https://www.insource.co.jp/dougahyakkaten/index.html,,1,https://www.insource.co.jp/,/dougahyakkaten/,/dougahyakkaten/index.html/,83,https://www.insource.co.jp/dougahyakkaten/index.html,2026-09-03T02:26:07.522485+00:00,
https://www.insource.co.jp/dougahyakkaten/kodawari_customize.html,動画百貨店 教材の簡易カスタマイズ 動画百貨店のイージーオーダー:eラーニング・動画教材での研修もインソース,,200,text/html; charset=UTF-8,https://www.insource.co.jp/dougahyakkaten/kodawari_customize.html,,1,https://www.insource.co.jp/,/dougahyakkaten/,/dougahyakkaten/kodawari_customize.html/,634,https://www.insource.co.jp/dougahyakkaten/kodawari_customize.html,2026-09-03T02:26:08.463932+00:00,
https://www.insource.co.jp/dougahyakkaten/video-production.html,動画百貨店 オリジナル動画教材 制作サービス:eラーニング・動画教材での研修もインソース,,200,text/html; charset=UTF-8,https://www.insource.co.jp/dougahyakkaten/video-production.html,,1,https://www.insource.co.jp/,/dougahyakkaten/,/dougahyakkaten/video-production.html/,627,https://www.insource.co.jp/dougahyakkaten/video-production.html,2026-09-03T02:26:09.904078+00:00,
https://www.insource.co.jp/certification/index.html,通信教育百貨店 - 株式会社インソース,,200,text/html; charset=UTF-8,https://www.insource.co.jp/certification/index.html,,1,https://www.insource.co.jp/,/certification/,/certification/index.html/,690,https://www.insource.co.jp/certification/index.html,2026-09-03T02:26:11.289873+00:00,
https://www.insource.co.jp/biz-ex/index.html,経営シミュレーション実践型プログラム「Biz-Ex（ビジックス）」 - 株式会社インソース,,200,text/html; charset=UTF-8,https://www.insource.co.jp/biz-ex/index.html,,1,https://www.insource.co.jp/,/biz-ex/,/biz-ex/index.html/,676,https://www.insource.co.jp/biz-ex/index.html,2026-09-03T02:26:12.753048+00:00,
https://www.insource.co.jp/polyglots/index.html,最短で最高の成果を出せる英語学習アプリ レシピー - 株式会社インソース,,200,text/html; charset=UTF-8,https://www.insource.co.jp/polyglots/index.html,,1,https://www.insource.co.jp/,/polyglots/,/polyglots/index.html/,652,https://www.insource.co.jp/polyglots/index.html,2026-09-03T02:26:14.184660+00:00,
https://www.insource.co.jp/flier/index.html,１冊10分の時短読書で自ら学べる人を育てる flier business - 株式会社インソース,,200,text/html; charset=UTF-8,https://www.insource.co.jp/flier/index.html,,1,https://www.insource.co.jp/,/flier/,/flier/index.html/,660,https://www.insource.co.jp/flier/index.html,2026-09-03T02:26:15.585078+00:00,
https://www.insource.co.jp/web/custom-made-web.html,まかせてウェブ｜コンテンツマーケティングもお任せ。伝えるプロ 株式会社インソース,,200,text/html; charset=UTF-8,https://www.insource.co.jp/web/custom-made-web.html,,1,https://www.insource.co.jp/,/web/,/web/custom-made-web.html/,656,https://www.insource.co.jp/web/custom-made-web.html,2026-09-03T02:26:16.997404+00:00,
https://www.insource.co.jp/web/listing-ad.html,Web広告出稿～リスティング広告運用代行｜コンテンツマーケティングもお任せ。伝えるプロ 株式会社インソース,,200,text/html; charset=UTF-8,https://www.insource.co.jp/web/listing-ad.html,,1,https://www.insource.co.jp/,/web/,/web/listing-ad.html/,25,https://www.insource.co.jp/web/listing-ad.html,2026-09-03T02:26:18.468843+00:00,
https://www.insource.co.jp/web/free_server_diagnosis.html,Webサーバ構築・保守サービス - WEBサーバ構築・保守サービス,,200,text/html; charset=UTF-8,https://www.insource.co.jp/web/free_server_diagnosis.html,,1,https://www.insource.co.jp/,/web/,/web/free_server_diagnosis.html/,682,https://www.insource.co.jp/web/free_server_diagnosis.html,2026-09-03T02:26:19.258939+00:00,
https://www.insource.co.jp/contents-marketing/index.html,インソースのWeb記事制作サービス:研修会社インソース～講師派遣研修／公開講座の研修,,200,text/html; charset=UTF-8,https://www.insource.co.jp/contents-marketing/index.html,,1,https://www.insource.co.jp/,/contents-marketing/,/contents-marketing/index.html/,25,https://www.insource.co.jp/contents-marketing/index.html,2026-09-03T02:26:20.758954+00:00,
https://www.insource.co.jp/consulting/assessment-hierarchy-test.html,階層別テスト｜ビジネスで必要な「知識」と「活用力」を測定するテスト:研修会社インソース～講師派遣研修／公開講座の研修,階層別テスト｜ビジネスで必要な「知識」と「活用力」を測定するテスト,200,text/html; charset=UTF-8,https://www.insource.co.jp/consulting/assessment-hierarchy-test.html,,1,https://www.insource.co.jp/,/consulting/,/consulting/assessment-hierarchy-test.html/,682,https://www.insource.co.jp/consulting/assessment-hierarchy-test.html,2026-09-03T02:26:21.535950+00:00,
https://www.insource.co.jp/consulting/assessment_ai.html,生成ＡＩアセスメントサービス:研修会社インソース～講師派遣研修／公開講座の研修,,200,text/html; charset=UTF-8,https://www.insource.co.jp/consulting/assessment_ai.html,,1,https://www.insource.co.jp/,/consulting/,/consulting/assessment_ai.html/,692,https://www.insource.co.jp/consulting/assessment_ai.html,2026-09-03T02:26:23.009517+00:00,
https://www.insource.co.jp/hierarchy-newcomer/8-skill.html,新人８大スキルアセスメント～新人に求められる８大スキルを分析・可視化するサービス:研修会社インソース～講師派遣研修／公開講座の研修,,200,text/html; charset=UTF-8,https://www.insource.co.jp/hierarchy-newcomer/8-skill.html,,1,https://www.insource.co.jp/,/hierarchy-newcomer/,/hierarchy-newcomer/8-skill.html/,692,https://www.insource.co.jp/hierarchy-newcomer/8-skill.html,2026-09-03T02:26:24.490587+00:00,
https://www.insource.co.jp/set/sales/assessment.html,営業スキルアセスメント～「営業力」を分解して可視化し、営業職の教育効果を高める:現場で使える研修ならインソース,,200,text/html; charset=UTF-8,https://www.insource.co.jp/set/sales/assessment.html,,1,https://www.insource.co.jp/,/set/,/set/sales/,646,https://www.insource.co.jp/set/sales/assessment.html,2026-09-03T02:26:25.979322+00:00,
https://www.insource.co.jp/consulting/assessment_logical_thinking.html,論理的思考アセスメント:研修会社インソース～講師派遣研修／公開講座の研修,,200,text/html; charset=UTF-8,https://www.insource.co.jp/consulting/assessment_logical_thinking.html,,1,https://www.insource.co.jp/,/consulting/,/consulting/assessment_logical_thinking.html/,634,https://www.insource.co.jp/consulting/assessment_logical_thinking.html,2026-09-03T02:26:27.410499+00:00,
https://www.insource.co.jp/consulting/assessment-engagement-diagnosis.html,エンゲージメント診断:研修会社インソース～講師派遣研修／公開講座の研修,,200,text/html; charset=UTF-8,https://www.insource.co.jp/consulting/assessment-engagement-diagnosis.html,,1,https://www.insource.co.jp/,/consulting/,/consulting/assessment-engagement-diagnosis.html/,658,https://www.insource.co.jp/consulting/assessment-engagement-diagnosis.html,2026-09-03T02:26:28.890515+00:00,
https://www.insource.co.jp/consulting/assessment-360-diagnosis.html,360度評価アセスメント:研修会社インソース～講師派遣研修／公開講座の研修,,200,text/html; charset=UTF-8,https://www.insource.co.jp/consulting/assessment-360-diagnosis.html,,1,https://www.insource.co.jp/,/consulting/,/consulting/assessment-360-diagnosis.html/,26,https://www.insource.co.jp/consulting/assessment-360-diagnosis.html,2026-09-03T02:26:30.339370+00:00,
https://www.insource.co.jp/consulting/assessment-manager.html,管理職向け意識調査:研修会社インソース～講師派遣研修／公開講座の研修,,200,text/html; charset=UTF-8,https://www.insource.co.jp/consulting/assessment-manager.html,,1,https://www.insource.co.jp/,/consulting/,/consulting/assessment-manager.html/,658,https://www.insource.co.jp/consulting/assessment-manager.html,2026-09-03T02:26:31.155897+00:00,
https://www.insource.co.jp/kanrisyoku/assessment_top.html,アセッサー（評価者）派遣型研修～研修を通じた昇格アセスメント:現場で使える研修ならインソース,アセッサー（評価者）派遣型研修～研修を通じた昇格アセスメント | 現場で使える研修ならインソース,200,text/html; charset=UTF-8,https://www.insource.co.jp/kanrisyoku/assessment_top.html,,1,https://www.insource.co.jp/,/kanrisyoku/,/kanrisyoku/assessment_top.html/,757,https://www.insource.co.jp/kanrisyoku/assessment_top.html,2026-09-03T02:26:32.601939+00:00,
https://www.insource.co.jp/consulting/document-correct-service.html,文書添削サービス:研修会社インソース～講師派遣研修／公開講座の研修,,200,text/html; charset=UTF-8,https://www.insource.co.jp/consulting/document-correct-service.html,,1,https://www.insource.co.jp/,/consulting/,/consulting/document-correct-service.html/,23,https://www.insource.co.jp/consulting/document-correct-service.html,2026-09-03T02:26:34.156736+00:00,
https://www.insource.co.jp/consulting/assessment_it_literacy.html,ＩＴ基礎スキル診断:研修会社インソース～講師派遣研修／公開講座の研修,,200,text/html; charset=UTF-8,https://www.insource.co.jp/consulting/assessment_it_literacy.html,,1,https://www.insource.co.jp/,/consulting/,/consulting/assessment_it_literacy.html/,645,https://www.insource.co.jp/consulting/assessment_it_literacy.html,2026-09-03T02:26:34.948584+00:00,
https://www.insource.co.jp/consulting/fl_literacy.html,金融・生活 リテラシーアセスメント:研修会社インソース～講師派遣研修／公開講座の研修,,200,text/html; charset=UTF-8,https://www.insource.co.jp/consulting/fl_literacy.html,,1,https://www.insource.co.jp/,/consulting/,/consulting/fl_literacy.html/,694,https://www.insource.co.jp/consulting/fl_literacy.html,2026-09-03T02:26:36.441250+00:00,
https://www.insource.co.jp/consulting/consulting-mid-cs-top.html,ＣＳ調査サービス:研修会社インソース～講師派遣研修／公開講座の研修,,200,text/html; charset=UTF-8,https://www.insource.co.jp/consulting/consulting-mid-cs-top.html,,1,https://www.insource.co.jp/,/consulting/,/consulting/consulting-mid-cs-top.html/,720,https://www.insource.co.jp/consulting/consulting-mid-cs-top.html,2026-09-03T02:26:37.927264+00:00,
https://www.insource.co.jp/consulting/assessment_harassment_risk.html,ハラスメントリスクアセスメント:研修会社インソース～講師派遣研修／公開講座の研修,,200,text/html; charset=UTF-8,https://www.insource.co.jp/consulting/assessment_harassment_risk.html,,1,https://www.insource.co.jp/,/consulting/,/consulting/assessment_harassment_risk.html/,26,https://www.insource.co.jp/consulting/assessment_harassment_risk.html,2026-09-03T02:26:39.412454+00:00,
https://www.insource.co.jp/consulting/assessment_scandal_risk.html,不正リスクアセスメント付き ワークショップ:研修会社インソース～講師派遣研修／公開講座の研修,,200,text/html; charset=UTF-8,https://www.insource.co.jp/consulting/assessment_scandal_risk.html,,1,https://www.insource.co.jp/,/consulting/,/consulting/assessment_scandal_risk.html/,64,https://www.insource.co.jp/consulting/assessment_scandal_risk.html,2026-09-03T02:26:40.229356+00:00,
https://www.insource.co.jp/set/giraffe-assessment.html,一人ひとりの特性と組織全体の傾向を「見える化」giraffeアセスメント:現場で使える研修ならインソース,,200,text/html; charset=UTF-8,https://www.insource.co.jp/set/giraffe-assessment.html,,1,https://www.insource.co.jp/,/set/,/set/giraffe-assessment.html/,664,https://www.insource.co.jp/set/giraffe-assessment.html,2026-09-03T02:26:41.099432+00:00,
https://www.insource.co.jp/consulting/assessment_order-made.html,オーダーメイド・アセスメント:研修会社インソース～講師派遣研修／公開講座の研修,,200,text/html; charset=UTF-8,https://www.insource.co.jp/consulting/assessment_order-made.html,,1,https://www.insource.co.jp/,/consulting/,/consulting/assessment_order-made.html/,645,https://www.insource.co.jp/consulting/assessment_order-made.html,2026-09-03T02:26:42.605181+00:00,
https://www.insource.co.jp/package/index.html,コア・ソリューションプラン:現場で使える研修ならインソース,,200,text/html; charset=UTF-8,https://www.insource.co.jp/package/index.html,,1,https://www.insource.co.jp/,/package/,/package/index.html/,38,https://www.insource.co.jp/package/index.html,2026-09-03T02:26:44.043613+00:00,
https://www.insource.co.jp/set/education_plannning_revise.html,教育体系・研修体系見直しサービス:現場で使える研修ならインソース,,200,text/html; charset=UTF-8,https://www.insource.co.jp/set/education_plannning_revise.html,,1,https://www.insource.co.jp/,/set/,/set/education_plannning_revise.html/,636,https://www.insource.co.jp/set/education_plannning_revise.html,2026-09-03T02:26:45.029637+00:00,
https://www.insource.co.jp/set/kanrisyoku/hyokasyakokasya/competency.html,コンピテンシーモデル構築支援:現場で使える研修ならインソース,コンピテンシーモデル構築支援,200,text/html; charset=UTF-8,https://www.insource.co.jp/set/kanrisyoku/hyokasyakokasya/competency.html,,1,https://www.insource.co.jp/,/set/,/set/kanrisyoku/,655,https://www.insource.co.jp/set/kanrisyoku/hyokasyakokasya/competency.html,2026-09-03T02:26:46.429818+00:00,
https://www.insource.co.jp/consulting/jinji.html,人事評価制度構築 - 株式会社インソース,人事評価制度構築,200,text/html; charset=UTF-8,https://www.insource.co.jp/consulting/jinji.html,,1,https://www.insource.co.jp/,/consulting/,/consulting/jinji.html/,674,https://www.insource.co.jp/consulting/jinji.html,2026-09-03T02:26:47.906583+00:00,
https://www.insource.co.jp/penetration-of-philosophy/index.html,"理念浸透 - 社員研修,教育 職員研修 人材育成ならインソース",,200,text/html; charset=UTF-8,https://www.insource.co.jp/penetration-of-philosophy/index.html,,1,https://www.insource.co.jp/,/penetration-of-philosophy/,/penetration-of-philosophy/index.html/,635,https://www.insource.co.jp/penetration-of-philosophy/index.html,2026-09-03T02:26:49.344646+00:00,
https://www.insource.co.jp/intern-bus/index.html,INTERN BUS(インターンバス) | 情報一覧 | インソースが提供するインターン情報誌| 株式会社インソース,,200,text/html; charset=UTF-8,https://www.insource.co.jp/intern-bus/index.html,,1,https://www.insource.co.jp/,/intern-bus/,/intern-bus/index.html/,20,https://www.insource.co.jp/intern-bus/index.html,2026-09-03T02:26:50.732859+00:00,
https://www.insource.co.jp/bunsho/manual_top.html,マニュアル作成研修 | 現場で使える研修ならインソース,マニュアル作成研修 | 現場で使える研修ならインソース,200,text/html; charset=UTF-8,https://www.insource.co.jp/bunsho/manual_top.html,,1,https://www.insource.co.jp/,/bunsho/,/bunsho/manual_top.html/,803,https://www.insource.co.jp/bunsho/manual_top.html,2026-09-03T02:26:51.514243+00:00,
https://www.insource.co.jp/dougahyakkaten/manual_video.html,動画百貨店 Re・デザインサービス～社内のマニュアルや資料・動画を美しくバージョンアップ:eラーニング・動画教材での研修もインソース,,200,text/html; charset=UTF-8,https://www.insource.co.jp/dougahyakkaten/manual_video.html,,1,https://www.insource.co.jp/,/dougahyakkaten/,/dougahyakkaten/manual_video.html/,22,https://www.insource.co.jp/dougahyakkaten/manual_video.html,2026-09-03T02:26:53.134186+00:00,
https://www.insource.co.jp/recruitment-support-service/recruitment_personnel_interview.html,"人事面談代行サービス - 社員研修,教育 職員研修 人材育成ならインソース",Service 人事面談代行サービス,200,text/html; charset=UTF-8,https://www.insource.co.jp/recruitment-support-service/recruitment_personnel_interview.html,,1,https://www.insource.co.jp/,/recruitment-support-service/,/recruitment-support-service/recruitment_personnel_interview.html/,633,https://www.insource.co.jp/recruitment-support-service/recruitment_personnel_interview.html,2026-09-03T02:26:53.915437+00:00,
https://www.insource.co.jp/grasys-detail/index.html,IDカード専用プリンタ「GRASYS」 - 株式会社インソース,,200,text/html; charset=UTF-8,https://www.insource.co.jp/grasys-detail/,,1,https://www.insource.co.jp/,/grasys-detail/,/grasys-detail/index.html/,624,https://www.insource.co.jp/grasys-detail/index.html,2026-09-03T02:26:55.463491+00:00,
https://www.insource.co.jp/new-service-lineup/hr-prime.html,LINEを使った採用管理ツール HR PRIME:研修会社インソース～講師派遣研修／公開講座の研修,,200,text/html; charset=UTF-8,https://www.insource.co.jp/new-service-lineup/hr-prime.html,,1,https://www.insource.co.jp/,/new-service-lineup/,/new-service-lineup/hr-prime.html/,656,https://www.insource.co.jp/new-service-lineup/hr-prime.html,2026-09-03T02:26:56.896297+00:00,
https://www.insource.co.jp/it-tool/leaf-lightning-top.html,全ての教育がこの一本で完結 Leaf Lightning（リーフライトニング） ～多機能・マルチデバイスLMS,※1 累積のユーザー数ではなく、現在ご利用中のユーザーアカウント数のみを集計した数値です。 ※2 調査方法 WEB上に情報公開されているLMSに関する機能の数を調査、比較/調査範囲 日本国内でサービス提供されているLMS101件 2024年4月 ※3 AIオプションを使用しない場合は、一切のAI機能の影響を受けることはありません ※ 一般社団法人日本クラウド産業協会（ASPIC）主催 第18回「ASPICクラウドアワード2024」基幹業務系ASP・SaaS部門にて「経営改革貢献賞」を受賞,200,text/html; charset=UTF-8,https://www.insource.co.jp/it-tool/leaf-lightning-top.html,,1,https://www.insource.co.jp/,/it-tool/,/it-tool/leaf-lightning-top.html/,655,https://www.insource.co.jp/it-tool/leaf-lightning-top.html,2026-09-03T02:26:58.298344+00:00,
https://www.insource.co.jp/it-tool/leaf_lightning_studio.html,定額制eラーニング視聴サービス Leaf Lightning STUDIO,,200,text/html; charset=UTF-8,https://www.insource.co.jp/it-tool/leaf_lightning_studio.html,,1,https://www.insource.co.jp/,/it-tool/,/it-tool/leaf_lightning_studio.html/,719,https://www.insource.co.jp/it-tool/leaf_lightning_studio.html,2026-09-03T02:26:59.770226+00:00,
https://www.insource.co.jp/it-tool/leaf-inorder.html,eラーニング大量配信サービス Leaf inorder（リーフインオーダー）,,200,text/html; charset=UTF-8,https://www.insource.co.jp/it-tool/leaf-inorder.html,,1,https://www.insource.co.jp/,/it-tool/,/it-tool/leaf-inorder.html/,27,https://www.insource.co.jp/it-tool/leaf-inorder.html,2026-09-03T02:27:01.249473+00:00,
https://www.insource.co.jp/it-tool/option-display-custom.html,Leaf 人事評価システム～今の評価制度そのままWEB化 | 人事サポートシステム・LMS「Leafシリーズ」,,200,text/html; charset=UTF-8,https://www.insource.co.jp/it-tool/option-display-custom.html,,1,https://www.insource.co.jp/,/it-tool/,/it-tool/option-display-custom.html/,34,https://www.insource.co.jp/it-tool/option-display-custom.html,2026-09-03T02:27:02.061367+00:00,
https://www.insource.co.jp/it-tool/leaf-eva.html,かんたん人事評価システム Leaf Eva（リーフ エヴァ）,,200,text/html; charset=UTF-8,https://www.insource.co.jp/it-tool/leaf-eva.html,,1,https://www.insource.co.jp/,/it-tool/,/it-tool/leaf-eva.html/,653,https://www.insource.co.jp/it-tool/leaf-eva.html,2026-09-03T02:27:02.888879+00:00,
https://www.insource.co.jp/it-tool/leaf-wellness.html,Leaf wellness～健診結果管理システム×ヘルスケアコンテンツ,,200,text/html; charset=UTF-8,https://www.insource.co.jp/it-tool/leaf-wellness.html,,1,https://www.insource.co.jp/,/it-tool/,/it-tool/leaf-wellness.html/,664,https://www.insource.co.jp/it-tool/leaf-wellness.html,2026-09-03T02:27:04.313531+00:00,
https://www.insource.co.jp/kyoiku/newrelease_flash.html,速報新作研修:現場で使える研修ならインソース,,200,text/html; charset=UTF-8,https://www.insource.co.jp/kyoiku/newrelease_flash.html,,1,https://www.insource.co.jp/,/kyoiku/,/kyoiku/newrelease_flash.html/,1035,https://www.insource.co.jp/kyoiku/newrelease_flash.html,2026-09-03T02:27:05.788193+00:00,
https://www.insource.co.jp/monchamp/index.html,mon champ モンシャン | 障がい者福祉のオンラインショップ - 株式会社インソース,,200,text/html; charset=UTF-8,https://www.insource.co.jp/monchamp/index.html,,1,https://www.insource.co.jp/,/monchamp/,/monchamp/index.html/,22,https://www.insource.co.jp/monchamp/index.html,2026-09-03T02:27:08.363158+00:00,
https://www.insource.co.jp/contact/index.html,お問合せフォーム - 株式会社インソース,,200,text/html; charset=UTF-8,,,1,https://www.insource.co.jp/,/contact/,/contact/index.html/,17,https://www.insource.co.jp/contact/index.html,2026-09-03T02:27:09.133261+00:00,
https://www.insource.co.jp/gaiyo/news26083101.html,"2026.08.31 「動画教材セットプラン」全50プランを８月から提供開始 ～単品購入よりお得に、生成AI活用・法令知識など幅広い学習ニーズに対応 - 社員研修,教育 職員研修 人材育成ならインソース",「動画教材セットプラン」全50プランを８月から提供開始 ～単品購入よりお得に、生成AI活用・法令知識など幅広い学習ニーズに対応,200,text/html; charset=UTF-8,https://www.insource.co.jp/gaiyo/news26083101.html,,1,https://www.insource.co.jp/,/gaiyo/,/gaiyo/news26083101.html/,632,https://www.insource.co.jp/gaiyo/news26083101.html,2026-09-03T02:27:09.881555+00:00,
https://www.insource.co.jp/gaiyo/news26082101.html,"2026.08.21 東京藝大美術学部共催「アート・デザインをビジネスに活かす」公開講座、第３期開催 ～経営・マネジメント層向けを新設、全５種を11月より展開 - 社員研修,教育 職員研修 人材育成ならインソース",東京藝大美術学部共催「アート・デザインをビジネスに活かす」公開講座、第３期開催 ～経営・マネジメント層向けを新設、全５種を11月より展開,200,text/html; charset=UTF-8,https://www.insource.co.jp/gaiyo/news26082101.html,,1,https://www.insource.co.jp/,/gaiyo/,/gaiyo/news26082101.html/,650,https://www.insource.co.jp/gaiyo/news26082101.html,2026-09-03T02:27:11.266086+00:00,
https://www.insource.co.jp/gaiyo/news26081901.html,"2026.08.19 「不登校の子どもの保護者における仕事と育児の両立支援の実態調査」結果を発表 ～人事に相談した社員の離職傾向は4.8％ 職場環境整備に課題～ - 社員研修,教育 職員研修 人材育成ならインソース",「不登校の子どもの保護者における仕事と育児の両立支援の実態調査」結果を発表 ～人事に相談した社員の離職傾向は4.8％ 職場環境整備に課題～,200,text/html; charset=UTF-8,https://www.insource.co.jp/gaiyo/news26081901.html,,1,https://www.insource.co.jp/,/gaiyo/,/gaiyo/news26081901.html/,618,https://www.insource.co.jp/gaiyo/news26081901.html,2026-09-03T02:27:12.751060+00:00,
https://www.insource.co.jp/gaiyo/news26081201.html,"2026.08.12 神戸大学への奨学寄付金のお知らせ ～研究者を目指す学生を対象に給付、将来を担う人材の育成に寄与 - 社員研修,教育 職員研修 人材育成ならインソース",神戸大学への奨学寄付金のお知らせ ～研究者を目指す学生を対象に給付、将来を担う人材の育成に寄与,200,text/html; charset=UTF-8,https://www.insource.co.jp/gaiyo/news26081201.html,,1,https://www.insource.co.jp/,/gaiyo/,/gaiyo/news26081201.html/,696,https://www.insource.co.jp/gaiyo/news26081201.html,2026-09-03T02:27:14.122654+00:00,
https://www.insource.co.jp/gaiyo/news26080701.html,"2026.08.07 西部ガスホールディングス様のDX選抜人財育成をご支援 ～DXプロジェクトリーダ―向けにDXプロジェクトの企画・推進に必要なスキル習得研修をご提供 - 社員研修,教育 職員研修 人材育成ならインソース",西部ガスホールディングス様のDX選抜人財育成をご支援 ～DXプロジェクトリーダ―向けにDXプロジェクトの企画・推進に必要なスキル習得研修をご提供,200,text/html; charset=UTF-8,https://www.insource.co.jp/gaiyo/news26080701.html,,1,https://www.insource.co.jp/,/gaiyo/,/gaiyo/news26080701.html/,607,https://www.insource.co.jp/gaiyo/news26080701.html,2026-09-03T02:27:15.570231+00:00,
https://www.insource.co.jp/gaiyo/news26073101.html,"2026.07.31 毎日新聞（WEB）に、インソース総合研究所が公開した「子どもの不登校を理由とする保護者の離職がもたらす経済的影響に関する提言レポート」に関する記事が掲載 - 社員研修,教育 職員研修 人材育成ならインソース",毎日新聞（WEB）に、インソース総合研究所が公開した「子どもの不登校を理由とする保護者の離職がもたらす経済的影響に関する提言レポート」に関する記事が掲載,200,text/html; charset=UTF-8,https://www.insource.co.jp/gaiyo/news26073101.html,,1,https://www.insource.co.jp/,/gaiyo/,/gaiyo/news26073101.html/,623,https://www.insource.co.jp/gaiyo/news26073101.html,2026-09-03T02:27:16.928939+00:00,
https://www.insource.co.jp/gaiyo/news26072901.html,"2026.07.29 不登校児童生徒の保護者の離職による経済損失額は4,972億円と推計 ～人事への相談促進で損失額1,701億円の縮小余地～ - 社員研修,教育 職員研修 人材育成ならインソース","不登校児童生徒の保護者の離職による経済損失額は4,972億円と推計 ～人事への相談促進で損失額1,701億円の縮小余地～",200,text/html; charset=UTF-8,https://www.insource.co.jp/gaiyo/news26072901.html,,1,https://www.insource.co.jp/,/gaiyo/,/gaiyo/news26072901.html/,661,https://www.insource.co.jp/gaiyo/news26072901.html,2026-09-03T02:27:18.303172+00:00,
https://www.insource.co.jp/gaiyo/news26072701.html,"2026.07.27 不登校問題から考える仕事と子育ての両立支援研修を10月に開催 ～東京学芸大学との産学連携で、「不登校」による従業員の離職リスクに挑む - 社員研修,教育 職員研修 人材育成ならインソース",不登校問題から考える仕事と子育ての両立支援研修を10月に開催 ～東京学芸大学との産学連携で、「不登校」による従業員の離職リスクに挑む,200,text/html; charset=UTF-8,https://www.insource.co.jp/gaiyo/news26072701.html,,1,https://www.insource.co.jp/,/gaiyo/,/gaiyo/news26072701.html/,635,https://www.insource.co.jp/gaiyo/news26072701.html,2026-09-03T02:27:19.716861+00:00,
https://www.insource.co.jp/gaiyo/news26072401.html,"2026.07.24 福祉団体支援ブランド「mon champ（モンシャン）」価格改定のお知らせ ～８月17日（月）より一部商品を値上げいたします - 社員研修,教育 職員研修 人材育成ならインソース",福祉団体支援ブランド「mon champ（モンシャン）」価格改定のお知らせ ～８月17日（月）より一部商品を値上げいたします,200,text/html; charset=UTF-8,https://www.insource.co.jp/gaiyo/news26072401.html,,1,https://www.insource.co.jp/,/gaiyo/,/gaiyo/news26072401.html/,26,https://www.insource.co.jp/gaiyo/news26072401.html,2026-09-03T02:27:21.104279+00:00,
https://www.insource.co.jp/gaiyo/news26072202.html,"2026.07.22 ミス報告の徹底でリスクを予防する研修を２本開発 ～上司・部下双方に受講できる研修として、2026年９月から公開講座開始～ - 社員研修,教育 職員研修 人材育成ならインソース",ミス報告の徹底でリスクを予防する研修を２本開発 ～上司・部下双方に受講できる研修として、2026年９月から公開講座開始～,200,text/html; charset=UTF-8,https://www.insource.co.jp/gaiyo/news26072202.html,,1,https://www.insource.co.jp/,/gaiyo/,/gaiyo/news26072202.html/,23,https://www.insource.co.jp/gaiyo/news26072202.html,2026-09-03T02:27:21.881188+00:00,
https://www.insource.co.jp/gaiyo/news26090101.html,"2026.09.01 2026年８月度KPI（業績指標）進捗状況 - 社員研修,教育 職員研修 人材育成ならインソース",2026年８月度KPI（業績指標）進捗状況,200,text/html; charset=UTF-8,https://www.insource.co.jp/gaiyo/news26090101.html,,1,https://www.insource.co.jp/,/gaiyo/,/gaiyo/news26090101.html/,29,https://www.insource.co.jp/gaiyo/news26090101.html,2026-09-03T02:27:22.656173+00:00,
https://www.insource.co.jp/gaiyo/news26080702.html,"2026.08.07 自己株式の取得状況および取得終了ならびに自己株式の消却に関するお知らせ - 社員研修,教育 職員研修 人材育成ならインソース",自己株式の取得状況および取得終了ならびに自己株式の消却に関するお知らせ,200,text/html; charset=UTF-8,https://www.insource.co.jp/gaiyo/news26080702.html,,1,https://www.insource.co.jp/,/gaiyo/,/gaiyo/news26080702.html/,662,https://www.insource.co.jp/gaiyo/news26080702.html,2026-09-03T02:27:23.457802+00:00,
https://www.insource.co.jp/gaiyo/news26080401.html,"2026.08.04 【訂正とお詫び】「自己株式の取得状況に関するお知らせ」の数値訂正について - 社員研修,教育 職員研修 人材育成ならインソース",【訂正とお詫び】「自己株式の取得状況に関するお知らせ」の数値訂正について,200,text/html; charset=UTF-8,https://www.insource.co.jp/gaiyo/news26080401.html,,1,https://www.insource.co.jp/,/gaiyo/,/gaiyo/news26080401.html/,697,https://www.insource.co.jp/gaiyo/news26080401.html,2026-09-03T02:27:24.930923+00:00,
https://www.insource.co.jp/gaiyo/news26080303.html,"2026.08.03 人事異動及び執行役員の辞任に関するお知らせ - 社員研修,教育 職員研修 人材育成ならインソース",人事異動及び執行役員の辞任に関するお知らせ,200,text/html; charset=UTF-8,https://www.insource.co.jp/gaiyo/news26080303.html,,1,https://www.insource.co.jp/,/gaiyo/,/gaiyo/news26080303.html/,677,https://www.insource.co.jp/gaiyo/news26080303.html,2026-09-03T02:27:26.378802+00:00,
https://www.insource.co.jp/gaiyo/news26080302.html,"2026.08.03 【訂正版】自己株式の取得状況に関するお知らせ（会社法第165条第２項の規定による定款の定めに基づく自己株式の取得） - 社員研修,教育 職員研修 人材育成ならインソース",【訂正版】自己株式の取得状況に関するお知らせ（会社法第165条第２項の規定による定款の定めに基づく自己株式の取得）,200,text/html; charset=UTF-8,https://www.insource.co.jp/gaiyo/news26080302.html,,1,https://www.insource.co.jp/,/gaiyo/,/gaiyo/news26080302.html/,616,https://www.insource.co.jp/gaiyo/news26080302.html,2026-09-03T02:27:27.807874+00:00,
https://www.insource.co.jp/gaiyo/news26080301.html,"2026.08.03 2026年７月度KPI（業績指標）進捗状況 - 社員研修,教育 職員研修 人材育成ならインソース",2026年７月度KPI（業績指標）進捗状況,200,text/html; charset=UTF-8,https://www.insource.co.jp/gaiyo/news26080301.html,,1,https://www.insource.co.jp/,/gaiyo/,/gaiyo/news26080301.html/,689,https://www.insource.co.jp/gaiyo/news26080301.html,2026-09-03T02:27:29.177088+00:00,
https://www.insource.co.jp/gaiyo/news26072105.html,"2026.07.22 2026年９月期 第３四半期 決算に関する補足データのお知らせ - 社員研修,教育 職員研修 人材育成ならインソース",2026年９月期 第３四半期 決算に関する補足データのお知らせ,200,text/html; charset=UTF-8,https://www.insource.co.jp/gaiyo/news26072105.html,,1,https://www.insource.co.jp/,/gaiyo/,/gaiyo/news26072105.html/,696,https://www.insource.co.jp/gaiyo/news26072105.html,2026-09-03T02:27:30.639582+00:00,
https://www.insource.co.jp/gaiyo/news26072104.html,"2026.07.21 2026年９月期 第３四半期決算に関するお知らせ - 社員研修,教育 職員研修 人材育成ならインソース",2026年９月期 第３四半期決算に関するお知らせ,200,text/html; charset=UTF-8,https://www.insource.co.jp/gaiyo/news26072104.html,,1,https://www.insource.co.jp/,/gaiyo/,/gaiyo/news26072104.html/,691,https://www.insource.co.jp/gaiyo/news26072104.html,2026-09-03T02:27:32.084676+00:00,
https://www.insource.co.jp/gaiyo/news26072103.html,"2026.07.21 2026年９月期 第３四半期決算短信〔日本基準〕（連結）のお知らせ - 社員研修,教育 職員研修 人材育成ならインソース",2026年９月期 第３四半期決算短信〔日本基準〕（連結）のお知らせ,200,text/html; charset=UTF-8,https://www.insource.co.jp/gaiyo/news26072103.html,,1,https://www.insource.co.jp/,/gaiyo/,/gaiyo/news26072103.html/,719,https://www.insource.co.jp/gaiyo/news26072103.html,2026-09-03T02:27:33.525633+00:00,
https://www.insource.co.jp/gaiyo/news26072102.html,"2026.07.21 配当予想の修正（東京証券取引所上場10 周年記念配当）に関するお知らせ - 社員研修,教育 職員研修 人材育成ならインソース",配当予想の修正（東京証券取引所上場10 周年記念配当）に関するお知らせ,200,text/html; charset=UTF-8,https://www.insource.co.jp/gaiyo/news26072102.html,,1,https://www.insource.co.jp/,/gaiyo/,/gaiyo/news26072102.html/,626,https://www.insource.co.jp/gaiyo/news26072102.html,2026-09-03T02:27:34.994391+00:00,
https://www.insource.co.jp/gaiyo/news2026.html,"２０２６年９月期 ２０２５年９月期ニュース - 社員研修,教育 職員研修 人材育成ならインソース",２０２６年９月期ニュースリリース,200,text/html; charset=UTF-8,https://www.insource.co.jp/gaiyo/news2026.html,,1,https://www.insource.co.jp/,/gaiyo/,/gaiyo/news2026.html/,31,https://www.insource.co.jp/gaiyo/news2026.html,2026-09-03T02:27:36.371190+00:00,
https://www.insource.co.jp/training-special/summer-campaign-ai.html,夏の自己研鑽キャンペーン:現場で使える研修ならインソース,,200,text/html; charset=UTF-8,https://www.insource.co.jp/training-special/summer-campaign-ai.html,,1,https://www.insource.co.jp/,/training-special/,/training-special/summer-campaign-ai.html/,652,https://www.insource.co.jp/training-special/summer-campaign-ai.html,2026-09-03T02:27:37.335352+00:00,
https://www.insource.co.jp/bup/bup_copilot-beginner.html,【研修セミナー公開講座】初心者限定！Copilotで基本操作から自業務特化ＡＩ作成まで学ぶ３日間集中コース- 株式会社インソース,初心者限定！Copilotで基本操作から自業務特化ＡＩ作成まで学ぶ３日間集中コース,200,text/html; charset=UTF-8,https://www.insource.co.jp/bup/bup_copilot-beginner.html,,1,https://www.insource.co.jp/,/bup/,/bup/bup_copilot-beginner.html/,1541,https://www.insource.co.jp/bup/bup_copilot-beginner.html,2026-09-03T02:27:38.757154+00:00,
https://www.insource.co.jp/bup/bup_gemini-intermediate.html,【研修セミナー公開講座】Gemini実践者向け！NotebookLM資料作成からGem構築まで学ぶ３日間集中コース- 株式会社インソース,Gemini実践者向け！NotebookLM資料作成からGem構築まで学ぶ３日間集中コース,200,text/html; charset=UTF-8,https://www.insource.co.jp/bup/bup_gemini-intermediate.html,,1,https://www.insource.co.jp/,/bup/,/bup/bup_gemini-intermediate.html/,1606,https://www.insource.co.jp/bup/bup_gemini-intermediate.html,2026-09-03T02:27:41.169910+00:00,
https://www.insource.co.jp/bup/bup_chatgpt-intermediate.html,【研修セミナー公開講座】ChatGPT実践者向け！応用プロンプトからExcelマクロ作成まで学ぶ３日間集中コース- 株式会社インソース,ChatGPT実践者向け！応用プロンプトからExcelマクロ作成まで学ぶ３日間集中コース,200,text/html; charset=UTF-8,https://www.insource.co.jp/bup/bup_chatgpt-intermediate.html,,1,https://www.insource.co.jp/,/bup/,/bup/bup_chatgpt-intermediate.html/,1617,https://www.insource.co.jp/bup/bup_chatgpt-intermediate.html,2026-09-03T02:27:43.698675+00:00,
https://www.insource.co.jp/bup/bup_young-employee-development.html,【研修セミナー公開講座】現代の若手の育て方研修～ヨコの関係強化で成長実感を高める- 株式会社インソース,現代の若手の育て方研修～ヨコの関係強化で成長実感を高める,200,text/html; charset=UTF-8,https://www.insource.co.jp/bup/bup_young-employee-development.html,,1,https://www.insource.co.jp/,/bup/,/bup/bup_young-employee-development.html/,1934,https://www.insource.co.jp/bup/bup_young-employee-development.html,2026-09-03T02:27:46.187087+00:00,
https://www.insource.co.jp/bup/insuppli_teamleader.html,【研修セミナー公開講座】チームマネジメント研修～仕組み作りと推進力を学ぶ- 株式会社インソース,チームマネジメント研修～仕組み作りと推進力を学ぶ,200,text/html; charset=UTF-8,https://www.insource.co.jp/bup/insuppli_teamleader.html,,1,https://www.insource.co.jp/,/bup/,/bup/insuppli_teamleader.html/,2084,https://www.insource.co.jp/bup/insuppli_teamleader.html,2026-09-03T02:27:49.060161+00:00,
https://www.insource.co.jp/bup/choseiryoku.html,【研修セミナー公開講座】調整力発揮研修～多様な関係者を動かし、仕事を円滑化する- 株式会社インソース,調整力発揮研修～多様な関係者を動かし、仕事を円滑化する,200,text/html; charset=UTF-8,https://www.insource.co.jp/bup/choseiryoku.html,,1,https://www.insource.co.jp/,/bup/,/bup/choseiryoku.html/,47,https://www.insource.co.jp/bup/choseiryoku.html,2026-09-03T02:27:52.147179+00:00,
https://www.insource.co.jp/bup/one-person-promise-seminar.html,１名でもお申込みがあれば開催をお約束「開催お約束講座」―１名から参加できる研修の会社インソース,,200,text/html; charset=UTF-8,https://www.insource.co.jp/bup/one-person-promise-seminar.html,,1,https://www.insource.co.jp/,/bup/,/bup/one-person-promise-seminar.html/,617,https://www.insource.co.jp/bup/one-person-promise-seminar.html,2026-09-03T02:27:53.170676+00:00,
https://www.insource.co.jp/bup/bup_ai-web-marketing.html,"【研修セミナー公開講座】生成ＡＩを味方にするWebマーケティング戦略とAIO・LLMO対応記事作成術～年間6,000件の問合せを獲得する、インソース流のWeb開発- 株式会社インソース","生成ＡＩを味方にするWebマーケティング戦略とAIO・LLMO対応記事作成術～年間6,000件の問合せを獲得する、インソース流のWeb開発",200,text/html; charset=UTF-8,https://www.insource.co.jp/bup/bup_ai-web-marketing.html,,1,https://www.insource.co.jp/,/bup/,/bup/bup_ai-web-marketing.html/,1696,https://www.insource.co.jp/bup/bup_ai-web-marketing.html,2026-09-03T02:27:54.616698+00:00,
https://www.insource.co.jp/intern-bus/service_top.html,インターンバス| 株式会社インソース,,200,text/html; charset=UTF-8,https://www.insource.co.jp/intern-bus/service_top.html,,1,https://www.insource.co.jp/,/intern-bus/,/intern-bus/service_top.html/,695,https://www.insource.co.jp/intern-bus/service_top.html,2026-09-03T02:27:57.191927+00:00,
https://www.insource.co.jp/kenshu/big_c2.html,大企業向け研修 | 現場で使える研修ならインソース,大企業向け研修 | 現場で使える研修ならインソース,200,text/html; charset=UTF-8,https://www.insource.co.jp/kenshu/big_c2.html,,1,https://www.insource.co.jp/,/kenshu/,/kenshu/big_c2.html/,36,https://www.insource.co.jp/kenshu/big_c2.html,2026-09-03T02:27:58.639073+00:00,
https://www.insource.co.jp/bup/new-manager.html,新任シリーズ～部長・次長・課長・係長・主任。新たな役割への意識転換―１名から参加できる研修の会社インソース,,200,text/html; charset=UTF-8,https://www.insource.co.jp/bup/new-manager.html,,1,https://www.insource.co.jp/,/bup/,/bup/new-manager.html/,676,https://www.insource.co.jp/bup/new-manager.html,2026-09-03T02:27:59.513519+00:00,
https://www.insource.co.jp/seminar/experienced-hires-strategy.html,【中途採用者向け教育を検討している方向け】ついに50％超え―中途採用者を早期に自走させる戦略的教育とは ～「即戦力神話」がもたらす期待値ギャップの解消のための３つのプログラム:研修会社インソース～講師派遣研修／公開講座の研修,,200,text/html; charset=UTF-8,https://www.insource.co.jp/seminar/experienced-hires-strategy.html,,1,https://www.insource.co.jp/,/seminar/,/seminar/experienced-hires-strategy.html/,648,https://www.insource.co.jp/seminar/experienced-hires-strategy.html,2026-09-03T02:28:00.992033+00:00,
https://www.insource.co.jp/bup/middle_ai.html,生成ＡＩ活用研修―１名から参加できる研修の会社インソース,生成ＡＩ活用研修 | 研修セミナー公開講座,200,text/html; charset=UTF-8,https://www.insource.co.jp/bup/middle_ai.html,,1,https://www.insource.co.jp/,/bup/,/bup/middle_ai.html/,31,https://www.insource.co.jp/bup/middle_ai.html,2026-09-03T02:28:02.461720+00:00,
https://www.insource.co.jp/seminar/kanrisyoku-theme-seminar.html,【管理職向け教育を検討している方向け】これからの管理職に求められる力とは ― 管理職研修の最新トレンド紹介:研修会社インソース～講師派遣研修／公開講座の研修,,200,text/html; charset=UTF-8,https://www.insource.co.jp/seminar/kanrisyoku-theme-seminar.html,,1,https://www.insource.co.jp/,/seminar/,/seminar/kanrisyoku-theme-seminar.html/,649,https://www.insource.co.jp/seminar/kanrisyoku-theme-seminar.html,2026-09-03T02:28:03.365812+00:00,
https://www.insource.co.jp/ihl/260713_ai-product.html,"「ＡＩが仕事を奪う」は、もう古い。教育会社だから分かった「ＡＩが働く人の成長を支える」～最新ＡＩサービス６選｜社員研修,教育 職員研修 人材育成ならインソース",「ＡＩが仕事を奪う」は、もう古い。教育会社だから分かった「ＡＩが働く人の成長を支える」～最新ＡＩサービス６選,200,text/html; charset=UTF-8,https://www.insource.co.jp/ihl/260713_ai-product.html,,1,https://www.insource.co.jp/,/ihl/,/ihl/260713_ai-product.html/,823,https://www.insource.co.jp/ihl/260713_ai-product.html,2026-09-03T02:28:04.786124+00:00,
https://www.insource.co.jp/new-service-lineup/ai-learning-companion.html,伴走型学習支援ツール「AI BOAT（アイボート）」～あらゆる社内教育を自動化させる、画期的な伴走型ＡＩドリルシステム:現場で使える研修ならインソース,,200,text/html; charset=UTF-8,https://www.insource.co.jp/new-service-lineup/ai-learning-companion.html,,1,https://www.insource.co.jp/,/new-service-lineup/,/new-service-lineup/ai-learning-companion.html/,707,https://www.insource.co.jp/new-service-lineup/ai-learning-companion.html,2026-09-03T02:28:06.387160+00:00,
https://www.insource.co.jp/kenshu/ai-transformation-top.html,ＡＸ（ＡＩトランスフォーメーション）研修 | 現場で使える研修ならインソース,ＡＸ（ＡＩトランスフォーメーション）研修 | 現場で使える研修ならインソース,200,text/html; charset=UTF-8,https://www.insource.co.jp/kenshu/ai-transformation-top.html,,1,https://www.insource.co.jp/,/kenshu/,/kenshu/ai-transformation-top.html/,775,https://www.insource.co.jp/kenshu/ai-transformation-top.html,2026-09-03T02:28:07.861494+00:00,
https://www.insource.co.jp/bup/bup_forward-deployed-consultant.html,【研修セミナー公開講座】Forward Deployed型コンサルタント養成研修- 株式会社インソース,Forward Deployed型コンサルタント養成研修,200,text/html; charset=UTF-8,https://www.insource.co.jp/bup/bup_forward-deployed-consultant.html,,1,https://www.insource.co.jp/,/bup/,/bup/bup_forward-deployed-consultant.html/,1747,https://www.insource.co.jp/bup/bup_forward-deployed-consultant.html,2026-09-03T02:28:09.715301+00:00,
https://www.insource.co.jp/training-special/ai-business-skillup.html,「ＡＩと働く」研修シリーズ:現場で使える研修ならインソース,,200,text/html; charset=UTF-8,https://www.insource.co.jp/training-special/ai-business-skillup.html,,1,https://www.insource.co.jp/,/training-special/,/training-special/ai-business-skillup.html/,744,https://www.insource.co.jp/training-special/ai-business-skillup.html,2026-09-03T02:28:12.354482+00:00,
https://www.insource.co.jp/consulting/ai-adoption.html,全社ＡＩ活用コンサルティング～経営判断から現場の業務改善まで３つのフェーズでＡＸを自走化:現場で使える研修ならインソース,,200,text/html; charset=UTF-8,https://www.insource.co.jp/consulting/ai-adoption.html,,1,https://www.insource.co.jp/,/consulting/,/consulting/ai-adoption.html/,708,https://www.insource.co.jp/consulting/ai-adoption.html,2026-09-03T02:28:13.877467+00:00,
https://www.insource.co.jp/training-special/project-manager.html,プロマネ養成シリーズ:現場で使える研修ならインソース,,200,text/html; charset=UTF-8,https://www.insource.co.jp/training-special/project-manager.html,,1,https://www.insource.co.jp/,/training-special/,/training-special/project-manager.html/,683,https://www.insource.co.jp/training-special/project-manager.html,2026-09-03T02:28:15.343565+00:00,
https://www.insource.co.jp/kanrisyoku/leader_practical_education-top.html,リーダーのための実践教養研修 | 現場で使える研修ならインソース,リーダーのための実践教養研修 | 現場で使える研修ならインソース,200,text/html; charset=UTF-8,https://www.insource.co.jp/kanrisyoku/leader_practical_education-top.html,,1,https://www.insource.co.jp/,/kanrisyoku/,/kanrisyoku/leader_practical_education-top.html/,796,https://www.insource.co.jp/kanrisyoku/leader_practical_education-top.html,2026-09-03T02:28:16.841990+00:00,
https://www.insource.co.jp/bup/bup_reverse-guidance.html,【研修セミナー公開講座】放任しない部下指導研修～ルールと制約で若手の成長を促す- 株式会社インソース,放任しない部下指導研修～ルールと制約で若手の成長を促す,200,text/html; charset=UTF-8,https://www.insource.co.jp/bup/bup_reverse-guidance.html,,1,https://www.insource.co.jp/,/bup/,/bup/bup_reverse-guidance.html/,38,https://www.insource.co.jp/bup/bup_reverse-guidance.html,2026-09-03T02:28:18.441208+00:00,
https://www.insource.co.jp/bup/bup_resilient-leadership.html,【研修セミナー公開講座】＜熱意と覚悟のマインドセット＞逆境の中でのリーダーシップ研修- 株式会社インソース,＜熱意と覚悟のマインドセット＞逆境の中でのリーダーシップ研修,200,text/html; charset=UTF-8,https://www.insource.co.jp/bup/bup_resilient-leadership.html,,1,https://www.insource.co.jp/,/bup/,/bup/bup_resilient-leadership.html/,1750,https://www.insource.co.jp/bup/bup_resilient-leadership.html,2026-09-03T02:28:19.362504+00:00,
https://www.insource.co.jp/ihl/260515_pair_total_coordinate.html,"研修だけで終わらせない、受講後実践ガイド付！受講→ワークショップ→振り返りで学びを継続する組織へ｜社員研修,教育 職員研修 人材育成ならインソース",研修だけで終わらせない、受講後実践ガイド付！受講→ワークショップ→振り返りで学びを継続する組織へ,200,text/html; charset=UTF-8,https://www.insource.co.jp/ihl/260515_pair_total_coordinate.html,,1,https://www.insource.co.jp/,/ihl/,/ihl/260515_pair_total_coordinate.html/,1034,https://www.insource.co.jp/ihl/260515_pair_total_coordinate.html,2026-09-03T02:28:22.080375+00:00,
https://www.insource.co.jp/consulting/assessment-hierarchy-test-beginning-manager.html,階層別テスト 初級管理職:研修会社インソース～講師派遣研修／公開講座の研修,階層別テスト 初級管理職,200,text/html; charset=UTF-8,https://www.insource.co.jp/consulting/assessment-hierarchy-test-beginning-manager.html,,1,https://www.insource.co.jp/,/consulting/,/consulting/assessment-hierarchy-test-beginning-manager.html/,30,https://www.insource.co.jp/consulting/assessment-hierarchy-test-beginning-manager.html,2026-09-03T02:28:23.895644+00:00,
https://www.insource.co.jp/kenshu/communication_top.html,コミュニケーション研修 | 現場で使える研修ならインソース,コミュニケーション研修 | 現場で使える研修ならインソース,200,text/html; charset=UTF-8,https://www.insource.co.jp/kenshu/communication_top.html,,1,https://www.insource.co.jp/,/kenshu/,/kenshu/communication_top.html/,829,https://www.insource.co.jp/kenshu/communication_top.html,2026-09-03T02:28:24.726297+00:00,
https://www.insource.co.jp/bup/bup_communication-improvement.html,【研修セミナー公開講座】自己開示と面談力が決め手！職場のコミュニケーション改善研修- 株式会社インソース,自己開示と面談力が決め手！職場のコミュニケーション改善研修,200,text/html; charset=UTF-8,https://www.insource.co.jp/bup/bup_communication-improvement.html,,1,https://www.insource.co.jp/,/bup/,/bup/bup_communication-improvement.html/,1884,https://www.insource.co.jp/bup/bup_communication-improvement.html,2026-09-03T02:28:26.375520+00:00,
https://www.insource.co.jp/bup/bup_team-dialogue-integration.html,【研修セミナー公開講座】分断を乗り越える対話力研修～メンバーを複層的に捉え、チームを再統合する- 株式会社インソース,分断を乗り越える対話力研修～メンバーを複層的に捉え、チームを再統合する,200,text/html; charset=UTF-8,https://www.insource.co.jp/bup/bup_team-dialogue-integration.html,,1,https://www.insource.co.jp/,/bup/,/bup/bup_team-dialogue-integration.html/,1885,https://www.insource.co.jp/bup/bup_team-dialogue-integration.html,2026-09-03T02:28:29.226964+00:00,
https://www.insource.co.jp/training-special/practical-leader-communication.html,リーダーのためのコミュニケーション実践シリーズ:現場で使える研修ならインソース,,200,text/html; charset=UTF-8,https://www.insource.co.jp/training-special/practical-leader-communication.html,,1,https://www.insource.co.jp/,/training-special/,/training-special/practical-leader-communication.html/,25,https://www.insource.co.jp/training-special/practical-leader-communication.html,2026-09-03T02:28:32.026628+00:00,
https://www.insource.co.jp/bup/bup_manager-future-thinking.html,【研修セミナー公開講座】管理職向け発想力強化ワークショップ～生成ＡＩとＳＦ思考で未来を構想する- 株式会社インソース,管理職向け発想力強化ワークショップ～生成ＡＩとＳＦ思考で未来を構想する,200,text/html; charset=UTF-8,https://www.insource.co.jp/bup/bup_manager-future-thinking.html,,1,https://www.insource.co.jp/,/bup/,/bup/bup_manager-future-thinking.html/,1911,https://www.insource.co.jp/bup/bup_manager-future-thinking.html,2026-09-03T02:28:32.816667+00:00,
https://www.insource.co.jp/bup/business-humor.html,【研修セミナー公開講座】ビジネスユーモア発揮研修～「和ませ力」で社内外の味方を増やす- 株式会社インソース,ビジネスユーモア発揮研修～「和ませ力」で社内外の味方を増やす,200,text/html; charset=UTF-8,https://www.insource.co.jp/bup/business-humor.html,,1,https://www.insource.co.jp/,/bup/,/bup/business-humor.html/,1677,https://www.insource.co.jp/bup/business-humor.html,2026-09-03T02:28:35.733273+00:00,
https://www.insource.co.jp/bup/bup_clear-communication.html,【研修セミナー公開講座】分かった！と言わせる話し方研修～グライスの協調の原理に学ぶ- 株式会社インソース,分かった！と言わせる話し方研修～グライスの協調の原理に学ぶ,200,text/html; charset=UTF-8,https://www.insource.co.jp/bup/bup_clear-communication.html,,1,https://www.insource.co.jp/,/bup/,/bup/bup_clear-communication.html/,2026,https://www.insource.co.jp/bup/bup_clear-communication.html,2026-09-03T02:28:38.292896+00:00,
https://www.insource.co.jp/kenshu/ai-solution.html,生成ＡＩ研修 | 現場で使える研修ならインソース,生成ＡＩ研修 | 現場で使える研修ならインソース,200,text/html; charset=UTF-8,https://www.insource.co.jp/kenshu/ai-solution.html,,1,https://www.insource.co.jp/,/kenshu/,/kenshu/ai-solution.html/,61,https://www.insource.co.jp/kenshu/ai-solution.html,2026-09-03T02:28:41.221385+00:00,
https://www.insource.co.jp/kenshu/digital-transformation-top.html,ＤＸ（デジタルトランスフォーメーション）研修 | 現場で使える研修ならインソース,ＤＸ（デジタルトランスフォーメーション）研修 | 現場で使える研修ならインソース,200,text/html; charset=UTF-8,https://www.insource.co.jp/kenshu/digital-transformation-top.html,,1,https://www.insource.co.jp/,/kenshu/,/kenshu/digital-transformation-top.html/,939,https://www.insource.co.jp/kenshu/digital-transformation-top.html,2026-09-03T02:28:42.159485+00:00,
https://www.insource.co.jp/kenshu/teambuilding_top.html,チームビルディング研修 | 現場で使える研修ならインソース,チームビルディング研修 | 現場で使える研修ならインソース,200,text/html; charset=UTF-8,https://www.insource.co.jp/kenshu/teambuilding_top.html,,1,https://www.insource.co.jp/,/kenshu/,/kenshu/teambuilding_top.html/,781,https://www.insource.co.jp/kenshu/teambuilding_top.html,2026-09-03T02:28:43.940160+00:00,
https://www.insource.co.jp/shinjin/sh_shigotonosusumekata_top.html,仕事の進め方研修 | 現場で使える研修ならインソース,仕事の進め方研修 | 現場で使える研修ならインソース,200,text/html; charset=UTF-8,https://www.insource.co.jp/shinjin/sh_shigotonosusumekata_top.html,,1,https://www.insource.co.jp/,/shinjin/,/shinjin/sh_shigotonosusumekata_top.html/,33,https://www.insource.co.jp/shinjin/sh_shigotonosusumekata_top.html,2026-09-03T02:28:45.533420+00:00,
https://www.insource.co.jp/kanrisyoku/bukashido_top.html,部下指導・部下育成研修 | 現場で使える研修ならインソース,部下指導・部下育成研修 | 現場で使える研修ならインソース,200,text/html; charset=UTF-8,https://www.insource.co.jp/kanrisyoku/bukashido_top.html,,1,https://www.insource.co.jp/,/kanrisyoku/,/kanrisyoku/bukashido_top.html/,781,https://www.insource.co.jp/kanrisyoku/bukashido_top.html,2026-09-03T02:28:46.380455+00:00,
https://www.insource.co.jp/kanrisyoku/management-top.html,マネジメント研修 | 現場で使える研修ならインソース,マネジメント研修 | 現場で使える研修ならインソース,200,text/html; charset=UTF-8,https://www.insource.co.jp/kanrisyoku/management-top.html,,1,https://www.insource.co.jp/,/kanrisyoku/,/kanrisyoku/management-top.html/,905,https://www.insource.co.jp/kanrisyoku/management-top.html,2026-09-03T02:28:48.038759+00:00,
https://www.insource.co.jp/kenshu/career_work_life_money.html,キャリアデザイン研修 | 現場で使える研修ならインソース,キャリアデザイン研修 | 現場で使える研修ならインソース,200,text/html; charset=UTF-8,https://www.insource.co.jp/kenshu/career_work_life_money.html,,1,https://www.insource.co.jp/,/kenshu/,/kenshu/career_work_life_money.html/,30,https://www.insource.co.jp/kenshu/career_work_life_money.html,2026-09-03T02:28:49.787602+00:00,
https://www.insource.co.jp/kenshu/logicalthinking_top.html,ロジカルシンキング研修～総合ページ｜仕事に役立つ、実践的な論理的思考力を身につけるには | 現場で使える研修ならインソース,ロジカルシンキング研修～総合ページ｜仕事に役立つ、実践的な論理的思考力を身につけるには | 現場で使える研修ならインソース,200,text/html; charset=UTF-8,https://www.insource.co.jp/kenshu/logicalthinking_top.html,,1,https://www.insource.co.jp/,/kenshu/,/kenshu/logicalthinking_top.html/,779,https://www.insource.co.jp/kenshu/logicalthinking_top.html,2026-09-03T02:28:50.632062+00:00,
https://www.insource.co.jp/bunsho/bunsho_top.html,ビジネス文書研修 相手に伝わるビジネス文書作成術を習得するには | 現場で使える研修ならインソース,ビジネス文書研修 相手に伝わるビジネス文書作成術を習得するには | 現場で使える研修ならインソース,200,text/html; charset=UTF-8,https://www.insource.co.jp/bunsho/bunsho_top.html,,1,https://www.insource.co.jp/,/bunsho/,/bunsho/bunsho_top.html/,38,https://www.insource.co.jp/bunsho/bunsho_top.html,2026-09-03T02:28:52.225231+00:00,
https://www.insource.co.jp/kenshu/presen_top.html,プレゼンテーション研修「相手に伝わり動かす」プレゼンの実現 | 現場で使える研修ならインソース,プレゼンテーション研修「相手に伝わり動かす」プレゼンの実現 | 現場で使える研修ならインソース,200,text/html; charset=UTF-8,https://www.insource.co.jp/kenshu/presen_top.html,,1,https://www.insource.co.jp/,/kenshu/,/kenshu/presen_top.html/,38,https://www.insource.co.jp/kenshu/presen_top.html,2026-09-03T02:28:53.137846+00:00,
https://www.insource.co.jp/customer/customer_top.html,ＣＳ（顧客満足）研修 | 現場で使える研修ならインソース,ＣＳ（顧客満足）研修 | 現場で使える研修ならインソース,200,text/html; charset=UTF-8,https://www.insource.co.jp/customer/customer_top.html,,1,https://www.insource.co.jp/,/customer/,/customer/customer_top.html/,32,https://www.insource.co.jp/customer/customer_top.html,2026-09-03T02:28:53.984789+00:00,
https://www.insource.co.jp/kenshu/gyoumukaizen_top.html,業務改善研修 ムリ・ムダ・ムラを減らし生産性の高い組織をつくるには | 現場で使える研修ならインソース,業務改善研修 ムリ・ムダ・ムラを減らし生産性の高い組織をつくるには | 現場で使える研修ならインソース,200,text/html; charset=UTF-8,https://www.insource.co.jp/kenshu/gyoumukaizen_top.html,,1,https://www.insource.co.jp/,/kenshu/,/kenshu/gyoumukaizen_top.html/,42,https://www.insource.co.jp/kenshu/gyoumukaizen_top.html,2026-09-03T02:28:54.833977+00:00,
https://www.insource.co.jp/kanrisyoku/riskmanagement_top.html,リスクマネジメント研修 | 現場で使える研修ならインソース,リスクマネジメント研修 | 現場で使える研修ならインソース,200,text/html; charset=UTF-8,https://www.insource.co.jp/kanrisyoku/riskmanagement_top.html,,1,https://www.insource.co.jp/,/kanrisyoku/,/kanrisyoku/riskmanagement_top.html/,28,https://www.insource.co.jp/kanrisyoku/riskmanagement_top.html,2026-09-03T02:28:55.766469+00:00,
https://www.insource.co.jp/kanrisyoku/mentalhealth_top.html,メンタルヘルス研修～総合ページ | 心身ともに健康的に働ける職場を作るには | 現場で使える研修ならインソース,メンタルヘルス研修～総合ページ | 心身ともに健康的に働ける職場を作るには | 現場で使える研修ならインソース,200,text/html; charset=UTF-8,https://www.insource.co.jp/kanrisyoku/mentalhealth_top.html,,1,https://www.insource.co.jp/,/kanrisyoku/,/kanrisyoku/mentalhealth_top.html/,37,https://www.insource.co.jp/kanrisyoku/mentalhealth_top.html,2026-09-03T02:28:56.666404+00:00,
https://www.insource.co.jp/pdiversity/inclusion-top.html,Ｄ＆Ｉ（ダイバーシティ＆インクルージョン）研修 | 現場で使える研修ならインソース,Ｄ＆Ｉ（ダイバーシティ＆インクルージョン）研修 | 現場で使える研修ならインソース,200,text/html; charset=UTF-8,https://www.insource.co.jp/pdiversity/inclusion-top.html,,1,https://www.insource.co.jp/,/pdiversity/,/pdiversity/inclusion-top.html/,702,https://www.insource.co.jp/pdiversity/inclusion-top.html,2026-09-03T02:28:57.514639+00:00,
https://www.insource.co.jp/shinjin/sh_naiteisha_middle.html,内定者研修｜入社前の不安を解消し、社会に出るための土台を整えるには | 現場で使える研修ならインソース,内定者研修｜入社前の不安を解消し、社会に出るための土台を整えるには | 現場で使える研修ならインソース,200,text/html; charset=UTF-8,https://www.insource.co.jp/shinjin/sh_naiteisha_middle.html,,1,https://www.insource.co.jp/,/shinjin/,/shinjin/sh_naiteisha_middle.html/,856,https://www.insource.co.jp/shinjin/sh_naiteisha_middle.html,2026-09-03T02:28:59.029089+00:00,
https://www.insource.co.jp/set/kensyu/career-lineup.html,年代別キャリア研修ラインナップ | 現場で使える研修ならインソース,年代別キャリア研修ラインナップ | 現場で使える研修ならインソース,200,text/html; charset=UTF-8,https://www.insource.co.jp/set/kensyu/career-lineup.html,,1,https://www.insource.co.jp/,/set/,/set/kensyu/,36,https://www.insource.co.jp/set/kensyu/career-lineup.html,2026-09-03T02:29:00.689417+00:00,
https://www.insource.co.jp/kyoiku/koshihaken_kaisou.html,社員研修・企業研修 階層別一覧 | 現場で使える研修ならインソース,社員研修・企業研修 階層別一覧,200,text/html; charset=UTF-8,https://www.insource.co.jp/kyoiku/koshihaken_kaisou.html,,1,https://www.insource.co.jp/,/kyoiku/,/kyoiku/koshihaken_kaisou.html/,23,https://www.insource.co.jp/kyoiku/koshihaken_kaisou.html,2026-09-03T02:29:01.590623+00:00,
https://www.insource.co.jp/kenshu/essential-worker-top.html,エッセンシャルワーカー向けサービス | 現場で使える研修ならインソース,エッセンシャルワーカー向けサービス | 現場で使える研修ならインソース,200,text/html; charset=UTF-8,https://www.insource.co.jp/kenshu/essential-worker-top.html,,1,https://www.insource.co.jp/,/kenshu/,/kenshu/essential-worker-top.html/,656,https://www.insource.co.jp/kenshu/essential-worker-top.html,2026-09-03T02:29:02.383405+00:00,
https://www.insource.co.jp/kenshu/human-resources-top.html,人事向け研修 | 現場で使える研修ならインソース,人事向け研修 | 現場で使える研修ならインソース,200,text/html; charset=UTF-8,https://www.insource.co.jp/kenshu/human-resources-top.html,,1,https://www.insource.co.jp/,/kenshu/,/kenshu/human-resources-top.html/,48,https://www.insource.co.jp/kenshu/human-resources-top.html,2026-09-03T02:29:03.838703+00:00,
https://www.insource.co.jp/call/call_lineup02.html,コールセンターソリューション（研修・応対品質評価・クラウド型システム）:現場で使える研修ならインソース,コールセンターソリューション（研修・応対品質評価・クラウド型システム） | 現場で使える研修ならインソース,200,text/html; charset=UTF-8,https://www.insource.co.jp/call/call_lineup02.html,,1,https://www.insource.co.jp/,/call/,/call/call_lineup02.html/,34,https://www.insource.co.jp/call/call_lineup02.html,2026-09-03T02:29:04.701127+00:00,
https://www.insource.co.jp/kenshu/system-department-top.html,システム部門、DX推進部門向けサービス:現場で使える研修ならインソース,システム部門、DX推進部門向けサービス | 現場で使える研修ならインソース,200,text/html; charset=UTF-8,https://www.insource.co.jp/kenshu/system-department-top.html,,1,https://www.insource.co.jp/,/kenshu/,/kenshu/system-department-top.html/,813,https://www.insource.co.jp/kenshu/system-department-top.html,2026-09-03T02:29:05.541914+00:00,
https://www.insource.co.jp/kenshu/randd_top.html,研究開発部門向けサービス:現場で使える研修ならインソース,研究開発部門向けサービス | 現場で使える研修ならインソース,200,text/html; charset=UTF-8,https://www.insource.co.jp/kenshu/randd_top.html,,1,https://www.insource.co.jp/,/kenshu/,/kenshu/randd_top.html/,682,https://www.insource.co.jp/kenshu/randd_top.html,2026-09-03T02:29:07.224657+00:00,
https://www.insource.co.jp/kyoiku/koshihaken_section.html,社員研修・企業研修 部門・職種別一覧 | 現場で使える研修ならインソース,社員研修・企業研修 部門・職種別一覧,200,text/html; charset=UTF-8,https://www.insource.co.jp/kyoiku/koshihaken_section.html,,1,https://www.insource.co.jp/,/kyoiku/,/kyoiku/koshihaken_section.html/,30,https://www.insource.co.jp/kyoiku/koshihaken_section.html,2026-09-03T02:29:08.702009+00:00,
https://www.insource.co.jp/gyokai/maker.html,製造業／メーカー向け研修・サービス～総合ページ | 現場で使える研修ならインソース,製造業／メーカー向け研修・サービス～総合ページ | 現場で使える研修ならインソース,200,text/html; charset=UTF-8,https://www.insource.co.jp/gyokai/maker.html,,1,https://www.insource.co.jp/,/gyokai/,/gyokai/maker.html/,27,https://www.insource.co.jp/gyokai/maker.html,2026-09-03T02:29:09.501862+00:00,
https://www.insource.co.jp/gyokai/it_hosyu_unyou_top.html,ＩＴ業界向け研修・サービス～総合ページ | 現場で使える研修ならインソース,ＩＴ業界向け研修・サービス～総合ページ | 現場で使える研修ならインソース,200,text/html; charset=UTF-8,https://www.insource.co.jp/gyokai/it_hosyu_unyou_top.html,,1,https://www.insource.co.jp/,/gyokai/,/gyokai/it_hosyu_unyou_top.html/,29,https://www.insource.co.jp/gyokai/it_hosyu_unyou_top.html,2026-09-03T02:29:10.329816+00:00,
https://www.insource.co.jp/gyokai/koukoku.html,広告業界向け研修・サービス～総合ページ | 現場で使える研修ならインソース,広告業界向け研修・サービス～総合ページ | 現場で使える研修ならインソース,200,text/html; charset=UTF-8,https://www.insource.co.jp/gyokai/koukoku.html,,1,https://www.insource.co.jp/,/gyokai/,/gyokai/koukoku.html/,28,https://www.insource.co.jp/gyokai/koukoku.html,2026-09-03T02:29:11.153580+00:00,
https://www.insource.co.jp/gyokai/bank.html,銀行業界向け研修・サービス～総合ページ | 現場で使える研修ならインソース,銀行業界向け研修・サービス～総合ページ | 現場で使える研修ならインソース,200,text/html; charset=UTF-8,https://www.insource.co.jp/gyokai/bank.html,,1,https://www.insource.co.jp/,/gyokai/,/gyokai/bank.html/,28,https://www.insource.co.jp/gyokai/bank.html,2026-09-03T02:29:12.026899+00:00,
https://www.insource.co.jp/gyokai/construction_top.html,建設業界向け研修・サービス～総合ページ | 現場で使える研修ならインソース,建設業界向け研修・サービス～総合ページ | 現場で使える研修ならインソース,200,text/html; charset=UTF-8,https://www.insource.co.jp/gyokai/construction_top.html,,1,https://www.insource.co.jp/,/gyokai/,/gyokai/construction_top.html/,27,https://www.insource.co.jp/gyokai/construction_top.html,2026-09-03T02:29:12.850192+00:00,
https://www.insource.co.jp/gyokai/petroleum_top.html,石油業界向け研修・サービス～総合ページ | 現場で使える研修ならインソース,石油業界向け研修・サービス～総合ページ | 現場で使える研修ならインソース,200,text/html; charset=UTF-8,https://www.insource.co.jp/gyokai/petroleum_top.html,,1,https://www.insource.co.jp/,/gyokai/,/gyokai/petroleum_top.html/,27,https://www.insource.co.jp/gyokai/petroleum_top.html,2026-09-03T02:29:13.679476+00:00,
https://www.insource.co.jp/gyokai/logistics_top.html,物流／ロジスティクス業界向け研修・サービス～総合ページ | 現場で使える研修ならインソース,物流／ロジスティクス業界向け研修・サービス～総合ページ | 現場で使える研修ならインソース,200,text/html; charset=UTF-8,https://www.insource.co.jp/gyokai/logistics_top.html,,1,https://www.insource.co.jp/,/gyokai/,/gyokai/logistics_top.html/,29,https://www.insource.co.jp/gyokai/logistics_top.html,2026-09-03T02:29:14.508488+00:00,
https://www.insource.co.jp/gyokai/gaisyoku.html,外食業界向け研修・サービス～総合ページ | 現場で使える研修ならインソース,外食業界向け研修・サービス～総合ページ | 現場で使える研修ならインソース,200,text/html; charset=UTF-8,https://www.insource.co.jp/gyokai/gaisyoku.html,,1,https://www.insource.co.jp/,/gyokai/,/gyokai/gaisyoku.html/,665,https://www.insource.co.jp/gyokai/gaisyoku.html,2026-09-03T02:29:15.336913+00:00,
https://www.insource.co.jp/gyokai/schoolteacher_top.html,学校法人向け研修・サービス～総合ページ | 現場で使える研修ならインソース,学校法人向け研修・サービス～総合ページ | 現場で使える研修ならインソース,200,text/html; charset=UTF-8,https://www.insource.co.jp/gyokai/schoolteacher_top.html,,1,https://www.insource.co.jp/,/gyokai/,/gyokai/schoolteacher_top.html/,785,https://www.insource.co.jp/gyokai/schoolteacher_top.html,2026-09-03T02:29:16.855426+00:00,
https://www.insource.co.jp/m_fashion_top.html,ファッション／アパレル業界向け研修・サービス～総合ページ | 現場で使える研修ならインソース,ファッション／アパレル業界向け研修・サービス～総合ページ | 現場で使える研修ならインソース,200,text/html; charset=UTF-8,https://www.insource.co.jp/m_fashion_top.html,,1,https://www.insource.co.jp/,/m_fashion_top.html/,,687,https://www.insource.co.jp/m_fashion_top.html,2026-09-03T02:29:18.464980+00:00,
https://www.insource.co.jp/m_entertainment_top.html,エンターテインメント業界向け研修・サービス～総合ページ | 現場で使える研修ならインソース,エンターテインメント業界向け研修・サービス～総合ページ | 現場で使える研修ならインソース,200,text/html; charset=UTF-8,https://www.insource.co.jp/m_entertainment_top.html,,1,https://www.insource.co.jp/,/m_entertainment_top.html/,,662,https://www.insource.co.jp/m_entertainment_top.html,2026-09-03T02:29:20.235157+00:00,
https://www.insource.co.jp/jichitai/jacenter_top.html,ＪＡ（中央組織・都道府県単位組織）職員向け研修 | 現場で使える研修ならインソース,ＪＡ（中央組織・都道府県単位組織）職員向け研修 | 現場で使える研修ならインソース,200,text/html; charset=UTF-8,https://www.insource.co.jp/jichitai/jacenter_top.html,,1,https://www.insource.co.jp/,/jichitai/,/jichitai/jacenter_top.html/,676,https://www.insource.co.jp/jichitai/jacenter_top.html,2026-09-03T02:29:21.688703+00:00,
https://www.insource.co.jp/it-tool/leaf-lightning-function.html,Leaf Lightning機能一覧 | 人事サポートシステム Leaf（リーフ）,種類以上の機能が標準で搭載されています ※1 累積のユーザー数ではなく、現在ご利用中のユーザーアカウント数のみを集計した数値です。 ※2 調査方法 WEB上に情報公開されているLMSに関する機能の数を調査、比較/調査範囲 日本国内でサービス提供されているLMS101件 2024年4月,200,text/html; charset=UTF-8,https://www.insource.co.jp/it-tool/leaf-lightning-function.html,,1,https://www.insource.co.jp/,/it-tool/,/it-tool/leaf-lightning-function.html/,26,https://www.insource.co.jp/it-tool/leaf-lightning-function.html,2026-09-03T02:29:23.153681+00:00,
https://www.insource.co.jp/it-tool/price-lms.html,料金プラン～研修・eラーニング プラットフォーム(LMS) | 人事サポートシステム・LMS「Leafシリーズ」,料金プラン,200,text/html; charset=UTF-8,https://www.insource.co.jp/it-tool/price-lms.html,,1,https://www.insource.co.jp/,/it-tool/,/it-tool/price-lms.html/,686,https://www.insource.co.jp/it-tool/price-lms.html,2026-09-03T02:29:24.021410+00:00,
https://www.insource.co.jp/it-tool/leaf-downloads.html,資料ダウンロード | 人事サポートシステム・LMS「Leafシリーズ」,資料ダウンロード,200,text/html; charset=UTF-8,https://www.insource.co.jp/it-tool/leaf-downloads.html,,1,https://www.insource.co.jp/,/it-tool/,/it-tool/leaf-downloads.html/,623,https://www.insource.co.jp/it-tool/leaf-downloads.html,2026-09-03T02:29:25.477866+00:00,
https://www.insource.co.jp/it-tool/column/about-lms.html,LMSとは～eラーニング成功のポイント｜Leaf（リーフ） | eラーニング/研修システム・LMS 「Leaf （リーフ）」,,200,text/html; charset=UTF-8,https://www.insource.co.jp/it-tool/column/about-lms.html,,1,https://www.insource.co.jp/,/it-tool/,/it-tool/column/,653,https://www.insource.co.jp/it-tool/column/about-lms.html,2026-09-03T02:29:26.849380+00:00,
https://www.insource.co.jp/it-tool/elearnig-start-campaign.html,ｅラーニング立ち上げ支援キャンペーン | eラーニング/研修システム・LMS 「Leaf （リーフ）」,,200,text/html; charset=UTF-8,https://www.insource.co.jp/it-tool/elearnig-start-campaign.html,,1,https://www.insource.co.jp/,/it-tool/,/it-tool/elearnig-start-campaign.html/,686,https://www.insource.co.jp/it-tool/elearnig-start-campaign.html,2026-09-03T02:29:28.290988+00:00,
https://www.insource.co.jp/it-tool/stresscheck_50.html,50名未満・小規模事業場向けストレスチェック運用支援・外部委託サービス｜法令対応から高ストレス者対応まで | eラーニング/研修システム・LMS 「Leaf （リーフ）」,,200,text/html; charset=UTF-8,https://www.insource.co.jp/it-tool/stresscheck_50.html,,1,https://www.insource.co.jp/,/it-tool/,/it-tool/stresscheck_50.html/,633,https://www.insource.co.jp/it-tool/stresscheck_50.html,2026-09-03T02:29:29.762867+00:00,
https://www.insource.co.jp/it-tool/leaf-news.html,Leaf新着情報 | 人事サポートシステム・LMS「Leafシリーズ」,,200,text/html; charset=UTF-8,https://www.insource.co.jp/it-tool/leaf-news.html,,1,https://www.insource.co.jp/,/it-tool/,/it-tool/leaf-news.html/,671,https://www.insource.co.jp/it-tool/leaf-news.html,2026-09-03T02:29:31.170363+00:00,
https://www.insource.co.jp/it-tool/lms-leaf-merits.html,LMS・教育管理システム「Leaf」 | eラーニング/研修システム Leaf （リーフ）,,200,text/html; charset=UTF-8,https://www.insource.co.jp/it-tool/lms-leaf-merits.html,,1,https://www.insource.co.jp/,/it-tool/,/it-tool/lms-leaf-merits.html/,45,https://www.insource.co.jp/it-tool/lms-leaf-merits.html,2026-09-03T02:29:32.631731+00:00,
https://www.insource.co.jp/it-tool/leaf_lgwan_learning.html,Leaf LGWAN Learning ～自治体専用のeラーニングシステム | eラーニング/研修システム・LMS 「Leaf （リーフ）」,,200,text/html; charset=UTF-8,https://www.insource.co.jp/it-tool/leaf_lgwan_learning.html,,1,https://www.insource.co.jp/,/it-tool/,/it-tool/leaf_lgwan_learning.html/,663,https://www.insource.co.jp/it-tool/leaf_lgwan_learning.html,2026-09-03T02:29:33.523378+00:00,
https://www.insource.co.jp/consulting/business-support.html,経営人材養成・経営支援サービス:研修会社インソース～講師派遣研修／公開講座の研修,経営人材養成・経営支援サービス,200,text/html; charset=UTF-8,https://www.insource.co.jp/consulting/business-support.html,,1,https://www.insource.co.jp/,/consulting/,/consulting/business-support.html/,690,https://www.insource.co.jp/consulting/business-support.html,2026-09-03T02:29:34.968478+00:00,
https://www.insource.co.jp/consulting/index.html,人事部門コンサルティングサービス:研修会社インソース～講師派遣研修／公開講座の研修,人事部門コンサルティングサービス,200,text/html; charset=UTF-8,https://www.insource.co.jp/consulting/index.html,,1,https://www.insource.co.jp/,/consulting/,/consulting/index.html/,34,https://www.insource.co.jp/consulting/index.html,2026-09-03T02:29:36.443904+00:00,
https://www.insource.co.jp/ihl/index.html,"インソースヘッドライン｜最新ニュース・記事 - 社員研修,教育 職員研修 人材育成ならインソース",,200,text/html; charset=UTF-8,https://www.insource.co.jp/ihl/index.html,,1,https://www.insource.co.jp/,/ihl/,/ihl/index.html/,817,https://www.insource.co.jp/ihl/index.html,2026-09-03T02:29:37.301058+00:00,
https://www.insource.co.jp/ihl/260804_data_literacy_dokkai.html,"データから本質をつかむ３つの視点「比較・分解・推移」｜データリテラシーの基本３｜社員研修,教育 職員研修 人材育成ならインソース",データから本質をつかむ３つの視点「比較・分解・推移」｜データリテラシーの基本３,200,text/html; charset=UTF-8,https://www.insource.co.jp/ihl/260804_data_literacy_dokkai.html,,1,https://www.insource.co.jp/,/ihl/,/ihl/260804_data_literacy_dokkai.html/,22,https://www.insource.co.jp/ihl/260804_data_literacy_dokkai.html,2026-09-03T02:29:39.223916+00:00,
https://www.insource.co.jp/ihl/260804_sokusyu4.html,"データを「使える形」に整える２つのポイント｜データリテラシーの基本２｜社員研修,教育 職員研修 人材育成ならインソース",データを「使える形」に整える２つのポイント｜データリテラシーの基本２,200,text/html; charset=UTF-8,https://www.insource.co.jp/ihl/260804_sokusyu4.html,,1,https://www.insource.co.jp/,/ihl/,/ihl/260804_sokusyu4.html/,23,https://www.insource.co.jp/ihl/260804_sokusyu4.html,2026-09-03T02:29:40.026200+00:00,
https://www.insource.co.jp/ihl/260731_oa_cleansing.html,"表記ゆれやセル結合をなくす、分析しやすいデータの作り方｜データリテラシーの基本１｜社員研修,教育 職員研修 人材育成ならインソース",表記ゆれやセル結合をなくす、分析しやすいデータの作り方｜データリテラシーの基本１,200,text/html; charset=UTF-8,https://www.insource.co.jp/ihl/260731_oa_cleansing.html,,1,https://www.insource.co.jp/,/ihl/,/ihl/260731_oa_cleansing.html/,843,https://www.insource.co.jp/ihl/260731_oa_cleansing.html,2026-09-03T02:29:40.826537+00:00,
https://www.insource.co.jp/ihl/260803_ai-agent-basic.html,"営業活動の生産性を高める！インソースのＡＩエージェント活用事例４選｜社員研修,教育 職員研修 人材育成ならインソース",営業活動の生産性を高める！インソースのＡＩエージェント活用事例４選,200,text/html; charset=UTF-8,https://www.insource.co.jp/ihl/260803_ai-agent-basic.html,,1,https://www.insource.co.jp/,/ihl/,/ihl/260803_ai-agent-basic.html/,828,https://www.insource.co.jp/ihl/260803_ai-agent-basic.html,2026-09-03T02:29:42.450793+00:00,
https://www.insource.co.jp/ihl/260804_co_creative_sales.html,"「営業3.0」って何？～モノを売る「営業1.0」、ソリューションを売る「営業2.0」の先にある共創型営業の姿｜社員研修,教育 職員研修 人材育成ならインソース",「営業3.0」って何？～モノを売る「営業1.0」、ソリューションを売る「営業2.0」の先にある共創型営業の姿,200,text/html; charset=UTF-8,https://www.insource.co.jp/ihl/260804_co_creative_sales.html,,1,https://www.insource.co.jp/,/ihl/,/ihl/260804_co_creative_sales.html/,698,https://www.insource.co.jp/ihl/260804_co_creative_sales.html,2026-09-03T02:29:44.116883+00:00,
https://www.insource.co.jp/ihl/260804_claude-business-efficiency.html,"Claudeは仕事のどこで使えるのか～メール・資料作成・Excel整理から考える活用方法｜社員研修,教育 職員研修 人材育成ならインソース",Claudeは仕事のどこで使えるのか～メール・資料作成・Excel整理から考える活用方法,200,text/html; charset=UTF-8,https://www.insource.co.jp/ihl/260804_claude-business-efficiency.html,,1,https://www.insource.co.jp/,/ihl/,/ihl/260804_claude-business-efficiency.html/,23,https://www.insource.co.jp/ihl/260804_claude-business-efficiency.html,2026-09-03T02:29:45.598750+00:00,
https://www.insource.co.jp/ihl/260803_co_creative_sales.html,"【営業3.0】生成ＡＩ時代を生き抜く「共創型営業」とは｜顧客に選ばれ続ける４つのコアスキル｜社員研修,教育 職員研修 人材育成ならインソース",【営業3.0】生成ＡＩ時代を生き抜く「共創型営業」とは｜顧客に選ばれ続ける４つのコアスキル,200,text/html; charset=UTF-8,https://www.insource.co.jp/ihl/260803_co_creative_sales.html,,1,https://www.insource.co.jp/,/ihl/,/ihl/260803_co_creative_sales.html/,23,https://www.insource.co.jp/ihl/260803_co_creative_sales.html,2026-09-03T02:29:46.400291+00:00,
https://www.insource.co.jp/ihl/260831_newcomeroffice.html,"スマホ世代の新人がつまずくExcel・PowerPoint～業務効率を上げる基本操作と習得法｜社員研修,教育 職員研修 人材育成ならインソース",スマホ世代の新人がつまずくExcel・PowerPoint～業務効率を上げる基本操作と習得法,200,text/html; charset=UTF-8,https://www.insource.co.jp/ihl/260831_newcomeroffice.html,,1,https://www.insource.co.jp/,/ihl/,/ihl/260831_newcomeroffice.html/,822,https://www.insource.co.jp/ihl/260831_newcomeroffice.html,2026-09-03T02:29:47.207301+00:00,
https://www.insource.co.jp/ihl/260828_ai-learning-companion.html,"個人の学びを組織の力に変えるために～研修担当者が押さえておきたい４つの視点｜社員研修,教育 職員研修 人材育成ならインソース",個人の学びを組織の力に変えるために～研修担当者が押さえておきたい４つの視点,200,text/html; charset=UTF-8,https://www.insource.co.jp/ihl/260828_ai-learning-companion.html,,1,https://www.insource.co.jp/,/ihl/,/ihl/260828_ai-learning-companion.html/,23,https://www.insource.co.jp/ihl/260828_ai-learning-companion.html,2026-09-03T02:29:48.805840+00:00,
https://www.insource.co.jp/web/index.html,Webを活用した課題解決～採用強化と売上向上をWebで実現 - 株式会社インソース,,200,text/html; charset=UTF-8,https://www.insource.co.jp/web/index.html,,1,https://www.insource.co.jp/,/web/,/web/index.html/,22,https://www.insource.co.jp/web/index.html,2026-09-03T02:29:49.610313+00:00,
https://www.insource.co.jp/recruitment-support-service/accelerator.html,"採用サイト制作サービス - 社員研修,教育 職員研修 人材育成ならインソース",,200,text/html; charset=UTF-8,https://www.insource.co.jp/recruitment-support-service/accelerator.html,,1,https://www.insource.co.jp/,/recruitment-support-service/,/recruitment-support-service/accelerator.html/,700,https://www.insource.co.jp/recruitment-support-service/accelerator.html,2026-09-03T02:29:50.464131+00:00,
https://www.insource.co.jp/gaiyo/gaiyo.html,"会社概要 - 社員研修,教育 職員研修 人材育成ならインソース",会社概要,200,text/html; charset=UTF-8,https://www.insource.co.jp/gaiyo/gaiyo.html,,1,https://www.insource.co.jp/,/gaiyo/,/gaiyo/gaiyo.html/,681,https://www.insource.co.jp/gaiyo/gaiyo.html,2026-09-03T02:29:51.920265+00:00,
https://www.insource.co.jp/gaiyo/businesssites-and-classrooms.html,"拠点一覧 - 社員研修,教育 職員研修 人材育成ならインソース",拠点一覧,200,text/html; charset=UTF-8,https://www.insource.co.jp/gaiyo/businesssites-and-classrooms.html,,1,https://www.insource.co.jp/,/gaiyo/,/gaiyo/businesssites-and-classrooms.html/,690,https://www.insource.co.jp/gaiyo/businesssites-and-classrooms.html,2026-09-03T02:29:53.357507+00:00,
https://www.insource.co.jp/gaiyo/vision.html,"企業理念 - 社員研修,教育 職員研修 人材育成ならインソース",企業理念,200,text/html; charset=UTF-8,https://www.insource.co.jp/gaiyo/vision.html,,1,https://www.insource.co.jp/,/gaiyo/,/gaiyo/vision.html/,20,https://www.insource.co.jp/gaiyo/vision.html,2026-09-03T02:29:54.812380+00:00,
https://www.insource.co.jp/gaiyo/jigyo-top.html,"事業内容 - 社員研修,教育 職員研修 人材育成ならインソース",事業内容,200,text/html; charset=UTF-8,https://www.insource.co.jp/gaiyo/jigyo-top.html,,1,https://www.insource.co.jp/,/gaiyo/,/gaiyo/jigyo-top.html/,646,https://www.insource.co.jp/gaiyo/jigyo-top.html,2026-09-03T02:29:55.584752+00:00,
https://www.insource.co.jp/gaiyo/history.html,"沿革 - 社員研修,教育 職員研修 人材育成ならインソース",沿革,200,text/html; charset=UTF-8,https://www.insource.co.jp/gaiyo/history.html,,1,https://www.insource.co.jp/,/gaiyo/,/gaiyo/history.html/,672,https://www.insource.co.jp/gaiyo/history.html,2026-09-03T02:29:56.987012+00:00,
https://www.insource.co.jp/ir/index.html,"IRトップページ - 社員研修,教育 職員研修 人材育成ならインソース",,200,text/html; charset=UTF-8,https://www.insource.co.jp/ir/index.html,,1,https://www.insource.co.jp/,/ir/,/ir/index.html/,22,https://www.insource.co.jp/ir/index.html,2026-09-03T02:29:58.432931+00:00,
https://www.insource.co.jp/ir/ir_sustainable_index.html,"サステナビリティ トップページ - 社員研修,教育 職員研修 人材育成ならインソース",サステナビリティ トップページ,200,text/html; charset=UTF-8,https://www.insource.co.jp/ir/ir_sustainable_index.html,,1,https://www.insource.co.jp/,/ir/,/ir/ir_sustainable_index.html/,21,https://www.insource.co.jp/ir/ir_sustainable_index.html,2026-09-03T02:29:59.228917+00:00,
https://www.insource.co.jp/period-poverty/index.html,生理の貧困対策支援プロジェクト - 株式会社インソース,,200,text/html; charset=UTF-8,https://www.insource.co.jp/period-poverty/index.html,,1,https://www.insource.co.jp/,/period-poverty/,/period-poverty/index.html/,29,https://www.insource.co.jp/period-poverty/index.html,2026-09-03T02:30:00.062715+00:00,
https://www.insource.co.jp/ir/ir_faq/index.html,"IR 全力Q&A - 社員研修,教育 職員研修 人材育成ならインソース",,200,text/html; charset=UTF-8,https://www.insource.co.jp/ir/ir_faq/index.html,,1,https://www.insource.co.jp/,/ir/,/ir/ir_faq/,21,https://www.insource.co.jp/ir/ir_faq/index.html,2026-09-03T02:30:00.861887+00:00,
https://www.insource.co.jp/recruit/recruit_top.html,採用情報トップページ～社会人対象の人材育成・研修業界で最先端の組織です。| 株式会社インソースの求人情報,RECRUIT SITE,200,text/html; charset=UTF-8,https://www.insource.co.jp/recruit/recruit_top.html,,1,https://www.insource.co.jp/,/recruit/,/recruit/recruit_top.html/,30,https://www.insource.co.jp/recruit/recruit_top.html,2026-09-03T02:30:01.630603+00:00,
https://www.insource.co.jp/recruit/freshers.html,採用情報トップページ～社会人対象の人材育成・研修業界で最先端の組織です。| 株式会社インソースの求人情報,RECRUIT SITE,200,text/html; charset=UTF-8,https://www.insource.co.jp/recruit/recruit_top.html,,1,https://www.insource.co.jp/,/recruit/,/recruit/freshers.html/,40,https://www.insource.co.jp/recruit/recruit_top.html,2026-09-03T02:30:02.391866+00:00,
https://www.insource.co.jp/recruit/recruit_career.html,採用情報トップページ～社会人対象の人材育成・研修業界で最先端の組織です。| 株式会社インソースの求人情報,RECRUIT SITE,200,text/html; charset=UTF-8,https://www.insource.co.jp/recruit/recruit_top.html,,1,https://www.insource.co.jp/,/recruit/,/recruit/recruit_career.html/,31,https://www.insource.co.jp/recruit/recruit_top.html,2026-09-03T02:30:03.162679+00:00,
https://www.insource.co.jp/recruit/recruit_staff.html,中途・スタッフ・エリア採用 募集職種～社会人対象の人材育成・研修業界で最先端の組織です。| 株式会社インソースの求人情報,RECRUIT SITE,200,text/html; charset=UTF-8,https://www.insource.co.jp/recruit/search.html,,1,https://www.insource.co.jp/,/recruit/,/recruit/recruit_staff.html/,1019,https://www.insource.co.jp/recruit/search.html,2026-09-03T02:30:03.924332+00:00,
https://www.insource.co.jp/recruit/recruit_koshi.html,講師採用｜インソースの研修・セミナー講師募集・応募- 株式会社インソース,講師採用,200,text/html; charset=UTF-8,https://www.insource.co.jp/recruit/recruit_koshi.html,,1,https://www.insource.co.jp/,/recruit/,/recruit/recruit_koshi.html/,19,https://www.insource.co.jp/recruit/recruit_koshi.html,2026-09-03T02:30:05.661066+00:00,
https://www.insource.co.jp/hrm/index.html,社員研修・企業研修 インソースの講師派遣研修とは | 現場で使える研修ならインソース,社員研修・企業研修 オーダーメイド型講師派遣研修とは,200,text/html; charset=UTF-8,https://www.insource.co.jp/hrm/index.html,,1,https://www.insource.co.jp/,/hrm/,/hrm/index.html/,708,https://www.insource.co.jp/hrm/index.html,2026-09-03T02:30:06.392080+00:00,
https://www.insource.co.jp/bup/middle-hierarchy.html,公開講座 階層で研修を探す｜１名から参加できる公開型セミナー【研修セミナー公開講座】- 株式会社インソース,,200,text/html; charset=UTF-8,https://www.insource.co.jp/bup/middle-hierarchy.html,,1,https://www.insource.co.jp/,/bup/,/bup/middle-hierarchy.html/,120,https://www.insource.co.jp/bup/middle-hierarchy.html,2026-09-03T02:30:07.881683+00:00,
https://www.insource.co.jp/bup/middle-skill.html,公開講座 テーマで研修を探す～テクニカルスキル｜１名から参加できる公開型セミナー【研修セミナー公開講座】- 株式会社インソース,,200,text/html; charset=UTF-8,https://www.insource.co.jp/bup/middle-skill-technical.html,,1,https://www.insource.co.jp/,/bup/,/bup/middle-skill.html/,542,https://www.insource.co.jp/bup/middle-skill-technical.html,2026-09-03T02:30:09.550119+00:00,
https://www.insource.co.jp/it-tool/function.html,機能一覧 | eラーニング/研修システム Leaf （リーフ）,,200,text/html; charset=UTF-8,https://www.insource.co.jp/it-tool/function.html,,1,https://www.insource.co.jp/,/it-tool/,/it-tool/function.html/,650,https://www.insource.co.jp/it-tool/function.html,2026-09-03T02:30:11.323055+00:00,
https://www.insource.co.jp/it-tool/leaf_usage.html,使い方ガイド | eラーニング/研修システム Leaf （リーフ）,使い方ガイド,200,text/html; charset=UTF-8,https://www.insource.co.jp/it-tool/leaf_usage.html,,1,https://www.insource.co.jp/,/it-tool/,/it-tool/leaf_usage.html/,35,https://www.insource.co.jp/it-tool/leaf_usage.html,2026-09-03T02:30:12.768155+00:00,
https://www.insource.co.jp/it-tool/leaf_case.html,お客さま事例 | 人事サポートシステム・LMS「Leafシリーズ」,お客さま事例,200,text/html; charset=UTF-8,https://www.insource.co.jp/it-tool/leaf_case.html,,1,https://www.insource.co.jp/,/it-tool/,/it-tool/leaf_case.html/,796,https://www.insource.co.jp/it-tool/leaf_case.html,2026-09-03T02:30:13.631370+00:00,
https://www.insource.co.jp/dougahyakkaten/lineup.html,動画教材・eラーニング～全講座一覧:動画百貨店～eラーニング・動画教材での研修もインソース,,200,text/html; charset=UTF-8,https://www.insource.co.jp/dougahyakkaten/lineup.html,,1,https://www.insource.co.jp/,/dougahyakkaten/,/dougahyakkaten/lineup.html/,105,https://www.insource.co.jp/dougahyakkaten/lineup.html,2026-09-03T02:30:15.437527+00:00,
https://www.insource.co.jp/dougahyakkaten/lineup-technical.html,テクニカルスキル:動画百貨店～eラーニング・動画教材での研修もインソース,,200,text/html; charset=UTF-8,https://www.insource.co.jp/dougahyakkaten/lineup-technical.html,,1,https://www.insource.co.jp/,/dougahyakkaten/,/dougahyakkaten/lineup-technical.html/,37,https://www.insource.co.jp/dougahyakkaten/lineup-technical.html,2026-09-03T02:30:17.670020+00:00,
https://www.insource.co.jp/dougahyakkaten/lineup-human.html,ヒューマンスキル:動画百貨店～eラーニング・動画教材での研修もインソース,,200,text/html; charset=UTF-8,https://www.insource.co.jp/dougahyakkaten/lineup-human.html,,1,https://www.insource.co.jp/,/dougahyakkaten/,/dougahyakkaten/lineup-human.html/,688,https://www.insource.co.jp/dougahyakkaten/lineup-human.html,2026-09-03T02:30:18.591377+00:00,
https://www.insource.co.jp/dougahyakkaten/lineup-conceptual.html,コンセプチュアルスキル:動画百貨店～eラーニング・動画教材での研修もインソース,,200,text/html; charset=UTF-8,https://www.insource.co.jp/dougahyakkaten/lineup-conceptual.html,,1,https://www.insource.co.jp/,/dougahyakkaten/,/dougahyakkaten/lineup-conceptual.html/,876,https://www.insource.co.jp/dougahyakkaten/lineup-conceptual.html,2026-09-03T02:30:20.370608+00:00,
https://www.insource.co.jp/consulting/assessment.html,インソースの人材アセスメントサービス:研修会社インソース～講師派遣研修／公開講座の研修,インソースの人材アセスメントサービス,200,text/html; charset=UTF-8,https://www.insource.co.jp/consulting/assessment.html,,1,https://www.insource.co.jp/,/consulting/,/consulting/assessment.html/,24,https://www.insource.co.jp/consulting/assessment.html,2026-09-03T02:30:22.578606+00:00,
https://www.insource.co.jp/consulting/consulting-mid-personnel-system-design-support-service-top.html,人事制度設計支援サービス:研修会社インソース～講師派遣研修／公開講座の研修,,200,text/html; charset=UTF-8,https://www.insource.co.jp/consulting/consulting-mid-personnel-system-design-support-service-top.html,,1,https://www.insource.co.jp/,/consulting/,/consulting/consulting-mid-personnel-system-design-support-service-top.html/,628,https://www.insource.co.jp/consulting/consulting-mid-personnel-system-design-support-service-top.html,2026-09-03T02:30:23.732354+00:00,
https://www.insource.co.jp/gyokai/middlesmallbussi_top.html,中小企業向け研修 | 現場で使える研修ならインソース,中小企業向け研修 | 現場で使える研修ならインソース,200,text/html; charset=UTF-8,https://www.insource.co.jp/gyokai/middlesmallbussi_top.html,,1,https://www.insource.co.jp/,/gyokai/,/gyokai/middlesmallbussi_top.html/,32,https://www.insource.co.jp/gyokai/middlesmallbussi_top.html,2026-09-03T02:30:25.123064+00:00,
https://www.insource.co.jp/gyokai/growth_top.html,成長企業向け研修 | 現場で使える研修ならインソース,成長企業向け研修 | 現場で使える研修ならインソース,200,text/html; charset=UTF-8,https://www.insource.co.jp/gyokai/growth_top.html,,1,https://www.insource.co.jp/,/gyokai/,/gyokai/growth_top.html/,657,https://www.insource.co.jp/gyokai/growth_top.html,2026-09-03T02:30:25.959026+00:00,
https://www.insource.co.jp/kyoiku/koshihaken_dokuritu.html,職員研修・組織内研修 官公庁・自治体向け一覧 | 現場で使える研修ならインソース,社員研修・企業研修 官公庁・自治体向け一覧,200,text/html; charset=UTF-8,https://www.insource.co.jp/kyoiku/koshihaken_dokuritu.html,,1,https://www.insource.co.jp/,/kyoiku/,/kyoiku/koshihaken_dokuritu.html/,32,https://www.insource.co.jp/kyoiku/koshihaken_dokuritu.html,2026-09-03T02:30:27.420407+00:00,
https://www.insource.co.jp/ikkatsu/ikkatsu_top.html,研修業務委託サービス:研修会社インソース～講師派遣研修／公開講座の研修,,200,text/html; charset=UTF-8,https://www.insource.co.jp/ikkatsu/ikkatsu_top.html,,1,https://www.insource.co.jp/,/ikkatsu/,/ikkatsu/ikkatsu_top.html/,29,https://www.insource.co.jp/ikkatsu/ikkatsu_top.html,2026-09-03T02:30:28.302379+00:00,
https://www.insource.co.jp/contents/index.html,インソースのもと～人材育成・採用支援、人事・人材戦略、経営力向上支援、最新記事のコラム・研修情報・ニュースを発信しています:研修会社インソース～講師派遣研修／公開講座の研修,,200,text/html; charset=UTF-8,https://www.insource.co.jp/contents/index.html,,1,https://www.insource.co.jp/,/contents/,/contents/index.html/,27,https://www.insource.co.jp/contents/index.html,2026-09-03T02:30:29.107073+00:00,
https://www.insource.co.jp/download/index.html,無料ダウンロードページ:研修会社インソース～講師派遣研修／公開講座の研修,,200,text/html; charset=UTF-8,https://www.insource.co.jp/download/index.html,,1,https://www.insource.co.jp/,/download/,/download/index.html/,653,https://www.insource.co.jp/download/index.html,2026-09-03T02:30:29.907700+00:00,
https://www.insource.co.jp/campaign/top.html,インソースのキャンペーン｜研修会社インソース,,200,text/html; charset=UTF-8,https://www.insource.co.jp/campaign/top.html,,1,https://www.insource.co.jp/,/campaign/,/campaign/top.html/,661,https://www.insource.co.jp/campaign/top.html,2026-09-03T02:30:31.340244+00:00,
https://www.insource.co.jp/kyoiku/flow.html,インソース 研修の考え方 研修実施の流れ - 株式会社インソース,インソース 研修の考え方 翌日から実践できる内容を！,200,text/html; charset=UTF-8,https://www.insource.co.jp/kenshu-flow.html,,1,https://www.insource.co.jp/,/kyoiku/,/kyoiku/flow.html/,1144,https://www.insource.co.jp/kenshu-flow.html,2026-09-03T02:30:32.756368+00:00,
https://www.insource.co.jp/faq/index.html,全力Q&Aまとめ～事業・サービスをとことん丁寧に説明:現場で使える研修ならインソース,,200,text/html; charset=UTF-8,https://www.insource.co.jp/faq/index.html,,1,https://www.insource.co.jp/,/faq/,/faq/index.html/,695,https://www.insource.co.jp/faq/index.html,2026-09-03T02:30:34.648754+00:00,
https://www.insource.co.jp/humancap_education/index.html,人的資本経営 研究教育センター - 株式会社インソース,,200,text/html; charset=UTF-8,https://www.insource.co.jp/humancap_education/index.html,,1,https://www.insource.co.jp/,/humancap_education/,/humancap_education/index.html/,23,https://www.insource.co.jp/humancap_education/index.html,2026-09-03T02:30:36.100271+00:00,
https://www.insource.co.jp/new-service-lineup.html,新商品ラインナップ:研修会社インソース～講師派遣研修／公開講座の研修,,200,text/html; charset=UTF-8,https://www.insource.co.jp/new-service-lineup.html,,1,https://www.insource.co.jp/,/new-service-lineup.html/,,23,https://www.insource.co.jp/new-service-lineup.html,2026-09-03T02:30:36.873120+00:00,
https://www.insource.co.jp/ihl/260605_ai-plants.html,"「全社員ＦＤ型人材」で生成ＡＩ革命を起こす｜インソースのＡＩ戦略2026｜社員研修,教育 職員研修 人材育成ならインソース",「全社員ＦＤ型人材」で生成ＡＩ革命を起こす｜インソースのＡＩ戦略2026,200,text/html; charset=UTF-8,https://www.insource.co.jp/ihl/260605_ai-plants.html,,1,https://www.insource.co.jp/,/ihl/,/ihl/260605_ai-plants.html/,854,https://www.insource.co.jp/ihl/260605_ai-plants.html,2026-09-03T02:30:37.719705+00:00,
https://www.insource.co.jp/recruit/recruit_intromember.html,社員インタビュー～社会人対象の人材育成・研修業界で最先端の組織です。| 株式会社インソースの求人情報,RECRUIT SITE,200,text/html; charset=UTF-8,https://www.insource.co.jp/recruit/recruit_intromember.html,,1,https://www.insource.co.jp/,/recruit/,/recruit/recruit_intromember.html/,491,https://www.insource.co.jp/recruit/recruit_intromember.html,2026-09-03T02:30:39.350491+00:00,
https://www.insource.co.jp/recruit/freshers-internship.html,イベント情報～社会人対象の人材育成・研修業界で最先端の組織です。| 株式会社インソースの求人情報,RECRUIT SITE,200,text/html; charset=UTF-8,https://www.insource.co.jp/recruit/freshers-internship.html,,1,https://www.insource.co.jp/,/recruit/,/recruit/freshers-internship.html/,24,https://www.insource.co.jp/recruit/freshers-internship.html,2026-09-03T02:30:40.570051+00:00,
https://www.insource.co.jp/intern-bus/recruiter.html,企業向けのご案内| 株式会社インソース,,200,text/html; charset=UTF-8,https://www.insource.co.jp/intern-bus/recruiter.html,,1,https://www.insource.co.jp/,/intern-bus/,/intern-bus/recruiter.html/,651,https://www.insource.co.jp/intern-bus/recruiter.html,2026-09-03T02:30:41.318194+00:00,
https://www.insource.co.jp/character_building/yakuin_integrity.html,（役員・管理職向け）インテグリティを考える研修（半日間）:現場で使える研修ならインソース,（役員・管理職向け）インテグリティを考える研修（半日間）,200,text/html; charset=UTF-8,https://www.insource.co.jp/character_building/yakuin_integrity.html,,1,https://www.insource.co.jp/,/character_building/,/character_building/yakuin_integrity.html/,922,https://www.insource.co.jp/character_building/yakuin_integrity.html,2026-09-03T02:30:42.729141+00:00,
https://www.insource.co.jp/dougahyakkaten/how_to_use_copilot.html,Microsoft Copilot（コパイロット）活用講座:eラーニング・動画教材での研修もインソース,Microsoft Copilot（コパイロット）活用講座,200,text/html; charset=UTF-8,https://www.insource.co.jp/dougahyakkaten/how_to_use_copilot.html,,1,https://www.insource.co.jp/,/dougahyakkaten/,/dougahyakkaten/how_to_use_copilot.html/,649,https://www.insource.co.jp/dougahyakkaten/how_to_use_copilot.html,2026-09-03T02:30:44.489073+00:00,
https://www.insource.co.jp/gam-batte/survey/article/common_sense_contents.html,"社会人として身につけたい常識力について～アンケート調査の結果より｜Gambatte｜ガンバッテ｜社員研修,教育 職員研修 人材育成ならインソース",社会人として身につけたい常識力について～アンケート調査の結果より,200,text/html; charset=UTF-8,https://www.insource.co.jp/gam-batte/survey/article/common_sense_contents.html,,1,https://www.insource.co.jp/,/gam-batte/,/gam-batte/survey/,643,https://www.insource.co.jp/gam-batte/survey/article/common_sense_contents.html,2026-09-03T02:30:45.926880+00:00,
https://www.insource.co.jp/president_school/skill/way-of-speaking.html,"リーダーとしての上手な話し方・説明の仕方｜舟橋孝之のマネジメント教室｜コールセンター:社員研修,教育 職員研修 人材育成ならインソース",リーダーとしての上手な話し方・説明の仕方,200,text/html; charset=UTF-8,https://www.insource.co.jp/president_school/skill/way-of-speaking.html,,1,https://www.insource.co.jp/,/president_school/,/president_school/skill/,1005,https://www.insource.co.jp/president_school/skill/way-of-speaking.html,2026-09-03T02:30:47.317059+00:00,
https://www.insource.co.jp/web/web-contents.html,Webサイト向けコンテンツ制作サービス｜コンテンツマーケティングもお任せ。伝えるプロ 株式会社インソース,Service Webサイト向け コンテンツ制作サービス,200,text/html; charset=UTF-8,https://www.insource.co.jp/web/web-contents.html,,1,https://www.insource.co.jp/,/web/,/web/web-contents.html/,695,https://www.insource.co.jp/web/web-contents.html,2026-09-03T02:30:49.174820+00:00,
https://www.insource.co.jp/web/interview-writing.html,取材・インタビュー記事制作サービス｜コンテンツマーケティングもお任せ。伝えるプロ 株式会社インソース,Service 取材・インタビュー 記事制作サービス,200,text/html; charset=UTF-8,https://www.insource.co.jp/web/interview-writing.html,,1,https://www.insource.co.jp/,/web/,/web/interview-writing.html/,655,https://www.insource.co.jp/web/interview-writing.html,2026-09-03T02:30:50.621128+00:00,
https://www.insource.co.jp/shinjin/text_sales.html,新人研修テキスト・資料｜ビジネス基礎テキスト販売:研修会社インソース～講師派遣研修／公開講座の研修,,200,text/html; charset=UTF-8,https://www.insource.co.jp/shinjin/text_sales.html,,1,https://www.insource.co.jp/,/shinjin/,/shinjin/text_sales.html/,657,https://www.insource.co.jp/shinjin/text_sales.html,2026-09-03T02:30:52.027790+00:00,
https://www.insource.co.jp/shinjin/bunsyo-text_sales.html,ビジネス文書研修テキスト販売:研修会社インソース～講師派遣研修／公開講座の研修,,200,text/html; charset=UTF-8,https://www.insource.co.jp/shinjin/bunsyo-text_sales.html,,1,https://www.insource.co.jp/,/shinjin/,/shinjin/bunsyo-text_sales.html/,662,https://www.insource.co.jp/shinjin/bunsyo-text_sales.html,2026-09-03T02:30:53.502342+00:00,
https://www.insource.co.jp/shinjin/excel-basic.html,Microsoft Office研修～Excel基礎編テキスト｜テキスト販売:研修会社インソース～講師派遣研修／公開講座の研修,,200,text/html; charset=UTF-8,https://www.insource.co.jp/kenshu/excel-basic_text_sales.html,,1,https://www.insource.co.jp/,/shinjin/,/shinjin/excel-basic.html/,1247,https://www.insource.co.jp/kenshu/excel-basic_text_sales.html,2026-09-03T02:30:54.977725+00:00,
https://www.insource.co.jp/shinjin/excel-levelup.html,Microsoft Office研修～Excel応用編テキスト｜テキスト販売:研修会社インソース～講師派遣研修／公開講座の研修,,200,text/html; charset=UTF-8,https://www.insource.co.jp/kenshu/excel-levelup_text_sales.html,,1,https://www.insource.co.jp/,/shinjin/,/shinjin/excel-levelup.html/,1128,https://www.insource.co.jp/kenshu/excel-levelup_text_sales.html,2026-09-03T02:30:57.092481+00:00,
https://www.insource.co.jp/set/businessmanar_tsushintensaku/base.html,（内定者・新社会人向け）確認テスト付きビジネス基礎講座テキスト販売<br>～確認テスト＜基礎編＞:現場で使える研修ならインソース,（内定者・新社会人向け）確認テスト付きビジネス基礎講座テキスト販売 ～確認テスト＜基礎編＞,200,text/html; charset=UTF-8,https://www.insource.co.jp/set/businessmanar_tsushintensaku/base.html,,1,https://www.insource.co.jp/,/set/,/set/businessmanar_tsushintensaku/,735,https://www.insource.co.jp/set/businessmanar_tsushintensaku/base.html,2026-09-03T02:30:59.031842+00:00,
https://www.insource.co.jp/language/index.html,インソースの語学サービス - 株式会社インソース,,200,text/html; charset=UTF-8,https://www.insource.co.jp/language/index.html,,1,https://www.insource.co.jp/,/language/,/language/index.html/,629,https://www.insource.co.jp/language/index.html,2026-09-03T02:31:00.551954+00:00,
https://www.insource.co.jp/new-service-lineup/ieyasu-attendance-management.html,無料で始めるクラウド勤怠管理システム「HRMOS勤怠」勤怠管理機能:研修会社インソース～講師派遣研修／公開講座の研修,,200,text/html; charset=UTF-8,https://www.insource.co.jp/new-service-lineup/ieyasu-attendance-management.html,,1,https://www.insource.co.jp/,/new-service-lineup/,/new-service-lineup/ieyasu-attendance-management.html/,681,https://www.insource.co.jp/new-service-lineup/ieyasu-attendance-management.html,2026-09-03T02:31:01.933489+00:00,
https://www.insource.co.jp/set/consulting-mid-personnel-system-design-support-service/ojt.html,階層別ＯＪＴ構築コンサルティング:現場で使える研修ならインソース,階層別ＯＪＴ構築コンサルティング,200,text/html; charset=UTF-8,https://www.insource.co.jp/set/consulting-mid-personnel-system-design-support-service/ojt.html,,1,https://www.insource.co.jp/,/set/,/set/consulting-mid-personnel-system-design-support-service/,655,https://www.insource.co.jp/set/consulting-mid-personnel-system-design-support-service/ojt.html,2026-09-03T02:31:03.361444+00:00,
https://www.insource.co.jp/consulting/gyomu_1.html,業務改善コンサルティング-考え方 - 株式会社インソース,業務改善コンサルティング-考え方,200,text/html; charset=UTF-8,https://www.insource.co.jp/consulting/gyomu_1.html,,1,https://www.insource.co.jp/,/consulting/,/consulting/gyomu_1.html/,652,https://www.insource.co.jp/consulting/gyomu_1.html,2026-09-03T02:31:04.778337+00:00,
https://www.insource.co.jp/consulting/assessment-recurrent-diversity-diagnosis.html,リカレント・ダイバーシティ診断サービス:研修会社インソース～講師派遣研修／公開講座の研修,,200,text/html; charset=UTF-8,https://www.insource.co.jp/consulting/assessment-recurrent-diversity-diagnosis.html,,1,https://www.insource.co.jp/,/consulting/,/consulting/assessment-recurrent-diversity-diagnosis.html/,667,https://www.insource.co.jp/consulting/assessment-recurrent-diversity-diagnosis.html,2026-09-03T02:31:06.192421+00:00,
https://www.insource.co.jp/consulting/assessment-organization-management-career-diagnosis-service.html,組織マネジメント・キャリア・働き方診断サービス｜インソースのアセスメントサービス:研修会社インソース～講師派遣研修／公開講座の研修,,200,text/html; charset=UTF-8,https://www.insource.co.jp/consulting/assessment-organization-management-career-diagnosis-service.html,,1,https://www.insource.co.jp/,/consulting/,/consulting/assessment-organization-management-career-diagnosis-service.html/,638,https://www.insource.co.jp/consulting/assessment-organization-management-career-diagnosis-service.html,2026-09-03T02:31:07.695284+00:00,
https://www.insource.co.jp/set/rpa-service.html,RPA導入支援サービス:現場で使える研修ならインソース,,200,text/html; charset=UTF-8,https://www.insource.co.jp/set/rpa-service.html,,1,https://www.insource.co.jp/,/set/,/set/rpa-service.html/,675,https://www.insource.co.jp/set/rpa-service.html,2026-09-03T02:31:09.113565+00:00,
https://www.insource.co.jp/recruitment-support-service/recruitment_introduction.html,"人材紹介サービス - 社員研修,教育 職員研修 人材育成ならインソース",Service 人材紹介サービス,200,text/html; charset=UTF-8,https://www.insource.co.jp/recruitment-support-service/recruitment_introduction.html,,1,https://www.insource.co.jp/,/recruitment-support-service/,/recruitment-support-service/recruitment_introduction.html/,608,https://www.insource.co.jp/recruitment-support-service/recruitment_introduction.html,2026-09-03T02:31:10.554680+00:00,
https://www.insource.co.jp/kenshu/chutosaiyo_top.html,中途採用者研修 中途社員の入社教育の基本とは | 現場で使える研修ならインソース,中途採用者研修 中途社員の入社教育の基本とは | 現場で使える研修ならインソース,200,text/html; charset=UTF-8,https://www.insource.co.jp/kenshu/chutosaiyo_top.html,,1,https://www.insource.co.jp/,/kenshu/,/kenshu/chutosaiyo_top.html/,41,https://www.insource.co.jp/kenshu/chutosaiyo_top.html,2026-09-03T02:31:11.911474+00:00,
https://www.insource.co.jp/kanrisyoku/ojt_top.html,ＯＪＴ研修～総合ページ | 現場で使える研修ならインソース,ＯＪＴ研修～総合ページ | 現場で使える研修ならインソース,200,text/html; charset=UTF-8,https://www.insource.co.jp/kanrisyoku/ojt_top.html,,1,https://www.insource.co.jp/,/kanrisyoku/,/kanrisyoku/ojt_top.html/,39,https://www.insource.co.jp/kanrisyoku/ojt_top.html,2026-09-03T02:31:12.761686+00:00,
https://www.insource.co.jp/kanrisyoku/mentor_top.html,メンター研修 | 現場で使える研修ならインソース,メンター研修 | 現場で使える研修ならインソース,200,text/html; charset=UTF-8,https://www.insource.co.jp/kanrisyoku/mentor_top.html,,1,https://www.insource.co.jp/,/kanrisyoku/,/kanrisyoku/mentor_top.html/,40,https://www.insource.co.jp/kanrisyoku/mentor_top.html,2026-09-03T02:31:13.613328+00:00,
https://www.insource.co.jp/regional-revitalization/index.html,"地方創生サービス～19種のサービスで地域活性化を支援 - 社員研修,教育 職員研修 人材育成ならインソース",,200,text/html; charset=UTF-8,https://www.insource.co.jp/regional-revitalization/index.html,,1,https://www.insource.co.jp/,/regional-revitalization/,/regional-revitalization/index.html/,637,https://www.insource.co.jp/regional-revitalization/index.html,2026-09-03T02:31:14.521430+00:00,
https://www.insource.co.jp/kenshu/tiiki-kassei-top.html,地場産業活性化支援サービス:現場で使える研修ならインソース,地場産業活性化支援サービス | 現場で使える研修ならインソース,200,text/html; charset=UTF-8,https://www.insource.co.jp/kenshu/tiiki-kassei-top.html,,1,https://www.insource.co.jp/,/kenshu/,/kenshu/tiiki-kassei-top.html/,697,https://www.insource.co.jp/kenshu/tiiki-kassei-top.html,2026-09-03T02:31:15.953679+00:00,
https://www.insource.co.jp/gaiyo/privacypolicy.html,"個人情報保護方針 - 社員研修,教育 職員研修 人材育成ならインソース",,200,text/html; charset=UTF-8,https://www.insource.co.jp/gaiyo/privacypolicy.html,,1,https://www.insource.co.jp/,/gaiyo/,/gaiyo/privacypolicy.html/,25,https://www.insource.co.jp/gaiyo/privacypolicy.html,2026-09-03T02:31:17.442460+00:00,
https://www.insource.co.jp/gaiyo/policy_list.html,"利用規約等一覧 - 社員研修,教育 職員研修 人材育成ならインソース",,200,text/html; charset=UTF-8,https://www.insource.co.jp/gaiyo/policy_list.html,,1,https://www.insource.co.jp/,/gaiyo/,/gaiyo/policy_list.html/,675,https://www.insource.co.jp/gaiyo/policy_list.html,2026-09-03T02:31:18.229167+00:00,
https://www.insource.co.jp/about_trademark.html,商標・登録商標について - 株式会社インソース,商標について,200,text/html; charset=UTF-8,https://www.insource.co.jp/about_trademark.html,,1,https://www.insource.co.jp/,/about_trademark.html/,,644,https://www.insource.co.jp/about_trademark.html,2026-09-03T02:31:19.657077+00:00,
https://www.insource.co.jp/sitemap/index.html,"サイトマップ - 社員研修,教育 職員研修 人材育成ならインソース",サイトマップ,200,text/html; charset=UTF-8,https://www.insource.co.jp/sitemap/index.html,,1,https://www.insource.co.jp/,/sitemap/,/sitemap/index.html/,495,https://www.insource.co.jp/sitemap/index.html,2026-09-03T02:31:21.039604+00:00,
https://www.insource.co.jp/invoice_faq/index.html,"お支払い関連全力Q&A - 社員研修,教育 職員研修 人材育成ならインソース",,200,text/html; charset=UTF-8,https://www.insource.co.jp/invoice_faq/index.html,,1,https://www.insource.co.jp/,/invoice_faq/,/invoice_faq/index.html/,656,https://www.insource.co.jp/invoice_faq/index.html,2026-09-03T02:31:22.270738+00:00,
https://www.insource.co.jp/index.html,株式会社インソース | 人材育成／社員研修・ITによる生産性向上支援,,200,text/html; charset=UTF-8,,,1,https://www.insource.co.jp/,/index.html/,,97,https://www.insource.co.jp/index.html,2026-09-03T02:31:23.666282+00:00,
https://www.insource.co.jp/package/online_education_taikeikouchiku.html,「集合しない」教育を中心とした研修体系構築プラン:現場で使える研修ならインソース,「集合しない」教育を中心とした研修体系構築プラン,200,text/html; charset=UTF-8,https://www.insource.co.jp/package/online_education_taikeikouchiku.html,,1,https://www.insource.co.jp/,/package/,/package/online_education_taikeikouchiku.html/,699,https://www.insource.co.jp/package/online_education_taikeikouchiku.html,2026-09-03T02:31:24.595702+00:00,
https://www.insource.co.jp/gaiyo/kojinjohohogo.html,"会社方針 - 社員研修,教育 職員研修 人材育成ならインソース",会社方針,200,text/html; charset=UTF-8,https://www.insource.co.jp/gaiyo/kojinjohohogo.html,,1,https://www.insource.co.jp/,/gaiyo/,/gaiyo/kojinjohohogo.html/,648,https://www.insource.co.jp/gaiyo/kojinjohohogo.html,2026-09-03T02:31:26.055900+00:00,
https://www.insource.co.jp/en/ir/index.html,IR Information - insource,IR Information,200,text/html; charset=UTF-8,https://www.insource.co.jp/en/ir/index.html,,2,https://www.insource.co.jp/consulting/dx-index.html,/en/,/en/ir/,28,https://www.insource.co.jp/en/ir/index.html,2026-09-03T02:31:27.456284+00:00,
https://www.insource.co.jp/meeting-booth/light.html,個室型オンラインブース／ミーティングブース・ライト（天井開閉式） - 株式会社インソース,,200,text/html; charset=UTF-8,https://www.insource.co.jp/meeting-booth/light.html,,2,https://www.insource.co.jp/consulting/dx-index.html,/meeting-booth/,/meeting-booth/light.html/,666,https://www.insource.co.jp/meeting-booth/light.html,2026-09-03T02:31:28.222549+00:00,
https://www.insource.co.jp/ir/ir_sai.html,株主・投資家のみなさまへ - For Shareholders and Investors - 教育 職員研修 人材育成ならインソース,株主・投資家のみなさまへ - For Shareholders and Investors,200,text/html; charset=UTF-8,https://www.insource.co.jp/ir/ir_sai.html,,2,https://www.insource.co.jp/consulting/dx-index.html,/ir/,/ir/ir_sai.html/,680,https://www.insource.co.jp/ir/ir_sai.html,2026-09-03T02:31:30.001645+00:00,
https://www.insource.co.jp/ir/ir_governance.html,コーポレートガバナンス - Corporate Governance - 教育 職員研修 人材育成ならインソース,コーポレートガバナンス - Corporate Governance,200,text/html; charset=UTF-8,https://www.insource.co.jp/ir/ir_governance.html,,2,https://www.insource.co.jp/consulting/dx-index.html,/ir/,/ir/ir_governance.html/,668,https://www.insource.co.jp/ir/ir_governance.html,2026-09-03T02:31:31.433979+00:00,
https://www.insource.co.jp/ir/ir_disclosure_policy.html,ディスクロージャーポリシー - Disclosure Policy - 教育 職員研修 人材育成ならインソース,ディスクロージャーポリシー - Disclosure Policy,200,text/html; charset=UTF-8,https://www.insource.co.jp/ir/ir_disclosure_policy.html,,2,https://www.insource.co.jp/consulting/dx-index.html,/ir/,/ir/ir_disclosure_policy.html/,655,https://www.insource.co.jp/ir/ir_disclosure_policy.html,2026-09-03T02:31:32.868980+00:00,
https://www.insource.co.jp/ir/ir_bft_financial_highlights.html,決算ハイライト - Financial Highlights - 教育 職員研修 人材育成ならインソース,決算ハイライト - Financial Highlights,200,text/html; charset=UTF-8,https://www.insource.co.jp/ir/ir_bft_financial_highlights.html,,2,https://www.insource.co.jp/consulting/dx-index.html,/ir/,/ir/ir_bft_financial_highlights.html/,628,https://www.insource.co.jp/ir/ir_bft_financial_highlights.html,2026-09-03T02:31:34.334503+00:00,
https://www.insource.co.jp/ir/ir_financial_info.html,業績財務情報 - Financial Information - 教育 職員研修 人材育成ならインソース,業績財務情報 - Financial Information,200,text/html; charset=UTF-8,https://www.insource.co.jp/ir/ir_financial_info.html,,2,https://www.insource.co.jp/consulting/dx-index.html,/ir/,/ir/ir_financial_info.html/,626,https://www.insource.co.jp/ir/ir_financial_info.html,2026-09-03T02:31:35.713820+00:00,
https://www.insource.co.jp/ir/ir_ir_ibrary.html,IRライブラリー - IR Library - 教育 職員研修 人材育成ならインソース,IRライブラリー - IR Library,200,text/html; charset=UTF-8,https://www.insource.co.jp/ir/ir_ir_ibrary.html,,2,https://www.insource.co.jp/consulting/dx-index.html,/ir/,/ir/ir_ir_ibrary.html/,25,https://www.insource.co.jp/ir/ir_ir_ibrary.html,2026-09-03T02:31:37.093269+00:00,
https://www.insource.co.jp/ir/ir_ir_financial-results-movie.html,IR関連動画 - 教育 職員研修 人材育成ならインソース,IR関連動画,200,text/html; charset=UTF-8,https://www.insource.co.jp/ir/ir_ir_financial-results-movie.html,,2,https://www.insource.co.jp/consulting/dx-index.html,/ir/,/ir/ir_ir_financial-results-movie.html/,700,https://www.insource.co.jp/ir/ir_ir_financial-results-movie.html,2026-09-03T02:31:37.922273+00:00,
https://www.insource.co.jp/ir/ir_bft_stock_information.html,株式情報 - Stock Information - 教育 職員研修 人材育成ならインソース,株式情報 - Stock Information,200,text/html; charset=UTF-8,https://www.insource.co.jp/ir/ir_bft_stock_information.html,,2,https://www.insource.co.jp/consulting/dx-index.html,/ir/,/ir/ir_bft_stock_information.html/,635,https://www.insource.co.jp/ir/ir_bft_stock_information.html,2026-09-03T02:31:39.379040+00:00,
https://www.insource.co.jp/ir/ir_stock_info.html,株主総会 - General Meeting of Shareholders - 教育 職員研修 人材育成ならインソース,株主総会 - General Meeting of Shareholders,200,text/html; charset=UTF-8,https://www.insource.co.jp/ir/ir_stock_info.html,,2,https://www.insource.co.jp/consulting/dx-index.html,/ir/,/ir/ir_stock_info.html/,663,https://www.insource.co.jp/ir/ir_stock_info.html,2026-09-03T02:31:40.766707+00:00,
https://www.insource.co.jp/ir/ir_analyst.html,アナリストカバレッジ - Analyst Coverage - 教育 職員研修 人材育成ならインソース,アナリストカバレッジ - Analyst Coverage,200,text/html; charset=UTF-8,https://www.insource.co.jp/ir/ir_analyst.html,,2,https://www.insource.co.jp/consulting/dx-index.html,/ir/,/ir/ir_analyst.html/,604,https://www.insource.co.jp/ir/ir_analyst.html,2026-09-03T02:31:42.189443+00:00,
https://www.insource.co.jp/contents/challenging-era/index.html,"インソース 時代に挑む ～最新の社会課題とその解決を 熱く、ひたむきに語る - 社員研修,教育 職員研修 人材育成ならインソース",,200,text/html; charset=UTF-8,https://www.insource.co.jp/contents/challenging-era/index.html,,2,https://www.insource.co.jp/consulting/dx-index.html,/contents/,/contents/challenging-era/,633,https://www.insource.co.jp/contents/challenging-era/index.html,2026-09-03T02:31:43.546208+00:00,
https://www.insource.co.jp/ir/ir_public_notice.html,電子公告 - Public Notice - 教育 職員研修 人材育成ならインソース,電子公告 - Public Notice,200,text/html; charset=UTF-8,https://www.insource.co.jp/ir/ir_public_notice.html,,2,https://www.insource.co.jp/consulting/dx-index.html,/ir/,/ir/ir_public_notice.html/,663,https://www.insource.co.jp/ir/ir_public_notice.html,2026-09-03T02:31:45.003867+00:00,
https://www.insource.co.jp/ir/ir_event.html,IRカレンダー - IR Calendar - 教育 職員研修 人材育成ならインソース,IRカレンダー - IR Calendar,200,text/html; charset=UTF-8,https://www.insource.co.jp/ir/ir_event.html,,2,https://www.insource.co.jp/consulting/dx-index.html,/ir/,/ir/ir_event.html/,650,https://www.insource.co.jp/ir/ir_event.html,2026-09-03T02:31:46.420485+00:00,
https://www.insource.co.jp/ir/insmthdata.html,月次のKPI（業績指標） - 教育 職員研修 人材育成ならインソース,月次のKPI（業績指標）,200,text/html; charset=UTF-8,https://www.insource.co.jp/ir/insmthdata.html,,2,https://www.insource.co.jp/consulting/dx-index.html,/ir/,/ir/insmthdata.html/,647,https://www.insource.co.jp/ir/insmthdata.html,2026-09-03T02:31:47.844850+00:00,
https://www.insource.co.jp/ir/ins_num_new.html,数字で見るインソース - 教育 職員研修 人材育成ならインソース,数字で見るインソース,200,text/html; charset=UTF-8,https://www.insource.co.jp/ir/ins_num_new.html,,2,https://www.insource.co.jp/consulting/dx-index.html,/ir/,/ir/ins_num_new.html/,657,https://www.insource.co.jp/ir/ins_num_new.html,2026-09-03T02:31:49.250201+00:00,
https://www.insource.co.jp/ir/ir_cautionary_note.html,免責事項 - Cautionary Note - 教育 職員研修 人材育成ならインソース,免責事項 - Cautionary Note,200,text/html; charset=UTF-8,https://www.insource.co.jp/ir/ir_cautionary_note.html,,2,https://www.insource.co.jp/consulting/dx-index.html,/ir/,/ir/ir_cautionary_note.html/,671,https://www.insource.co.jp/ir/ir_cautionary_note.html,2026-09-03T02:31:50.680318+00:00,
https://www.insource.co.jp/dougahyakkaten/lineup-dx_oa_it.html,デジタルスキル:動画百貨店～eラーニング・動画教材での研修もインソース,,200,text/html; charset=UTF-8,https://www.insource.co.jp/dougahyakkaten/lineup-dx_oa_it.html,,2,https://www.insource.co.jp/consulting/dx-index.html,/dougahyakkaten/,/dougahyakkaten/lineup-dx_oa_it.html/,679,https://www.insource.co.jp/dougahyakkaten/lineup-dx_oa_it.html,2026-09-03T02:31:52.105145+00:00,
https://www.insource.co.jp/bup/newcomer_it_dx.html,【公開講座】２０２７年新人ＩＴ研修 概要―１名から参加できる研修の会社インソース,,200,text/html; charset=UTF-8,https://www.insource.co.jp/bup/newcomer_it_dx.html,,2,https://www.insource.co.jp/consulting/dx-index.html,/bup/,/bup/newcomer_it_dx.html/,629,https://www.insource.co.jp/bup/newcomer_it_dx.html,2026-09-03T02:31:53.770501+00:00,
https://www.insource.co.jp/bup/system-project-management-series.html,システム開発のためのプロジェクトマネジメント極意シリーズ【研修セミナー公開講座】- 株式会社インソース,,200,text/html; charset=UTF-8,https://www.insource.co.jp/bup/system-project-management-series.html,,2,https://www.insource.co.jp/consulting/dx-index.html,/bup/,/bup/system-project-management-series.html/,37,https://www.insource.co.jp/bup/system-project-management-series.html,2026-09-03T02:31:55.196165+00:00,
https://www.insource.co.jp/ihl/251031_generation-ai-series.html,"インソースの生成AI関連 新サービスラインナップ｜社員研修,教育 職員研修 人材育成ならインソース",インソースの生成AI関連 新サービスラインナップ,200,text/html; charset=UTF-8,https://www.insource.co.jp/ihl/251031_generation-ai-series.html,,2,https://www.insource.co.jp/consulting/dx-index.html,/ihl/,/ihl/251031_generation-ai-series.html/,851,https://www.insource.co.jp/ihl/251031_generation-ai-series.html,2026-09-03T02:31:56.067924+00:00,
https://www.insource.co.jp/new-service-lineup/ai-plants.html,生成AI機能搭載の営業支援ツール「AI-Plants」:研修会社インソース～講師派遣研修／公開講座の研修,,200,text/html; charset=UTF-8,https://www.insource.co.jp/new-service-lineup/ai-plants.html,,2,https://www.insource.co.jp/consulting/dx-index.html,/new-service-lineup/,/new-service-lineup/ai-plants.html/,660,https://www.insource.co.jp/new-service-lineup/ai-plants.html,2026-09-03T02:31:57.699213+00:00,
https://www.insource.co.jp/bup/middle_improvement.html,業務改善・マニュアル作成研修―１名から参加できる研修の会社インソース,業務改善・マニュアル作成研修 | 研修セミナー公開講座,200,text/html; charset=UTF-8,https://www.insource.co.jp/bup/middle_improvement.html,,2,https://www.insource.co.jp/consulting/dx-index.html,/bup/,/bup/middle_improvement.html/,1728,https://www.insource.co.jp/bup/middle_improvement.html,2026-09-03T02:31:59.106639+00:00,
https://www.insource.co.jp/consulting/ai-dx-proposal.html,【自治体・官公庁向け】生成ＡＩ・ＤＸ研修企画支援～仕様書作成・予算化から伴走:現場で使える研修ならインソース,,200,text/html; charset=UTF-8,https://www.insource.co.jp/consulting/ai-dx-proposal.html,,2,https://www.insource.co.jp/consulting/dx-index.html,/consulting/,/consulting/ai-dx-proposal.html/,636,https://www.insource.co.jp/consulting/ai-dx-proposal.html,2026-09-03T02:32:01.804691+00:00,
https://www.insource.co.jp/seminar/seminar_ai-academy.html,【無料セミナー】【ハイブリッド形式（来場・オンライン）】経営としてのＡＩ活用―全社員ＡＩ人材化による業務ＤＸの実践―:研修会社インソース～講師派遣研修／公開講座の研修,,200,text/html; charset=UTF-8,https://www.insource.co.jp/seminar/seminar_ai-academy.html,,2,https://www.insource.co.jp/consulting/dx-index.html,/seminar/,/seminar/seminar_ai-academy.html/,668,https://www.insource.co.jp/seminar/seminar_ai-academy.html,2026-09-03T02:32:03.194381+00:00,
https://www.insource.co.jp/new-service-lineup/ai-ojt-plaform.html,ＡＩが企業独自のケーススタディを生成し、現場での事故を未然に防ぐプラットフォーム「ＡＩ－ＯＪＴ」:研修会社インソース～講師派遣研修／公開講座の研修,,200,text/html; charset=UTF-8,https://www.insource.co.jp/new-service-lineup/ai-ojt-plaform.html,,2,https://www.insource.co.jp/consulting/dx-index.html,/new-service-lineup/,/new-service-lineup/ai-ojt-plaform.html/,693,https://www.insource.co.jp/new-service-lineup/ai-ojt-plaform.html,2026-09-03T02:32:04.632896+00:00,
https://www.insource.co.jp/bup/bup_gemini-ai-agent.html,【研修セミナー公開講座】ＡＩエージェント基礎研修～Geminiで自組織専用のGemを作成する- 株式会社インソース,ＡＩエージェント基礎研修～Geminiで自組織専用のGemを作成する,200,text/html; charset=UTF-8,https://www.insource.co.jp/bup/bup_gemini-ai-agent.html,,2,https://www.insource.co.jp/consulting/dx-index.html,/bup/,/bup/bup_gemini-ai-agent.html/,1699,https://www.insource.co.jp/bup/bup_gemini-ai-agent.html,2026-09-03T02:32:06.098962+00:00,
https://www.insource.co.jp/bup/bup_claude-business-efficiency.html,【研修セミナー公開講座】業務効率化のためのClaude活用研修～Excel業務と資料作成の負担を減らす- 株式会社インソース,業務効率化のためのClaude活用研修～Excel業務と資料作成の負担を減らす,200,text/html; charset=UTF-8,https://www.insource.co.jp/bup/bup_claude-business-efficiency.html,,2,https://www.insource.co.jp/consulting/dx-index.html,/bup/,/bup/bup_claude-business-efficiency.html/,34,https://www.insource.co.jp/bup/bup_claude-business-efficiency.html,2026-09-03T02:32:08.665165+00:00,
https://www.insource.co.jp/bup/bup_copilot-studio-agent.html,【研修セミナー公開講座】Copilot Studio研修～社内データ活用エージェントを作る- 株式会社インソース,Copilot Studio研修～社内データ活用エージェントを作る,200,text/html; charset=UTF-8,https://www.insource.co.jp/bup/bup_copilot-studio-agent.html,,2,https://www.insource.co.jp/consulting/dx-index.html,/bup/,/bup/bup_copilot-studio-agent.html/,41,https://www.insource.co.jp/bup/bup_copilot-studio-agent.html,2026-09-03T02:32:09.644667+00:00,
https://www.insource.co.jp/bup/bup_vibecoding-training.html,【研修セミナー公開講座】バイブコーディング体験研修～ＡＩの力でプログラムを自動作成する- 株式会社インソース,バイブコーディング体験研修～ＡＩの力でプログラムを自動作成する,200,text/html; charset=UTF-8,https://www.insource.co.jp/bup/bup_vibecoding-training.html,,2,https://www.insource.co.jp/consulting/dx-index.html,/bup/,/bup/bup_vibecoding-training.html/,35,https://www.insource.co.jp/bup/bup_vibecoding-training.html,2026-09-03T02:32:10.542872+00:00,
https://www.insource.co.jp/bup/bup_ai-process-improvement.html,【研修セミナー公開講座】生成ＡＩを活用した業務改善研修～業務を可視化し、ＡＩに置き換え組織展開する- 株式会社インソース,生成ＡＩを活用した業務改善研修～業務を可視化し、ＡＩに置き換え組織展開する,200,text/html; charset=UTF-8,https://www.insource.co.jp/bup/bup_ai-process-improvement.html,,2,https://www.insource.co.jp/consulting/dx-index.html,/bup/,/bup/bup_ai-process-improvement.html/,35,https://www.insource.co.jp/bup/bup_ai-process-improvement.html,2026-09-03T02:32:11.435692+00:00,
https://www.insource.co.jp/ai-dx/vnext.html,ＡＩ活用基盤vNext～社内のＡＩ活用が、見える·使える·統制できる:現場で使える研修ならインソース,,200,text/html; charset=UTF-8,https://www.insource.co.jp/ai-dx/vnext.html,,2,https://www.insource.co.jp/consulting/dx-index.html,/ai-dx/,/ai-dx/vnext.html/,27,https://www.insource.co.jp/ai-dx/vnext.html,2026-09-03T02:32:12.404512+00:00,
https://www.insource.co.jp/new-service-lineup/ai-hris.html,ＡＩ人事制度支援サービス:現場で使える研修ならインソース,,200,text/html; charset=UTF-8,https://www.insource.co.jp/new-service-lineup/ai-hris.html,,2,https://www.insource.co.jp/consulting/dx-index.html,/new-service-lineup/,/new-service-lineup/ai-hris.html/,645,https://www.insource.co.jp/new-service-lineup/ai-hris.html,2026-09-03T02:32:13.191836+00:00,
https://www.insource.co.jp/gaiyo/news26033002.html,"2026.03.30 東京都「データ利活用ガイドライン研修」の教材制作を受託 ～漫画教材などを当社グループで制作、行政のデータに基づく政策立案の促進を支援 - 社員研修,教育 職員研修 人材育成ならインソース",東京都「データ利活用ガイドライン研修」の教材制作を受託 ～漫画教材などを当社グループで制作、行政のデータに基づく政策立案の促進を支援,200,text/html; charset=UTF-8,https://www.insource.co.jp/gaiyo/news26033002.html,,2,https://www.insource.co.jp/consulting/dx-index.html,/gaiyo/,/gaiyo/news26033002.html/,667,https://www.insource.co.jp/gaiyo/news26033002.html,2026-09-03T02:32:14.587596+00:00,
https://www.insource.co.jp/gaiyo/news26030601.html,"2026.03.06 株式会社三菱UFJフィナンシャル・グループ様のDX推進を2026年も継続ご支援 ～「BASE研修プログラム」を共同で実施 - 社員研修,教育 職員研修 人材育成ならインソース",株式会社三菱UFJフィナンシャル・グループ様のDX推進を2026年も継続ご支援 ～「BASE研修プログラム」を共同で実施,200,text/html; charset=UTF-8,https://www.insource.co.jp/gaiyo/news26030601.html,,2,https://www.insource.co.jp/consulting/dx-index.html,/gaiyo/,/gaiyo/news26030601.html/,599,https://www.insource.co.jp/gaiyo/news26030601.html,2026-09-03T02:32:16.004285+00:00,
https://www.insource.co.jp/gaiyo/news25121901.html,"2025.12.19 ふくおかフィナンシャルグループ様のDXコア人財育成をご支援 ～本部企画人財向けにDX企画・実践力向上研修および個別面談で伴走 - 社員研修,教育 職員研修 人材育成ならインソース",ふくおかフィナンシャルグループ様のDXコア人財育成をご支援 ～本部企画人財向けにDX企画・実践力向上研修および個別面談で伴走,200,text/html; charset=UTF-8,https://www.insource.co.jp/gaiyo/news25121901.html,,2,https://www.insource.co.jp/consulting/dx-index.html,/gaiyo/,/gaiyo/news25121901.html/,656,https://www.insource.co.jp/gaiyo/news25121901.html,2026-09-03T02:32:17.352076+00:00,
https://www.insource.co.jp/gaiyo/news25110501.html,"2025.11.05 神戸大学のDX人材育成パートナーに選定 ～大学職員のDX人材育成に向けて総合的にご支援 - 社員研修,教育 職員研修 人材育成ならインソース",神戸大学のDX人材育成パートナーに選定 ～大学職員のDX人材育成に向けて総合的にご支援,200,text/html; charset=UTF-8,https://www.insource.co.jp/gaiyo/news25110501.html,,2,https://www.insource.co.jp/consulting/dx-index.html,/gaiyo/,/gaiyo/news25110501.html/,669,https://www.insource.co.jp/gaiyo/news25110501.html,2026-09-03T02:32:18.756294+00:00,
https://www.insource.co.jp/gaiyo/news25092901.html,"2025.09.29 ソフトバンク社の「Axross Recipe for Biz」のコンテンツパートナーに選定 ～AI・DXスキルの習得のためのeラーニングコンテンツを提供 - 社員研修,教育 職員研修 人材育成ならインソース",ソフトバンク社の「Axross Recipe for Biz」のコンテンツパートナーに選定 ～AI・DXスキルの習得のためのeラーニングコンテンツを提供,200,text/html; charset=UTF-8,https://www.insource.co.jp/gaiyo/news25092901.html,,2,https://www.insource.co.jp/consulting/dx-index.html,/gaiyo/,/gaiyo/news25092901.html/,658,https://www.insource.co.jp/gaiyo/news25092901.html,2026-09-03T02:32:20.174412+00:00,
https://www.insource.co.jp/gaiyo/news25091001.html,"2025.09.10 DX時代の企業課題解決を探る「ENERGY」2025年秋号をリリース ～清水建設様のデジタル人財育成事例を掲載 - 社員研修,教育 職員研修 人材育成ならインソース",DX時代の企業課題解決を探る「ENERGY」2025年秋号をリリース ～清水建設様のデジタル人財育成事例を掲載,200,text/html; charset=UTF-8,https://www.insource.co.jp/gaiyo/news25091001.html,,2,https://www.insource.co.jp/consulting/dx-index.html,/gaiyo/,/gaiyo/news25091001.html/,668,https://www.insource.co.jp/gaiyo/news25091001.html,2026-09-03T02:32:21.644292+00:00,
https://www.insource.co.jp/gaiyo/news25082501.html,"2025.08.25 東京学芸大学への寄付及び「DX交流プログラム」実施のお知らせ ～産学連携強化と将来を担う人材の育成に寄与 - 社員研修,教育 職員研修 人材育成ならインソース",東京学芸大学への寄付及び「DX交流プログラム」実施のお知らせ ～産学連携強化と将来を担う人材の育成に寄与,200,text/html; charset=UTF-8,https://www.insource.co.jp/gaiyo/news25082501.html,,2,https://www.insource.co.jp/consulting/dx-index.html,/gaiyo/,/gaiyo/news25082501.html/,691,https://www.insource.co.jp/gaiyo/news25082501.html,2026-09-03T02:32:23.060693+00:00,
https://www.insource.co.jp/gaiyo/news25082001.html,"2025.08.20 本田技研工業様の従業員向けスキル教育に「統計学コース」を新設 ～Excelを活用して統計学を実践的に学べる機会の創出をご支援 - 社員研修,教育 職員研修 人材育成ならインソース",本田技研工業様の従業員向けスキル教育に「統計学コース」を新設 ～Excelを活用して統計学を実践的に学べる機会の創出をご支援,200,text/html; charset=UTF-8,https://www.insource.co.jp/gaiyo/news25082001.html,,2,https://www.insource.co.jp/consulting/dx-index.html,/gaiyo/,/gaiyo/news25082001.html/,645,https://www.insource.co.jp/gaiyo/news25082001.html,2026-09-03T02:32:24.500670+00:00,
https://www.insource.co.jp/gaiyo/news24121801.html,"2024.12.18 前澤工業様にてDX推進人材育成のための研修を実施 ～管理職及び推進人材のDX人材育成をご支援 - 社員研修,教育 職員研修 人材育成ならインソース",前澤工業様にてDX推進人材育成のための研修を実施 ～管理職及び推進人材のDX人材育成をご支援,200,text/html; charset=UTF-8,https://www.insource.co.jp/gaiyo/news24121801.html,,2,https://www.insource.co.jp/consulting/dx-index.html,/gaiyo/,/gaiyo/news24121801.html/,635,https://www.insource.co.jp/gaiyo/news24121801.html,2026-09-03T02:32:25.895787+00:00,
https://www.insource.co.jp/gaiyo/news24120401.html,"2024.12.04 清水建設様の「シミズ・デジタル・アカデミー DXコア人財育成プログラム」のパートナーに選定 ～DXコア人財120名の育成をご支援 - 社員研修,教育 職員研修 人材育成ならインソース",清水建設様の「シミズ・デジタル・アカデミー DXコア人財育成プログラム」のパートナーに選定 ～DXコア人財120名の育成をご支援,200,text/html; charset=UTF-8,https://www.insource.co.jp/gaiyo/news24120401.html,,2,https://www.insource.co.jp/consulting/dx-index.html,/gaiyo/,/gaiyo/news24120401.html/,646,https://www.insource.co.jp/gaiyo/news24120401.html,2026-09-03T02:32:27.279916+00:00,
https://www.insource.co.jp/gaiyo/news-dx.html,"IT・DXニュース - 社員研修,教育 職員研修 人材育成ならインソース",IT・DXニュースリリース,200,text/html; charset=UTF-8,https://www.insource.co.jp/gaiyo/news-dx.html,,2,https://www.insource.co.jp/consulting/dx-index.html,/gaiyo/,/gaiyo/news-dx.html/,25,https://www.insource.co.jp/gaiyo/news-dx.html,2026-09-03T02:32:28.675025+00:00,
https://www.insource.co.jp/consulting/whitepaper_download.html,ＡＩ・ＤＸ関連資料ダウンロード―デジタル分野の研修・動画教育・人材育成はインソース,ＡＩ・ＤＸ関連資料ダウンロード,200,text/html; charset=UTF-8,https://www.insource.co.jp/consulting/whitepaper_download.html,,2,https://www.insource.co.jp/consulting/dx-index.html,/consulting/,/consulting/whitepaper_download.html/,641,https://www.insource.co.jp/consulting/whitepaper_download.html,2026-09-03T02:32:29.470971+00:00,
https://www.insource.co.jp/project-management/pm_communication.html,【極意シリーズ】PMコミュニケーション研修～現場実践の調整力（３日間）:現場で使える研修ならインソース,【極意シリーズ】PMコミュニケーション研修～現場実践の調整力（３日間）,200,text/html; charset=UTF-8,https://www.insource.co.jp/project-management/pm_communication.html,,2,https://www.insource.co.jp/consulting/dx-index.html,/project-management/,/project-management/pm_communication.html/,998,https://www.insource.co.jp/project-management/pm_communication.html,2026-09-03T02:32:30.870502+00:00,
https://www.insource.co.jp/dx-business-improvement/dx_leader.html,ＤＸリーダー育成研修～変化を推進するための役割理解（２日間）:現場で使える研修ならインソース,ＤＸリーダー育成研修～変化を推進するための役割理解（２日間）,200,text/html; charset=UTF-8,https://www.insource.co.jp/dx-business-improvement/dx_leader.html,,2,https://www.insource.co.jp/consulting/dx-index.html,/dx-business-improvement/,/dx-business-improvement/dx_leader.html/,889,https://www.insource.co.jp/dx-business-improvement/dx_leader.html,2026-09-03T02:32:32.783595+00:00,
https://www.insource.co.jp/bup/bup_manufacturing-dx.html,【研修セミナー公開講座】（半日研修）製造業向けＤＸ推進研修～事例から成功の勘所を押さえ変革の一歩を踏み出す- 株式会社インソース,（半日研修）製造業向けＤＸ推進研修～事例から成功の勘所を押さえ変革の一歩を踏み出す,200,text/html; charset=UTF-8,https://www.insource.co.jp/bup/bup_manufacturing-dx.html,,2,https://www.insource.co.jp/consulting/dx-index.html,/bup/,/bup/bup_manufacturing-dx.html/,1658,https://www.insource.co.jp/bup/bup_manufacturing-dx.html,2026-09-03T02:32:34.513036+00:00,
https://www.insource.co.jp/bup/bup_solo-itsecurity-training.html,【研修セミナー公開講座】一人情報システム担当者向け研修～情報セキュリティ基礎と実践- 株式会社インソース,一人情報システム担当者向け研修～情報セキュリティ基礎と実践,200,text/html; charset=UTF-8,https://www.insource.co.jp/bup/bup_solo-itsecurity-training.html,,2,https://www.insource.co.jp/consulting/dx-index.html,/bup/,/bup/bup_solo-itsecurity-training.html/,1877,https://www.insource.co.jp/bup/bup_solo-itsecurity-training.html,2026-09-03T02:32:37.033922+00:00,
https://www.insource.co.jp/soshikinochi/veteran_ai.html,ベテランのための生成ＡＩ活用研修～圧倒的スピードで知識伝承（１日間）:現場で使える研修ならインソース,ベテランのための生成ＡＩ活用研修～圧倒的スピードで知識伝承（１日間）,200,text/html; charset=UTF-8,https://www.insource.co.jp/soshikinochi/veteran_ai.html,,2,https://www.insource.co.jp/consulting/dx-index.html,/soshikinochi/,/soshikinochi/veteran_ai.html/,813,https://www.insource.co.jp/soshikinochi/veteran_ai.html,2026-09-03T02:32:39.854489+00:00,
https://www.insource.co.jp/dougahyakkaten/flexible_decision_making.html,【DXリテラシー標準シリーズ】デジタル時代の「マインド・スタンス」を学ぶ～柔軟な意思決定:eラーニング・動画教材での研修もインソース,【DXリテラシー標準シリーズ】デジタル時代の「マインド・スタンス」を学ぶ～柔軟な意思決定,200,text/html; charset=UTF-8,https://www.insource.co.jp/dougahyakkaten/flexible_decision_making.html,,2,https://www.insource.co.jp/consulting/dx-index.html,/dougahyakkaten/,/dougahyakkaten/flexible_decision_making.html/,649,https://www.insource.co.jp/dougahyakkaten/flexible_decision_making.html,2026-09-03T02:32:41.501090+00:00,
https://www.insource.co.jp/bup/bup_conversational_ai_outline.html,【研修セミナー公開講座】（半日研修）ChatGPT理解研修～導入事例やリスクを知り、組織での活用方法を検討する- 株式会社インソース,（半日研修）ChatGPT理解研修～導入事例やリスクを知り、組織での活用方法を検討する,200,text/html; charset=UTF-8,https://www.insource.co.jp/bup/bup_conversational_ai_outline.html,,2,https://www.insource.co.jp/consulting/dx-index.html,/bup/,/bup/bup_conversational_ai_outline.html/,1950,https://www.insource.co.jp/bup/bup_conversational_ai_outline.html,2026-09-03T02:32:43.340921+00:00,
https://www.insource.co.jp/bup/bup_copilot.html,【研修セミナー公開講座】（半日研修）Microsoft 365 Copilotの使い方研修～Excel・PowerPoint操作を効率化する- 株式会社インソース,（半日研修）Microsoft 365 Copilotの使い方研修～Excel・PowerPoint操作を効率化する,200,text/html; charset=UTF-8,https://www.insource.co.jp/bup/bup_copilot.html,,2,https://www.insource.co.jp/consulting/dx-index.html,/bup/,/bup/bup_copilot.html/,1668,https://www.insource.co.jp/bup/bup_copilot.html,2026-09-03T02:32:46.244545+00:00,
https://www.insource.co.jp/bup/bup_gemini_google.html,【研修セミナー公開講座】業務効率化のためのGemini研修～Googleアプリとの連携で作業時間を削減する- 株式会社インソース,業務効率化のためのGemini研修～Googleアプリとの連携で作業時間を削減する,200,text/html; charset=UTF-8,https://www.insource.co.jp/bup/bup_gemini_google.html,,2,https://www.insource.co.jp/consulting/dx-index.html,/bup/,/bup/bup_gemini_google.html/,1620,https://www.insource.co.jp/bup/bup_gemini_google.html,2026-09-03T02:32:48.789144+00:00,
https://www.insource.co.jp/ai-solution/copilot_beginning.html,Copilotのはじめ方研修～生成ＡＩを仕事で頼れるパートナーにする（半日間）:現場で使える研修ならインソース,Copilotのはじめ方研修～生成ＡＩを仕事で頼れるパートナーにする（半日間）,200,text/html; charset=UTF-8,https://www.insource.co.jp/ai-solution/copilot_beginning.html,,2,https://www.insource.co.jp/consulting/dx-index.html,/ai-solution/,/ai-solution/copilot_beginning.html/,920,https://www.insource.co.jp/ai-solution/copilot_beginning.html,2026-09-03T02:32:51.273181+00:00,
https://www.insource.co.jp/ai-solution/copilot_aiagent.html,ＡＩエージェント基礎研修～自分専用の生成ＡＩで業務を自動化する（半日間）:現場で使える研修ならインソース,ＡＩエージェント基礎研修～自分専用の生成ＡＩで業務を自動化する（半日間）,200,text/html; charset=UTF-8,https://www.insource.co.jp/ai-solution/copilot_aiagent.html,,2,https://www.insource.co.jp/consulting/dx-index.html,/ai-solution/,/ai-solution/copilot_aiagent.html/,1069,https://www.insource.co.jp/ai-solution/copilot_aiagent.html,2026-09-03T02:32:53.101983+00:00,
https://www.insource.co.jp/business-develop/ai_ideathon.html,生成AIを活用した企画立案ワークショップ～アイデアソンに取り組む（１日間）:現場で使える研修ならインソース,生成AIを活用した企画立案ワークショップ～アイデアソンに取り組む（１日間）,200,text/html; charset=UTF-8,https://www.insource.co.jp/business-develop/ai_ideathon.html,,2,https://www.insource.co.jp/consulting/dx-index.html,/business-develop/,/business-develop/ai_ideathon.html/,934,https://www.insource.co.jp/business-develop/ai_ideathon.html,2026-09-03T02:32:55.011024+00:00,
https://www.insource.co.jp/dougahyakkaten/howtochatgpt.html,ChatGPT活用講座～事例やできることを学び、業務効率化につなげる:eラーニング・動画教材での研修もインソース,ChatGPT活用講座～事例やできることを学び、業務効率化につなげる,200,text/html; charset=UTF-8,https://www.insource.co.jp/dougahyakkaten/howtochatgpt.html,,2,https://www.insource.co.jp/consulting/dx-index.html,/dougahyakkaten/,/dougahyakkaten/howtochatgpt.html/,667,https://www.insource.co.jp/dougahyakkaten/howtochatgpt.html,2026-09-03T02:32:56.801685+00:00,
https://www.insource.co.jp/dougahyakkaten/chatgptai.html,【弁護士解説シリーズ】ChatGPTを含む生成系（ジェネレーティブ）AI活用について:eラーニング・動画教材での研修もインソース,【弁護士解説シリーズ】ChatGPTを含む生成系（ジェネレーティブ）AI活用について,200,text/html; charset=UTF-8,https://www.insource.co.jp/dougahyakkaten/chatgptai.html,,2,https://www.insource.co.jp/consulting/dx-index.html,/dougahyakkaten/,/dougahyakkaten/chatgptai.html/,683,https://www.insource.co.jp/dougahyakkaten/chatgptai.html,2026-09-03T02:32:58.257840+00:00,
https://www.insource.co.jp/bup/bup_dx_yoken.html,【研修セミナー公開講座】ＤＸ推進のための要件定義研修- 株式会社インソース,ＤＸ推進のための要件定義研修,200,text/html; charset=UTF-8,https://www.insource.co.jp/bup/bup_dx_yoken.html,,2,https://www.insource.co.jp/consulting/dx-index.html,/bup/,/bup/bup_dx_yoken.html/,1727,https://www.insource.co.jp/bup/bup_dx_yoken.html,2026-09-03T02:32:59.794871+00:00,
https://www.insource.co.jp/bup/bup-dx-outline.html,【研修セミナー公開講座】（半日研修）ＤＸ理解研修- 株式会社インソース,（半日研修）ＤＸ理解研修,200,text/html; charset=UTF-8,https://www.insource.co.jp/bup/bup-dx-outline.html,,2,https://www.insource.co.jp/consulting/dx-index.html,/bup/,/bup/bup-dx-outline.html/,1783,https://www.insource.co.jp/bup/bup-dx-outline.html,2026-09-03T02:33:02.392941+00:00,
https://www.insource.co.jp/bup/bup_digital_transformation.html,【研修セミナー公開講座】（半日研修）ＤＸ推進研修～５ステップで今日から始める- 株式会社インソース,（半日研修）ＤＸ推進研修～５ステップで今日から始める,200,text/html; charset=UTF-8,https://www.insource.co.jp/bup/bup_digital_transformation.html,,2,https://www.insource.co.jp/consulting/dx-index.html,/bup/,/bup/bup_digital_transformation.html/,1803,https://www.insource.co.jp/bup/bup_digital_transformation.html,2026-09-03T02:33:05.052697+00:00,
https://www.insource.co.jp/construction/statistical_thinking.html,建設業向けデータサイエンティスト育成研修～統計的思考と基礎的推論（１日間）:現場で使える研修ならインソース,建設業向けデータサイエンティスト育成研修～統計的思考と基礎的推論（１日間）,200,text/html; charset=UTF-8,https://www.insource.co.jp/construction/statistical_thinking.html,,2,https://www.insource.co.jp/consulting/dx-index.html,/construction/,/construction/statistical_thinking.html/,918,https://www.insource.co.jp/construction/statistical_thinking.html,2026-09-03T02:33:07.796873+00:00,
https://www.insource.co.jp/digital-transformation/dx_literacy.html,ＤＸリテラシー向上研修 （半日間）:現場で使える研修ならインソース,ＤＸリテラシー向上研修 （半日間）,200,text/html; charset=UTF-8,https://www.insource.co.jp/digital-transformation/dx_literacy.html,,2,https://www.insource.co.jp/consulting/dx-index.html,/digital-transformation/,/digital-transformation/dx_literacy.html/,840,https://www.insource.co.jp/digital-transformation/dx_literacy.html,2026-09-03T02:33:09.561354+00:00,
https://www.insource.co.jp/digital-transformation/dl_mind_approach.html,【ＤＸリテラシー標準セミナー】デジタル時代の「マインド・スタンス」を学ぶ～反復的なアプローチ（半日間）:現場で使える研修ならインソース,【ＤＸリテラシー標準セミナー】デジタル時代の「マインド・スタンス」を学ぶ～反復的なアプローチ（半日間）,200,text/html; charset=UTF-8,https://www.insource.co.jp/digital-transformation/dl_mind_approach.html,,2,https://www.insource.co.jp/consulting/dx-index.html,/digital-transformation/,/digital-transformation/dl_mind_approach.html/,803,https://www.insource.co.jp/digital-transformation/dl_mind_approach.html,2026-09-03T02:33:11.219175+00:00,
https://www.insource.co.jp/dougahyakkaten/dx-outline.html,DX理解研修～基礎から学び、デジタルトランスフォーメーションを実現する（冊子教材・テスト付き）:eラーニング・動画教材での研修もインソース,DX理解研修～基礎から学び、デジタルトランスフォーメーションを実現する（冊子教材・テスト付き）,200,text/html; charset=UTF-8,https://www.insource.co.jp/dougahyakkaten/dx-outline.html,,2,https://www.insource.co.jp/consulting/dx-index.html,/dougahyakkaten/,/dougahyakkaten/dx-outline.html/,708,https://www.insource.co.jp/dougahyakkaten/dx-outline.html,2026-09-03T02:33:12.835421+00:00,
https://www.insource.co.jp/dougahyakkaten/system-understanding.html,システム・ＩＴ理解研修～基礎から学び、ＩＴ人材を目指す（冊子教材・テスト付き）:eラーニング・動画教材での研修もインソース,システム・ＩＴ理解研修～基礎から学び、ＩＴ人材を目指す（冊子教材・テスト付き）,200,text/html; charset=UTF-8,https://www.insource.co.jp/dougahyakkaten/system-understanding.html,,2,https://www.insource.co.jp/consulting/dx-index.html,/dougahyakkaten/,/dougahyakkaten/system-understanding.html/,689,https://www.insource.co.jp/dougahyakkaten/system-understanding.html,2026-09-03T02:33:14.399127+00:00,
https://www.insource.co.jp/dougahyakkaten/ai.html,ビジネス活用のためのAI・人工知能入門講座:eラーニング・動画教材での研修もインソース,ビジネス活用のためのAI・人工知能入門講座,200,text/html; charset=UTF-8,https://www.insource.co.jp/dougahyakkaten/ai.html,,2,https://www.insource.co.jp/consulting/dx-index.html,/dougahyakkaten/,/dougahyakkaten/ai.html/,30,https://www.insource.co.jp/dougahyakkaten/ai.html,2026-09-03T02:33:15.876749+00:00,
https://www.insource.co.jp/kenshu/pckenshu_top.html,OAスキル（エクセル・ワード・パワーポイント等）研修 | 現場で使える研修ならインソース,OAスキル（エクセル・ワード・パワーポイント等）研修 | 現場で使える研修ならインソース,200,text/html; charset=UTF-8,https://www.insource.co.jp/kenshu/pckenshu_top.html,,2,https://www.insource.co.jp/consulting/dx-index.html,/kenshu/,/kenshu/pckenshu_top.html/,38,https://www.insource.co.jp/kenshu/pckenshu_top.html,2026-09-03T02:33:16.697075+00:00,
https://www.insource.co.jp/bup/bup_excel_basic_1day.html,【研修セミナー公開講座】Microsoft Office研修～Excel基礎編- 株式会社インソース,Microsoft Office研修～Excel基礎編,200,text/html; charset=UTF-8,https://www.insource.co.jp/bup/bup_excel_basic_1day.html,,2,https://www.insource.co.jp/consulting/dx-index.html,/bup/,/bup/bup_excel_basic_1day.html/,1973,https://www.insource.co.jp/bup/bup_excel_basic_1day.html,2026-09-03T02:33:17.550220+00:00,
https://www.insource.co.jp/bup/bup_oa_officeword_intro.html,【研修セミナー公開講座】（半日研修）Word入門研修～書類作成の要点を学ぶ- 株式会社インソース,（半日研修）Word入門研修～書類作成の要点を学ぶ,200,text/html; charset=UTF-8,https://www.insource.co.jp/bup/bup_oa_officeword_intro.html,,2,https://www.insource.co.jp/consulting/dx-index.html,/bup/,/bup/bup_oa_officeword_intro.html/,1623,https://www.insource.co.jp/bup/bup_oa_officeword_intro.html,2026-09-03T02:33:20.522169+00:00,
https://www.insource.co.jp/bup/bup_powerpoint_design.html,【研修セミナー公開講座】【全力解説】人を動かすPowerPoint資料の作り方研修～センスに頼らず、相手目線で効率的にデザインする- 株式会社インソース,【全力解説】人を動かすPowerPoint資料の作り方研修～センスに頼らず、相手目線で効率的にデザインする,200,text/html; charset=UTF-8,https://www.insource.co.jp/bup/bup_powerpoint_design.html,,2,https://www.insource.co.jp/consulting/dx-index.html,/bup/,/bup/bup_powerpoint_design.html/,1675,https://www.insource.co.jp/bup/bup_powerpoint_design.html,2026-09-03T02:33:23.004170+00:00,
https://www.insource.co.jp/reskilling/mos_excel_expert.html,（中級者向け）Excel研修～MOS Excel 365エキスパート（２日間）:現場で使える研修ならインソース,（中級者向け）Excel研修～MOS Excel 365エキスパート（２日間）,200,text/html; charset=UTF-8,https://www.insource.co.jp/reskilling/mos_excel_expert.html,,2,https://www.insource.co.jp/consulting/dx-index.html,/reskilling/,/reskilling/mos_excel_expert.html/,31,https://www.insource.co.jp/reskilling/mos_excel_expert.html,2026-09-03T02:33:25.565344+00:00,
https://www.insource.co.jp/gyoukai/rpa-power-automate.html,Power Automate Desktop研修～繰り返し作業を自動化する（２日間）:現場で使える研修ならインソース,Power Automate Desktop研修～繰り返し作業を自動化する（２日間）,200,text/html; charset=UTF-8,https://www.insource.co.jp/gyoukai/rpa-power-automate.html,,2,https://www.insource.co.jp/consulting/dx-index.html,/gyoukai/,/gyoukai/rpa-power-automate.html/,788,https://www.insource.co.jp/gyoukai/rpa-power-automate.html,2026-09-03T02:33:26.499661+00:00,
https://www.insource.co.jp/it/onedrive-deployment.html,じっくり深めるOneDrive/SharePoint研修～違いと共通点（半日間）:現場で使える研修ならインソース,じっくり深めるOneDrive/SharePoint研修～違いと共通点（半日間）,200,text/html; charset=UTF-8,https://www.insource.co.jp/it/onedrive-deployment.html,,2,https://www.insource.co.jp/consulting/dx-index.html,/it/,/it/onedrive-deployment.html/,682,https://www.insource.co.jp/it/onedrive-deployment.html,2026-09-03T02:33:28.121214+00:00,
https://www.insource.co.jp/dougahyakkaten/excel100.html,仕事でExcelを使いこなす100の極意マスター講座:eラーニング・動画教材での研修もインソース,仕事でExcelを使いこなす100の極意マスター講座,200,text/html; charset=UTF-8,https://www.insource.co.jp/dougahyakkaten/excel100.html,,2,https://www.insource.co.jp/consulting/dx-index.html,/dougahyakkaten/,/dougahyakkaten/excel100.html/,625,https://www.insource.co.jp/dougahyakkaten/excel100.html,2026-09-03T02:33:29.616958+00:00,
https://www.insource.co.jp/dougahyakkaten/it-literacy.html,ITリテラシー講座:eラーニング・動画教材での研修もインソース,ITリテラシー講座,200,text/html; charset=UTF-8,https://www.insource.co.jp/dougahyakkaten/it-literacy.html,,2,https://www.insource.co.jp/consulting/dx-index.html,/dougahyakkaten/,/dougahyakkaten/it-literacy.html/,30,https://www.insource.co.jp/dougahyakkaten/it-literacy.html,2026-09-03T02:33:31.024528+00:00,
https://www.insource.co.jp/dougahyakkaten/oa_rental-package.html,【動画教材セットプラン】OAの操作と活用スキルを身につけ、業務のスピードと質を引き上げる:eラーニング・動画教材での研修もインソース,【動画教材セットプラン】OAの操作と活用スキルを身につけ、業務のスピードと質を引き上げる,200,text/html; charset=UTF-8,https://www.insource.co.jp/dougahyakkaten/oa_rental-package.html,,2,https://www.insource.co.jp/consulting/dx-index.html,/dougahyakkaten/,/dougahyakkaten/oa_rental-package.html/,649,https://www.insource.co.jp/dougahyakkaten/oa_rental-package.html,2026-09-03T02:33:31.844089+00:00,
https://www.insource.co.jp/kenshu/excel-top.html,Excel（エクセル）研修 Excelを使いこなし、作業の効率化と時短を目指すには | 現場で使える研修ならインソース,Excel（エクセル）研修 Excelを使いこなし、作業の効率化と時短を目指すには | 現場で使える研修ならインソース,200,text/html; charset=UTF-8,https://www.insource.co.jp/kenshu/excel-top.html,,2,https://www.insource.co.jp/consulting/dx-index.html,/kenshu/,/kenshu/excel-top.html/,822,https://www.insource.co.jp/kenshu/excel-top.html,2026-09-03T02:33:33.346613+00:00,
https://www.insource.co.jp/bup/modern_excel.html,【研修セミナー公開講座】（２時間研修）モダンExcel研修～操作実演でPower Query、Power Pivot、ダッシュボードを理解する- 株式会社インソース,（２時間研修）モダンExcel研修～操作実演でPower Query、Power Pivot、ダッシュボードを理解する,200,text/html; charset=UTF-8,https://www.insource.co.jp/bup/modern_excel.html,,2,https://www.insource.co.jp/consulting/dx-index.html,/bup/,/bup/modern_excel.html/,1651,https://www.insource.co.jp/bup/modern_excel.html,2026-09-03T02:33:34.978881+00:00,
https://www.insource.co.jp/bup/bup_excel_bva.html,【研修セミナー公開講座】（中上級者向け）Microsoft Office研修～Excelマクロ・ＶＢＡを活用する編- 株式会社インソース,（中上級者向け）Microsoft Office研修～Excelマクロ・ＶＢＡを活用する編,200,text/html; charset=UTF-8,https://www.insource.co.jp/bup/bup_excel_bva.html,,2,https://www.insource.co.jp/consulting/dx-index.html,/bup/,/bup/bup_excel_bva.html/,2302,https://www.insource.co.jp/bup/bup_excel_bva.html,2026-09-03T02:33:37.513222+00:00,
https://www.insource.co.jp/bup/bup_power_automate_desktop_excel.html,【研修セミナー公開講座】コードを書かないExcel自動化～Power Automate Desktop入門研修- 株式会社インソース,コードを書かないExcel自動化～Power Automate Desktop入門研修,200,text/html; charset=UTF-8,https://www.insource.co.jp/bup/bup_power_automate_desktop_excel.html,,2,https://www.insource.co.jp/consulting/dx-index.html,/bup/,/bup/bup_power_automate_desktop_excel.html/,1672,https://www.insource.co.jp/bup/bup_power_automate_desktop_excel.html,2026-09-03T02:33:40.838459+00:00,
https://www.insource.co.jp/kenshu/excel-pivot-levelup.html,Excel中・上級研修～ピボットテーブル実践編（半日間）:現場で使える研修ならインソース,Excel中・上級研修～ピボットテーブル実践編（半日間）,200,text/html; charset=UTF-8,https://www.insource.co.jp/kenshu/excel-pivot-levelup.html,,2,https://www.insource.co.jp/consulting/dx-index.html,/kenshu/,/kenshu/excel-pivot-levelup.html/,703,https://www.insource.co.jp/kenshu/excel-pivot-levelup.html,2026-09-03T02:33:43.388335+00:00,
https://www.insource.co.jp/ai/chatgpt_excel_basic.html,ChatGPT×Excel研修～Excel初級者でもＡＩの力で使いこなす（１日間）:現場で使える研修ならインソース,ChatGPT×Excel研修～Excel初級者でもＡＩの力で使いこなす（１日間）,200,text/html; charset=UTF-8,https://www.insource.co.jp/ai/chatgpt_excel_basic.html,,2,https://www.insource.co.jp/consulting/dx-index.html,/ai/,/ai/chatgpt_excel_basic.html/,767,https://www.insource.co.jp/ai/chatgpt_excel_basic.html,2026-09-03T02:33:44.898586+00:00,
https://www.insource.co.jp/ebpm/powerquery_powerpivot.html,（行政向け）パワークエリ・パワーピボット研修（１日間）:現場で使える研修ならインソース,（行政向け）パワークエリ・パワーピボット研修（１日間）,200,text/html; charset=UTF-8,https://www.insource.co.jp/ebpm/powerquery_powerpivot.html,,2,https://www.insource.co.jp/consulting/dx-index.html,/ebpm/,/ebpm/powerquery_powerpivot.html/,696,https://www.insource.co.jp/ebpm/powerquery_powerpivot.html,2026-09-03T02:33:46.570947+00:00,
https://www.insource.co.jp/dougahyakkaten/microsoft_excel_kouza.html,操作画面を見ながら学べるMicrosoft Excel講座:eラーニング・動画教材での研修もインソース,操作画面を見ながら学べるMicrosoft Excel講座,200,text/html; charset=UTF-8,https://www.insource.co.jp/dougahyakkaten/microsoft_excel_kouza.html,,2,https://www.insource.co.jp/consulting/dx-index.html,/dougahyakkaten/,/dougahyakkaten/microsoft_excel_kouza.html/,677,https://www.insource.co.jp/dougahyakkaten/microsoft_excel_kouza.html,2026-09-03T02:33:48.080968+00:00,
https://www.insource.co.jp/dougahyakkaten/power_bi_excel_csv.html,Power BI基礎講座～Excelファイルに基づいたデータ分析:eラーニング・動画教材での研修もインソース,Power BI基礎講座～Excelファイルに基づいたデータ分析,200,text/html; charset=UTF-8,https://www.insource.co.jp/dougahyakkaten/power_bi_excel_csv.html,,2,https://www.insource.co.jp/consulting/dx-index.html,/dougahyakkaten/,/dougahyakkaten/power_bi_excel_csv.html/,656,https://www.insource.co.jp/dougahyakkaten/power_bi_excel_csv.html,2026-09-03T02:33:49.550554+00:00,
https://www.insource.co.jp/dougahyakkaten/basic_excel.html,実践！ゼロからはじめるExcel講座～数値集計の基礎を学ぶ:eラーニング・動画教材での研修もインソース,実践！ゼロからはじめるExcel講座～数値集計の基礎を学ぶ,200,text/html; charset=UTF-8,https://www.insource.co.jp/dougahyakkaten/basic_excel.html,,2,https://www.insource.co.jp/consulting/dx-index.html,/dougahyakkaten/,/dougahyakkaten/basic_excel.html/,675,https://www.insource.co.jp/dougahyakkaten/basic_excel.html,2026-09-03T02:33:50.995416+00:00,
https://www.insource.co.jp/kanrisyoku/project-management-top.html,プロジェクトマネジメント研修～総合ページ | 現場で使える研修ならインソース,プロジェクトマネジメント研修～総合ページ | 現場で使える研修ならインソース,200,text/html; charset=UTF-8,https://www.insource.co.jp/kanrisyoku/project-management-top.html,,2,https://www.insource.co.jp/consulting/dx-index.html,/kanrisyoku/,/kanrisyoku/project-management-top.html/,796,https://www.insource.co.jp/kanrisyoku/project-management-top.html,2026-09-03T02:33:52.458845+00:00,
https://www.insource.co.jp/bup/promane.html,【研修セミナー公開講座】プロジェクトマネジメント基礎研修- 株式会社インソース,プロジェクトマネジメント基礎研修,200,text/html; charset=UTF-8,https://www.insource.co.jp/bup/promane.html,,2,https://www.insource.co.jp/consulting/dx-index.html,/bup/,/bup/promane.html/,1886,https://www.insource.co.jp/bup/promane.html,2026-09-03T02:33:54.135243+00:00,
https://www.insource.co.jp/bup/bup-project-management.html,【研修セミナー公開講座】プロジェクトマネジメント研修～実行力強化編- 株式会社インソース,プロジェクトマネジメント研修～実行力強化編,200,text/html; charset=UTF-8,https://www.insource.co.jp/bup/bup-project-management.html,,2,https://www.insource.co.jp/consulting/dx-index.html,/bup/,/bup/bup-project-management.html/,34,https://www.insource.co.jp/bup/bup-project-management.html,2026-09-03T02:33:56.956670+00:00,
https://www.insource.co.jp/bup/bup-it-project-management.html,【研修セミナー公開講座】【極意シリーズ】プロジェクトマネジメント研修～心得･立上げ･推進･ツール（２日間）- 株式会社インソース,【極意シリーズ】プロジェクトマネジメント研修～心得･立上げ･推進･ツール（２日間）,200,text/html; charset=UTF-8,https://www.insource.co.jp/bup/bup-it-project-management.html,,2,https://www.insource.co.jp/consulting/dx-index.html,/bup/,/bup/bup-it-project-management.html/,1653,https://www.insource.co.jp/bup/bup-it-project-management.html,2026-09-03T02:33:57.853861+00:00,
https://www.insource.co.jp/kanrisyoku/project-management-risk-cost.html,プロジェクトマネジメント研修～リスク・コスト・進捗管理力を強化する（１日間）:現場で使える研修ならインソース,プロジェクトマネジメント研修～リスク・コスト・進捗管理力を強化する（１日間）,200,text/html; charset=UTF-8,https://www.insource.co.jp/kanrisyoku/project-management-risk-cost.html,,2,https://www.insource.co.jp/consulting/dx-index.html,/kanrisyoku/,/kanrisyoku/project-management-risk-cost.html/,897,https://www.insource.co.jp/kanrisyoku/project-management-risk-cost.html,2026-09-03T02:34:00.459523+00:00,
https://www.insource.co.jp/membership/dx_management.html,ＤＸ時代のチームマネジメント研修～デジタルツールを用いた進捗管理（１日間）:現場で使える研修ならインソース,ＤＸ時代のチームマネジメント研修～デジタルツールを用いた進捗管理（１日間）,200,text/html; charset=UTF-8,https://www.insource.co.jp/membership/dx_management.html,,2,https://www.insource.co.jp/consulting/dx-index.html,/membership/,/membership/dx_management.html/,1427,https://www.insource.co.jp/membership/dx_management.html,2026-09-03T02:34:02.203482+00:00,
https://www.insource.co.jp/kanrisyoku/project-management-wbs-2days.html,プロジェクトマネジメント研修～プロジェクト計画・ＷＢＳ作成能力向上編（２日間）:現場で使える研修ならインソース,プロジェクトマネジメント研修～プロジェクト計画・ＷＢＳ作成能力向上編（２日間）,200,text/html; charset=UTF-8,https://www.insource.co.jp/kanrisyoku/project-management-wbs-2days.html,,2,https://www.insource.co.jp/consulting/dx-index.html,/kanrisyoku/,/kanrisyoku/project-management-wbs-2days.html/,734,https://www.insource.co.jp/kanrisyoku/project-management-wbs-2days.html,2026-09-03T02:34:04.499859+00:00,
https://www.insource.co.jp/dougahyakkaten/project-management.html,プロジェクトマネジメント講座:eラーニング・動画教材での研修もインソース,プロジェクトマネジメント講座,200,text/html; charset=UTF-8,https://www.insource.co.jp/dougahyakkaten/project-management.html,,2,https://www.insource.co.jp/consulting/dx-index.html,/dougahyakkaten/,/dougahyakkaten/project-management.html/,665,https://www.insource.co.jp/dougahyakkaten/project-management.html,2026-09-03T02:34:06.114793+00:00,
https://www.insource.co.jp/dougahyakkaten/promane.html,プロジェクトマネジメント基礎研修～ミッションを達成するステップを学ぶ（冊子教材・テスト付き）:eラーニング・動画教材での研修もインソース,プロジェクトマネジメント基礎研修～ミッションを達成するステップを学ぶ（冊子教材・テスト付き）,200,text/html; charset=UTF-8,https://www.insource.co.jp/dougahyakkaten/promane.html,,2,https://www.insource.co.jp/consulting/dx-index.html,/dougahyakkaten/,/dougahyakkaten/promane.html/,630,https://www.insource.co.jp/dougahyakkaten/promane.html,2026-09-03T02:34:07.569692+00:00,
https://www.insource.co.jp/dougahyakkaten/task_setting_ability.html,課題設定力研修～主体的な問題解決のための手法とマインド（冊子教材・テスト付き）:eラーニング・動画教材での研修もインソース,課題設定力研修～主体的な問題解決のための手法とマインド（冊子教材・テスト付き）,200,text/html; charset=UTF-8,https://www.insource.co.jp/dougahyakkaten/task_setting_ability.html,,2,https://www.insource.co.jp/consulting/dx-index.html,/dougahyakkaten/,/dougahyakkaten/task_setting_ability.html/,669,https://www.insource.co.jp/dougahyakkaten/task_setting_ability.html,2026-09-03T02:34:08.992851+00:00,
https://www.insource.co.jp/kenshu/python.html,Pythonプログラミング研修（パイソン） | 現場で使える研修ならインソース,Pythonプログラミング研修（パイソン） | 現場で使える研修ならインソース,200,text/html; charset=UTF-8,https://www.insource.co.jp/kenshu/python.html,,2,https://www.insource.co.jp/consulting/dx-index.html,/kenshu/,/kenshu/python.html/,769,https://www.insource.co.jp/kenshu/python.html,2026-09-03T02:34:10.449165+00:00,
https://www.insource.co.jp/bup/python-excel.html,【研修セミナー公開講座】Python学院～Excel操作自動化編（１日間）- 株式会社インソース,Python学院～Excel操作自動化編（１日間）,200,text/html; charset=UTF-8,https://www.insource.co.jp/bup/python-excel.html,,2,https://www.insource.co.jp/consulting/dx-index.html,/bup/,/bup/python-excel.html/,1891,https://www.insource.co.jp/bup/python-excel.html,2026-09-03T02:34:12.028310+00:00,
https://www.insource.co.jp/bup/bup_python_auto.html,【研修セミナー公開講座】はじめてのPythonプログラミング研修～業務自動化を実現する（２日間）- 株式会社インソース,はじめてのPythonプログラミング研修～業務自動化を実現する（２日間）,200,text/html; charset=UTF-8,https://www.insource.co.jp/bup/bup_python_auto.html,,2,https://www.insource.co.jp/consulting/dx-index.html,/bup/,/bup/bup_python_auto.html/,1606,https://www.insource.co.jp/bup/bup_python_auto.html,2026-09-03T02:34:14.893381+00:00,
https://www.insource.co.jp/bup/bup-python-basic-3days.html,【研修セミナー公開講座】（プログラミング初心者向け）Python基礎研修（３日間）- 株式会社インソース,（プログラミング初心者向け）Python基礎研修（３日間）,200,text/html; charset=UTF-8,https://www.insource.co.jp/bup/bup-python-basic-3days.html,,2,https://www.insource.co.jp/consulting/dx-index.html,/bup/,/bup/bup-python-basic-3days.html/,1717,https://www.insource.co.jp/bup/bup-python-basic-3days.html,2026-09-03T02:34:17.814865+00:00,
https://www.insource.co.jp/ai/github_copilot.html,バイブコーディング体験研修～AIの力でプログラムを自動作成する（１日間）:現場で使える研修ならインソース,バイブコーディング体験研修～AIの力でプログラムを自動作成する（１日間）,200,text/html; charset=UTF-8,https://www.insource.co.jp/ai/github_copilot.html,,2,https://www.insource.co.jp/consulting/dx-index.html,/ai/,/ai/github_copilot.html/,949,https://www.insource.co.jp/ai/github_copilot.html,2026-09-03T02:34:20.460157+00:00,
https://www.insource.co.jp/python/programming_family.html,（教育機関向け）親子で学ぶPythonプログラミング研修～入門編（３日間）:現場で使える研修ならインソース,（教育機関向け）親子で学ぶPythonプログラミング研修～入門編（３日間）,200,text/html; charset=UTF-8,https://www.insource.co.jp/python/programming_family.html,,2,https://www.insource.co.jp/consulting/dx-index.html,/python/,/python/programming_family.html/,895,https://www.insource.co.jp/python/programming_family.html,2026-09-03T02:34:22.258586+00:00,
https://www.insource.co.jp/dx-human-resources/python_excel.html,人事・総務のためのメール業務自動化研修～定型業務をPythonで効率化（１日間）:現場で使える研修ならインソース,人事・総務のためのメール業務自動化研修～定型業務をPythonで効率化（１日間）,200,text/html; charset=UTF-8,https://www.insource.co.jp/dx-human-resources/python_excel.html,,2,https://www.insource.co.jp/consulting/dx-index.html,/dx-human-resources/,/dx-human-resources/python_excel.html/,868,https://www.insource.co.jp/dx-human-resources/python_excel.html,2026-09-03T02:34:23.987164+00:00,
https://www.insource.co.jp/dougahyakkaten/python-excel.html,操作画面を見ながら学べるPython～Excel操作自動化講座（冊子教材付き）:eラーニング・動画教材での研修もインソース,操作画面を見ながら学べるPython～Excel操作自動化講座（冊子教材付き）,200,text/html; charset=UTF-8,https://www.insource.co.jp/dougahyakkaten/python-excel.html,,2,https://www.insource.co.jp/consulting/dx-index.html,/dougahyakkaten/,/dougahyakkaten/python-excel.html/,654,https://www.insource.co.jp/dougahyakkaten/python-excel.html,2026-09-03T02:34:25.765712+00:00,
https://www.insource.co.jp/dougahyakkaten/python-scraping.html,操作画面を見ながら学べるPython～Webスクレイピング入門講座（冊子教材付き）:eラーニング・動画教材での研修もインソース,操作画面を見ながら学べるPython～Webスクレイピング入門講座（冊子教材付き）,200,text/html; charset=UTF-8,https://www.insource.co.jp/dougahyakkaten/python-scraping.html,,2,https://www.insource.co.jp/consulting/dx-index.html,/dougahyakkaten/,/dougahyakkaten/python-scraping.html/,651,https://www.insource.co.jp/dougahyakkaten/python-scraping.html,2026-09-03T02:34:27.213108+00:00,
https://www.insource.co.jp/dougahyakkaten/manager_python.html,管理職のためのPython理解講座～Pythonを使った業務効率化のイメージを掴む（スライド付き）:eラーニング・動画教材での研修もインソース,管理職のためのPython理解講座～Pythonを使った業務効率化のイメージを掴む（スライド付き）,200,text/html; charset=UTF-8,https://www.insource.co.jp/dougahyakkaten/manager_python.html,,2,https://www.insource.co.jp/consulting/dx-index.html,/dougahyakkaten/,/dougahyakkaten/manager_python.html/,674,https://www.insource.co.jp/dougahyakkaten/manager_python.html,2026-09-03T02:34:28.659195+00:00,
https://www.insource.co.jp/info_utili/info_utili_top.html,情報（データ）収集・情報（データ）活用研修 | 現場で使える研修ならインソース,情報（データ）収集・情報（データ）活用研修 | 現場で使える研修ならインソース,200,text/html; charset=UTF-8,https://www.insource.co.jp/info_utili/info_utili_top.html,,2,https://www.insource.co.jp/consulting/dx-index.html,/info_utili/,/info_utili/info_utili_top.html/,794,https://www.insource.co.jp/info_utili/info_utili_top.html,2026-09-03T02:34:30.122610+00:00,
https://www.insource.co.jp/bup/bup_jyouhou.html,【研修セミナー公開講座】情報活用力養成研修～情報の収集・整理・分析編- 株式会社インソース,情報活用力養成研修～情報の収集・整理・分析編,200,text/html; charset=UTF-8,https://www.insource.co.jp/bup/bup_jyouhou.html,,2,https://www.insource.co.jp/consulting/dx-index.html,/bup/,/bup/bup_jyouhou.html/,2015,https://www.insource.co.jp/bup/bup_jyouhou.html,2026-09-03T02:34:31.740555+00:00,
https://www.insource.co.jp/bup/data_analysis_basic.html,【研修セミナー公開講座】はじめてのデータ分析研修～データを読み解く力を習得する- 株式会社インソース,はじめてのデータ分析研修～データを読み解く力を習得する,200,text/html; charset=UTF-8,https://www.insource.co.jp/bup/data_analysis_basic.html,,2,https://www.insource.co.jp/consulting/dx-index.html,/bup/,/bup/data_analysis_basic.html/,1826,https://www.insource.co.jp/bup/data_analysis_basic.html,2026-09-03T02:34:34.784163+00:00,
https://www.insource.co.jp/bup/bup_business_data_analysis.html,【研修セミナー公開講座】ビジネスデータの分析研修～職場で活かせる統計の基礎とデータ活用法を学ぶ- 株式会社インソース,ビジネスデータの分析研修～職場で活かせる統計の基礎とデータ活用法を学ぶ,200,text/html; charset=UTF-8,https://www.insource.co.jp/bup/bup_business_data_analysis.html,,2,https://www.insource.co.jp/consulting/dx-index.html,/bup/,/bup/bup_business_data_analysis.html/,37,https://www.insource.co.jp/bup/bup_business_data_analysis.html,2026-09-03T02:34:37.536523+00:00,
https://www.insource.co.jp/business-develop/fermi_estimate.html,フェルミ推定基礎研修（半日間）:現場で使える研修ならインソース,フェルミ推定基礎研修（半日間）,200,text/html; charset=UTF-8,https://www.insource.co.jp/business-develop/fermi_estimate.html,,2,https://www.insource.co.jp/consulting/dx-index.html,/business-develop/,/business-develop/fermi_estimate.html/,1164,https://www.insource.co.jp/business-develop/fermi_estimate.html,2026-09-03T02:34:38.621559+00:00,
https://www.insource.co.jp/kenshu/information-literacy.html,情報活用力研修～データ分析の基礎知識を習得する（半日間）:現場で使える研修ならインソース,情報活用力研修～データ分析の基礎知識を習得する（半日間）,200,text/html; charset=UTF-8,https://www.insource.co.jp/kenshu/information-literacy.html,,2,https://www.insource.co.jp/consulting/dx-index.html,/kenshu/,/kenshu/information-literacy.html/,820,https://www.insource.co.jp/kenshu/information-literacy.html,2026-09-03T02:34:40.647118+00:00,
https://www.insource.co.jp/kenshu/pr_zukai.html,アンケート調査研修（２日間）:現場で使える研修ならインソース,アンケート調査研修（２日間）,200,text/html; charset=UTF-8,https://www.insource.co.jp/kenshu/pr_zukai.html,,2,https://www.insource.co.jp/consulting/dx-index.html,/kenshu/,/kenshu/pr_zukai.html/,730,https://www.insource.co.jp/kenshu/pr_zukai.html,2026-09-03T02:34:42.304149+00:00,
https://www.insource.co.jp/dougahyakkaten/data_literacy_datavisualization.html,【データリテラシーシリーズ】データ可視化入門:eラーニング・動画教材での研修もインソース,【データリテラシーシリーズ】データ可視化入門,200,text/html; charset=UTF-8,https://www.insource.co.jp/dougahyakkaten/data_literacy_datavisualization.html,,2,https://www.insource.co.jp/consulting/dx-index.html,/dougahyakkaten/,/dougahyakkaten/data_literacy_datavisualization.html/,707,https://www.insource.co.jp/dougahyakkaten/data_literacy_datavisualization.html,2026-09-03T02:34:43.929733+00:00,
https://www.insource.co.jp/dougahyakkaten/google-analytics4.html,Googleアナリティクス4（GA4）の使い方講座～触って学ぶ、必要なデータの見方:eラーニング・動画教材での研修もインソース,Googleアナリティクス4（GA4）の使い方講座～触って学ぶ、必要なデータの見方,200,text/html; charset=UTF-8,https://www.insource.co.jp/dougahyakkaten/google-analytics4.html,,2,https://www.insource.co.jp/consulting/dx-index.html,/dougahyakkaten/,/dougahyakkaten/google-analytics4.html/,653,https://www.insource.co.jp/dougahyakkaten/google-analytics4.html,2026-09-03T02:34:45.422983+00:00,
https://www.insource.co.jp/nmp/DX023.html,Pythonによるデータ分析-統計解析編-（eトレーニング A）:eラーニング・動画教材での研修もインソース,Pythonによるデータ分析-統計解析編-（eトレーニング A）,200,text/html; charset=UTF-8,https://www.insource.co.jp/nmp/DX023.html,,2,https://www.insource.co.jp/consulting/dx-index.html,/nmp/,/nmp/DX023.html/,20,https://www.insource.co.jp/nmp/DX023.html,2026-09-03T02:34:46.865843+00:00,
https://www.insource.co.jp/kensyu/statistics_top.html,統計研修・データ分析研修:現場で使える研修ならインソース,統計研修・データ分析研修 | 現場で使える研修ならインソース,200,text/html; charset=UTF-8,https://www.insource.co.jp/kensyu/statistics_top.html,,2,https://www.insource.co.jp/consulting/dx-index.html,/kensyu/,/kensyu/statistics_top.html/,950,https://www.insource.co.jp/kensyu/statistics_top.html,2026-09-03T02:34:47.636648+00:00,
https://www.insource.co.jp/bup/bup-google-analytics.html,【研修セミナー公開講座】ゼロから学ぶGoogleアナリティクス実践講座（分析レポート編）- 株式会社インソース,ゼロから学ぶGoogleアナリティクス実践講座（分析レポート編）,200,text/html; charset=UTF-8,https://www.insource.co.jp/bup/bup-google-analytics.html,,2,https://www.insource.co.jp/consulting/dx-index.html,/bup/,/bup/bup-google-analytics.html/,691,https://www.insource.co.jp/bup/bup-google-analytics.html,2026-09-03T02:34:49.420193+00:00,
https://www.insource.co.jp/bup/python_business_data_analysis.html,【研修セミナー公開講座】Python学院～データ分析編／統計の基礎とPandasライブラリの活用（１日間）- 株式会社インソース,Python学院～データ分析編／統計の基礎とPandasライブラリの活用（１日間）,200,text/html; charset=UTF-8,https://www.insource.co.jp/bup/python_business_data_analysis.html,,2,https://www.insource.co.jp/consulting/dx-index.html,/bup/,/bup/python_business_data_analysis.html/,41,https://www.insource.co.jp/bup/python_business_data_analysis.html,2026-09-03T02:34:50.973737+00:00,
https://www.insource.co.jp/bup/bup_demand_forecast.html,【研修セミナー公開講座】需要予測入門研修～データの読み方から予測値の算出まで- 株式会社インソース,需要予測入門研修～データの読み方から予測値の算出まで,200,text/html; charset=UTF-8,https://www.insource.co.jp/bup/bup_demand_forecast.html,,2,https://www.insource.co.jp/consulting/dx-index.html,/bup/,/bup/bup_demand_forecast.html/,1567,https://www.insource.co.jp/bup/bup_demand_forecast.html,2026-09-03T02:34:51.919554+00:00,
https://www.insource.co.jp/info_utili/data_literacy_bunseki.html,【データリテラシー醸成シリーズ】データ分析力向上研修（１日間）:現場で使える研修ならインソース,【データリテラシー醸成シリーズ】データ分析力向上研修（１日間）,200,text/html; charset=UTF-8,https://www.insource.co.jp/info_utili/data_literacy_bunseki.html,,2,https://www.insource.co.jp/consulting/dx-index.html,/info_utili/,/info_utili/data_literacy_bunseki.html/,838,https://www.insource.co.jp/info_utili/data_literacy_bunseki.html,2026-09-03T02:34:54.348750+00:00,
https://www.insource.co.jp/statistics/first_statistics.html,じっくり学ぶ統計学研修～数字を活かす仕事術（１日間）:現場で使える研修ならインソース,じっくり学ぶ統計学研修～数字を活かす仕事術（１日間）,200,text/html; charset=UTF-8,https://www.insource.co.jp/statistics/first_statistics.html,,2,https://www.insource.co.jp/consulting/dx-index.html,/statistics/,/statistics/first_statistics.html/,819,https://www.insource.co.jp/statistics/first_statistics.html,2026-09-03T02:34:56.078472+00:00,
https://www.insource.co.jp/kenshu/ma-figures-analysis.html,ビジネスで使える計数分析研修～統計手法を活用する編（１日間）:現場で使える研修ならインソース,ビジネスで使える計数分析研修～統計手法を活用する編（１日間）,200,text/html; charset=UTF-8,https://www.insource.co.jp/kenshu/ma-figures-analysis.html,,2,https://www.insource.co.jp/consulting/dx-index.html,/kenshu/,/kenshu/ma-figures-analysis.html/,789,https://www.insource.co.jp/kenshu/ma-figures-analysis.html,2026-09-03T02:34:57.727774+00:00,
https://www.insource.co.jp/dougahyakkaten/Introduction-to-machine-learning.html,機械学習概論:eラーニング・動画教材での研修もインソース,機械学習概論,200,text/html; charset=UTF-8,https://www.insource.co.jp/dougahyakkaten/Introduction-to-machine-learning.html,,2,https://www.insource.co.jp/consulting/dx-index.html,/dougahyakkaten/,/dougahyakkaten/Introduction-to-machine-learning.html/,682,https://www.insource.co.jp/dougahyakkaten/Introduction-to-machine-learning.html,2026-09-03T02:34:59.354333+00:00,
https://www.insource.co.jp/kiyo/02401.html,基本情報技術者 初学者コース,【通信教育】基本情報技術者 初学者コース,200,text/html; charset=UTF-8,https://www.insource.co.jp/kiyo/02401.html,,2,https://www.insource.co.jp/consulting/dx-index.html,/kiyo/,/kiyo/02401.html/,667,https://www.insource.co.jp/kiyo/02401.html,2026-09-03T02:35:00.820875+00:00,
https://www.insource.co.jp/it/it_top.html,ＩＴ研修（情報技術研修） | 現場で使える研修ならインソース,ＩＴ研修（情報技術研修） | 現場で使える研修ならインソース,200,text/html; charset=UTF-8,https://www.insource.co.jp/it/it_top.html,,2,https://www.insource.co.jp/consulting/dx-index.html,/it/,/it/it_top.html/,30,https://www.insource.co.jp/it/it_top.html,2026-09-03T02:35:02.258178+00:00,
https://www.insource.co.jp/bup/bup_system-understanding.html,【研修セミナー公開講座】システム・ＩＴ理解研修- 株式会社インソース,システム・ＩＴ理解研修,200,text/html; charset=UTF-8,https://www.insource.co.jp/bup/bup_system-understanding.html,,2,https://www.insource.co.jp/consulting/dx-index.html,/bup/,/bup/bup_system-understanding.html/,48,https://www.insource.co.jp/bup/bup_system-understanding.html,2026-09-03T02:35:03.188513+00:00,
https://www.insource.co.jp/bup/bup-imasara-it-literacy.html,【研修セミナー公開講座】いまさら聞けないＩＴリテラシー研修- 株式会社インソース,いまさら聞けないＩＴリテラシー研修,200,text/html; charset=UTF-8,https://www.insource.co.jp/bup/bup-imasara-it-literacy.html,,2,https://www.insource.co.jp/consulting/dx-index.html,/bup/,/bup/bup-imasara-it-literacy.html/,1792,https://www.insource.co.jp/bup/bup-imasara-it-literacy.html,2026-09-03T02:35:04.101659+00:00,
https://www.insource.co.jp/bup/it_intro.html,【研修セミナー公開講座】ＩＴ入門研修（２日間）- 株式会社インソース,ＩＴ入門研修（２日間）,200,text/html; charset=UTF-8,https://www.insource.co.jp/bup/it_intro.html,,2,https://www.insource.co.jp/consulting/dx-index.html,/bup/,/bup/it_intro.html/,1711,https://www.insource.co.jp/bup/it_intro.html,2026-09-03T02:35:06.769077+00:00,
https://www.insource.co.jp/project-management/trouble_indication.html,【極意シリーズ】システム開発における顧客対応研修～実践ケーススタディ編（１日間）:現場で使える研修ならインソース,【極意シリーズ】システム開発における顧客対応研修～実践ケーススタディ編（１日間）,200,text/html; charset=UTF-8,https://www.insource.co.jp/project-management/trouble_indication.html,,2,https://www.insource.co.jp/consulting/dx-index.html,/project-management/,/project-management/trouble_indication.html/,755,https://www.insource.co.jp/project-management/trouble_indication.html,2026-09-03T02:35:09.416161+00:00,
https://www.insource.co.jp/project-management/risk_management.html,【極意シリーズ】プロジェクトマネジメント研修～リスクマネジメント編（１日間）:現場で使える研修ならインソース,【極意シリーズ】プロジェクトマネジメント研修～リスクマネジメント編（１日間）,200,text/html; charset=UTF-8,https://www.insource.co.jp/project-management/risk_management.html,,2,https://www.insource.co.jp/consulting/dx-index.html,/project-management/,/project-management/risk_management.html/,1035,https://www.insource.co.jp/project-management/risk_management.html,2026-09-03T02:35:11.006883+00:00,
https://www.insource.co.jp/pckenshu/spreadsheet_basic.html,Googleスプレッドシート基礎研修（１日間）:現場で使える研修ならインソース,Googleスプレッドシート基礎研修（１日間）,200,text/html; charset=UTF-8,https://www.insource.co.jp/pckenshu/spreadsheet_basic.html,,2,https://www.insource.co.jp/consulting/dx-index.html,/pckenshu/,/pckenshu/spreadsheet_basic.html/,750,https://www.insource.co.jp/pckenshu/spreadsheet_basic.html,2026-09-03T02:35:12.890329+00:00,
https://www.insource.co.jp/dougahyakkaten/computer_type_comprehension.html,コンピュータ機器の種類と理解:eラーニング・動画教材での研修もインソース,コンピュータ機器の種類と理解,200,text/html; charset=UTF-8,https://www.insource.co.jp/dougahyakkaten/computer_type_comprehension.html,,2,https://www.insource.co.jp/consulting/dx-index.html,/dougahyakkaten/,/dougahyakkaten/computer_type_comprehension.html/,652,https://www.insource.co.jp/dougahyakkaten/computer_type_comprehension.html,2026-09-03T02:35:14.561984+00:00,
https://www.insource.co.jp/hia_e/SJE707.html,＜eラーニング＞システム開発の基礎:eラーニング・動画教材での研修もインソース,＜eラーニング＞システム開発の基礎,200,text/html; charset=UTF-8,https://www.insource.co.jp/hia_e/SJE707.html,,2,https://www.insource.co.jp/consulting/dx-index.html,/hia_e/,/hia_e/SJE707.html/,669,https://www.insource.co.jp/hia_e/SJE707.html,2026-09-03T02:35:16.005120+00:00,
https://www.insource.co.jp/hia_e/SJE702.html,＜eラーニング＞コンピュータ基礎－ソフトウェア編－:eラーニング・動画教材での研修もインソース,＜eラーニング＞コンピュータ基礎－ソフトウェア編－,200,text/html; charset=UTF-8,https://www.insource.co.jp/hia_e/SJE702.html,,2,https://www.insource.co.jp/consulting/dx-index.html,/hia_e/,/hia_e/SJE702.html/,614,https://www.insource.co.jp/hia_e/SJE702.html,2026-09-03T02:35:17.425100+00:00,
https://www.insource.co.jp/gyoukai/rpa_top.html,ＲＰＡ（ロボティック・プロセス・オートメーション）研修:現場で使える研修ならインソース,ＲＰＡ（ロボティック・プロセス・オートメーション）研修 | 現場で使える研修ならインソース,200,text/html; charset=UTF-8,https://www.insource.co.jp/gyoukai/rpa_top.html,,2,https://www.insource.co.jp/consulting/dx-index.html,/gyoukai/,/gyoukai/rpa_top.html/,982,https://www.insource.co.jp/gyoukai/rpa_top.html,2026-09-03T02:35:18.789920+00:00,
https://www.insource.co.jp/bup/bup_business_robotic1.html,【研修セミナー公開講座】ビジネス活用のためのＲＰＡ研修～ＲＰＡ導入のための一歩を踏み出す- 株式会社インソース,ビジネス活用のためのＲＰＡ研修～ＲＰＡ導入のための一歩を踏み出す,200,text/html; charset=UTF-8,https://www.insource.co.jp/bup/bup_business_robotic1.html,,2,https://www.insource.co.jp/consulting/dx-index.html,/bup/,/bup/bup_business_robotic1.html/,1686,https://www.insource.co.jp/bup/bup_business_robotic1.html,2026-09-03T02:35:20.600200+00:00,
https://www.insource.co.jp/bup/businessflow_rpa.html,【研修セミナー公開講座】業務削減研修～自動化（ＲＰＡ）に向けて業務フローを見直す- 株式会社インソース,業務削減研修～自動化（ＲＰＡ）に向けて業務フローを見直す,200,text/html; charset=UTF-8,https://www.insource.co.jp/bup/businessflow_rpa.html,,2,https://www.insource.co.jp/consulting/dx-index.html,/bup/,/bup/businessflow_rpa.html/,2430,https://www.insource.co.jp/bup/businessflow_rpa.html,2026-09-03T02:35:23.257653+00:00,
https://www.insource.co.jp/bup/gyomu_flow_scratch.html,【研修セミナー公開講座】プログラミング的思考力強化研修～スクラッチ（Scratch）言語を使ったアルゴリズム入門- 株式会社インソース,プログラミング的思考力強化研修～スクラッチ（Scratch）言語を使ったアルゴリズム入門,200,text/html; charset=UTF-8,https://www.insource.co.jp/bup/gyomu_flow_scratch.html,,2,https://www.insource.co.jp/consulting/dx-index.html,/bup/,/bup/gyomu_flow_scratch.html/,1563,https://www.insource.co.jp/bup/gyomu_flow_scratch.html,2026-09-03T02:35:26.657081+00:00,
https://www.insource.co.jp/dx/rpa_insourcing.html,行政向けＲＰＡリーダー研修～内製での開発を推進する（１日間）:現場で使える研修ならインソース,行政向けＲＰＡリーダー研修～内製での開発を推進する（１日間）,200,text/html; charset=UTF-8,https://www.insource.co.jp/dx/rpa_insourcing.html,,2,https://www.insource.co.jp/consulting/dx-index.html,/dx/,/dx/rpa_insourcing.html/,801,https://www.insource.co.jp/dx/rpa_insourcing.html,2026-09-03T02:35:29.068951+00:00,
https://www.insource.co.jp/gyoukai/robooperator_operation.html,ロボオペレータ操作体験研修（半日間）:現場で使える研修ならインソース,ロボオペレータ操作体験研修（半日間）,200,text/html; charset=UTF-8,https://www.insource.co.jp/gyoukai/robooperator_operation.html,,2,https://www.insource.co.jp/consulting/dx-index.html,/gyoukai/,/gyoukai/robooperator_operation.html/,1056,https://www.insource.co.jp/gyoukai/robooperator_operation.html,2026-09-03T02:35:30.790699+00:00,
https://www.insource.co.jp/kenshu/office-work-performance.html,事務職向け生産性向上研修～AI・RPAに代替されない仕事をする（１日間）:現場で使える研修ならインソース,事務職向け生産性向上研修～AI・RPAに代替されない仕事をする（１日間）,200,text/html; charset=UTF-8,https://www.insource.co.jp/kenshu/office-work-performance.html,,2,https://www.insource.co.jp/consulting/dx-index.html,/kenshu/,/kenshu/office-work-performance.html/,753,https://www.insource.co.jp/kenshu/office-work-performance.html,2026-09-03T02:35:32.701499+00:00,
https://www.insource.co.jp/kiyo/02301.html,ITパスポート 合格コース,【通信教育】ITパスポート 合格コース,200,text/html; charset=UTF-8,https://www.insource.co.jp/kiyo/02301.html,,2,https://www.insource.co.jp/consulting/dx-index.html,/kiyo/,/kiyo/02301.html/,622,https://www.insource.co.jp/kiyo/02301.html,2026-09-03T02:35:34.264894+00:00,
https://www.insource.co.jp/gyokai/ai_top.html,AI研修｜AI入門から現場活用、開発までの知識やスキルを習得するには:現場で使える研修ならインソース,AI研修｜AI入門から現場活用、開発までの知識やスキルを習得するには | 現場で使える研修ならインソース,200,text/html; charset=UTF-8,https://www.insource.co.jp/gyokai/ai_top.html,,2,https://www.insource.co.jp/consulting/dx-index.html,/gyokai/,/gyokai/ai_top.html/,896,https://www.insource.co.jp/gyokai/ai_top.html,2026-09-03T02:35:35.653449+00:00,
https://www.insource.co.jp/bup/bup_artificial_Intelligence.html,【研修セミナー公開講座】ビジネス活用のためのＡＩ・人工知能研修- 株式会社インソース,ビジネス活用のためのＡＩ・人工知能研修,200,text/html; charset=UTF-8,https://www.insource.co.jp/bup/bup_artificial_Intelligence.html,,2,https://www.insource.co.jp/consulting/dx-index.html,/bup/,/bup/bup_artificial_Intelligence.html/,2587,https://www.insource.co.jp/bup/bup_artificial_Intelligence.html,2026-09-03T02:35:37.462623+00:00,
https://www.insource.co.jp/bup/bup_machine-learning.html,【研修セミナー公開講座】プログラミング経験なしでも大丈夫！ゼロから始める機械学習入門（２日間）- 株式会社インソース,プログラミング経験なしでも大丈夫！ゼロから始める機械学習入門（２日間）,200,text/html; charset=UTF-8,https://www.insource.co.jp/bup/bup_machine-learning.html,,2,https://www.insource.co.jp/consulting/dx-index.html,/bup/,/bup/bup_machine-learning.html/,26,https://www.insource.co.jp/bup/bup_machine-learning.html,2026-09-03T02:35:41.022621+00:00,
https://www.insource.co.jp/bup/bup-conversational-ai.html,【研修セミナー公開講座】（半日研修）ChatGPTのはじめ方研修～触って学び、明日の業務を効率化する- 株式会社インソース,（半日研修）ChatGPTのはじめ方研修～触って学び、明日の業務を効率化する,200,text/html; charset=UTF-8,https://www.insource.co.jp/bup/bup-conversational-ai.html,,2,https://www.insource.co.jp/consulting/dx-index.html,/bup/,/bup/bup-conversational-ai.html/,1557,https://www.insource.co.jp/bup/bup-conversational-ai.html,2026-09-03T02:35:41.836477+00:00,
https://www.insource.co.jp/digital-transformation/ai_beginner.html,はじめての生成ＡＩ研修～ビジネスパーソンに必要な基礎知識を身につける（４時間）:現場で使える研修ならインソース,はじめての生成ＡＩ研修～ビジネスパーソンに必要な基礎知識を身につける（４時間）,200,text/html; charset=UTF-8,https://www.insource.co.jp/digital-transformation/ai_beginner.html,,2,https://www.insource.co.jp/consulting/dx-index.html,/digital-transformation/,/digital-transformation/ai_beginner.html/,915,https://www.insource.co.jp/digital-transformation/ai_beginner.html,2026-09-03T02:35:44.343800+00:00,
https://www.insource.co.jp/ai/prompt_engineering.html,じっくり学ぶChatGPT活用研修～ＡＩ時代の新スキルを身につける（１日間）:現場で使える研修ならインソース,じっくり学ぶChatGPT活用研修～ＡＩ時代の新スキルを身につける（１日間）,200,text/html; charset=UTF-8,https://www.insource.co.jp/ai/prompt_engineering.html,,2,https://www.insource.co.jp/consulting/dx-index.html,/ai/,/ai/prompt_engineering.html/,997,https://www.insource.co.jp/ai/prompt_engineering.html,2026-09-03T02:35:46.102324+00:00,
https://www.insource.co.jp/ai/gemini_utilization.html,Geminiのはじめ方研修～Webブラウジング機能で業務を効率化させる（半日間）:現場で使える研修ならインソース,Geminiのはじめ方研修～Webブラウジング機能で業務を効率化させる（半日間）,200,text/html; charset=UTF-8,https://www.insource.co.jp/ai/gemini_utilization.html,,2,https://www.insource.co.jp/consulting/dx-index.html,/ai/,/ai/gemini_utilization.html/,957,https://www.insource.co.jp/ai/gemini_utilization.html,2026-09-03T02:35:48.450562+00:00,
https://www.insource.co.jp/kkg/KKm0001.html,DXリテラシー向上講座（AIシリーズ）:eラーニング・動画教材での研修もインソース,DXリテラシー向上講座（AIシリーズ）,200,text/html; charset=UTF-8,https://www.insource.co.jp/kkg/KKm0001.html,,2,https://www.insource.co.jp/consulting/dx-index.html,/kkg/,/kkg/KKm0001.html/,664,https://www.insource.co.jp/kkg/KKm0001.html,2026-09-03T02:35:50.324863+00:00,
https://www.insource.co.jp/it/iot-top.html,ＩｏＴ関連研修:現場で使える研修ならインソース,ＩｏＴ関連研修 | 現場で使える研修ならインソース,200,text/html; charset=UTF-8,https://www.insource.co.jp/it/iot-top.html,,2,https://www.insource.co.jp/consulting/dx-index.html,/it/,/it/iot-top.html/,729,https://www.insource.co.jp/it/iot-top.html,2026-09-03T02:35:51.739161+00:00,
https://www.insource.co.jp/bup/bup_it_youkenteigi.html,【研修セミナー公開講座】（システム担当者向け）要件定義研修- 株式会社インソース,（システム担当者向け）要件定義研修,200,text/html; charset=UTF-8,https://www.insource.co.jp/bup/bup_it_youkenteigi.html,,2,https://www.insource.co.jp/consulting/dx-index.html,/bup/,/bup/bup_it_youkenteigi.html/,1594,https://www.insource.co.jp/bup/bup_it_youkenteigi.html,2026-09-03T02:35:53.278110+00:00,
https://www.insource.co.jp/bup/bup_python_kikaigakushu.html,【研修セミナー公開講座】Pythonで学ぶ機械学習～回帰分析とディープラーニング（２日間）- 株式会社インソース,Pythonで学ぶ機械学習～回帰分析とディープラーニング（２日間）,200,text/html; charset=UTF-8,https://www.insource.co.jp/bup/bup_python_kikaigakushu.html,,2,https://www.insource.co.jp/consulting/dx-index.html,/bup/,/bup/bup_python_kikaigakushu.html/,1619,https://www.insource.co.jp/bup/bup_python_kikaigakushu.html,2026-09-03T02:35:55.719737+00:00,
https://www.insource.co.jp/iot/introduction_iot.html,IoT入門研修～Raspberry Piで見えないデータを可視化する（２日間）:現場で使える研修ならインソース,IoT入門研修～Raspberry Piで見えないデータを可視化する（２日間）,200,text/html; charset=UTF-8,https://www.insource.co.jp/iot/introduction_iot.html,,2,https://www.insource.co.jp/consulting/dx-index.html,/iot/,/iot/introduction_iot.html/,918,https://www.insource.co.jp/iot/introduction_iot.html,2026-09-03T02:35:58.274436+00:00,
https://www.insource.co.jp/jichitai-dx/ai_basic.html,行政向けＡＩ・ＩｏＴの基礎研修（１日間）:現場で使える研修ならインソース,行政向けＡＩ・ＩｏＴの基礎研修（１日間）,200,text/html; charset=UTF-8,https://www.insource.co.jp/jichitai-dx/ai_basic.html,,2,https://www.insource.co.jp/consulting/dx-index.html,/jichitai-dx/,/jichitai-dx/ai_basic.html/,964,https://www.insource.co.jp/jichitai-dx/ai_basic.html,2026-09-03T02:36:00.031648+00:00,
https://www.insource.co.jp/gyokai/ai-basic.html,じっくり深めるＡＩ入門研修～基礎を学び、ビジネス活用のヒントを得る（１日間）:現場で使える研修ならインソース,じっくり深めるＡＩ入門研修～基礎を学び、ビジネス活用のヒントを得る（１日間）,200,text/html; charset=UTF-8,https://www.insource.co.jp/gyokai/ai-basic.html,,2,https://www.insource.co.jp/consulting/dx-index.html,/gyokai/,/gyokai/ai-basic.html/,775,https://www.insource.co.jp/gyokai/ai-basic.html,2026-09-03T02:36:01.838294+00:00,
https://www.insource.co.jp/hia_e/IOE006.html,＜eラーニング＞IoT概説:eラーニング・動画教材での研修もインソース,＜eラーニング＞IoT概説,200,text/html; charset=UTF-8,https://www.insource.co.jp/hia_e/IOE006.html,,2,https://www.insource.co.jp/consulting/dx-index.html,/hia_e/,/hia_e/IOE006.html/,696,https://www.insource.co.jp/hia_e/IOE006.html,2026-09-03T02:36:03.514135+00:00,
https://www.insource.co.jp/hia_e/IOE003.html,＜eラーニング＞IoT技術解説 IoTネットワーク編:eラーニング・動画教材での研修もインソース,＜eラーニング＞IoT技術解説 IoTネットワーク編,200,text/html; charset=UTF-8,https://www.insource.co.jp/hia_e/IOE003.html,,2,https://www.insource.co.jp/consulting/dx-index.html,/hia_e/,/hia_e/IOE003.html/,635,https://www.insource.co.jp/hia_e/IOE003.html,2026-09-03T02:36:04.961301+00:00,
https://www.insource.co.jp/hia_e/IOE002.html,＜eラーニング＞IoT技術解説 セキュリティ編:eラーニング・動画教材での研修もインソース,＜eラーニング＞IoT技術解説 セキュリティ編,200,text/html; charset=UTF-8,https://www.insource.co.jp/hia_e/IOE002.html,,2,https://www.insource.co.jp/consulting/dx-index.html,/hia_e/,/hia_e/IOE002.html/,686,https://www.insource.co.jp/hia_e/IOE002.html,2026-09-03T02:36:06.348052+00:00,
https://www.insource.co.jp/kenshu/security-top.html,セキュリティ研修:現場で使える研修ならインソース,セキュリティ研修 | 現場で使える研修ならインソース,200,text/html; charset=UTF-8,https://www.insource.co.jp/kenshu/security-top.html,,2,https://www.insource.co.jp/consulting/dx-index.html,/kenshu/,/kenshu/security-top.html/,776,https://www.insource.co.jp/kenshu/security-top.html,2026-09-03T02:36:07.786645+00:00,
https://www.insource.co.jp/bup/risk-suppress.html,【研修セミナー公開講座】情報セキュリティ研修～身近な事例から社内リスクを抑制する- 株式会社インソース,情報セキュリティ研修～身近な事例から社内リスクを抑制する,200,text/html; charset=UTF-8,https://www.insource.co.jp/bup/risk-suppress.html,,2,https://www.insource.co.jp/consulting/dx-index.html,/bup/,/bup/risk-suppress.html/,36,https://www.insource.co.jp/bup/risk-suppress.html,2026-09-03T02:36:09.375592+00:00,
https://www.insource.co.jp/bup/bup_comp.html,【研修セミナー公開講座】（半日研修）コンプライアンス研修～個人情報保護、情報セキュリティ、ＳＮＳのリスクを知る編- 株式会社インソース,（半日研修）コンプライアンス研修～個人情報保護、情報セキュリティ、ＳＮＳのリスクを知る編,200,text/html; charset=UTF-8,https://www.insource.co.jp/bup/bup_comp.html,,2,https://www.insource.co.jp/consulting/dx-index.html,/bup/,/bup/bup_comp.html/,47,https://www.insource.co.jp/bup/bup_comp.html,2026-09-03T02:36:10.288569+00:00,
https://www.insource.co.jp/bup/bup-telework-securities.html,【研修セミナー公開講座】（半日研修）在宅勤務・テレワークのための情報セキュリティ対策研修- 株式会社インソース,（半日研修）在宅勤務・テレワークのための情報セキュリティ対策研修,200,text/html; charset=UTF-8,https://www.insource.co.jp/bup/bup-telework-securities.html,,2,https://www.insource.co.jp/consulting/dx-index.html,/bup/,/bup/bup-telework-securities.html/,1782,https://www.insource.co.jp/bup/bup-telework-securities.html,2026-09-03T02:36:11.386526+00:00,
https://www.insource.co.jp/security/information_security.html,情報セキュリティとサイバーセキュリティ研修（１日間）:現場で使える研修ならインソース,情報セキュリティとサイバーセキュリティ研修（１日間）,200,text/html; charset=UTF-8,https://www.insource.co.jp/security/information_security.html,,2,https://www.insource.co.jp/consulting/dx-index.html,/security/,/security/information_security.html/,802,https://www.insource.co.jp/security/information_security.html,2026-09-03T02:36:14.050432+00:00,
https://www.insource.co.jp/security/confidential_information.html,機密情報保護研修（半日間）:現場で使える研修ならインソース,機密情報保護研修（半日間）,200,text/html; charset=UTF-8,https://www.insource.co.jp/security/confidential_information.html,,2,https://www.insource.co.jp/consulting/dx-index.html,/security/,/security/confidential_information.html/,798,https://www.insource.co.jp/security/confidential_information.html,2026-09-03T02:36:15.752186+00:00,
https://www.insource.co.jp/kanrisyoku/information-securities-beginner.html,初心者のための情報セキュリティ研修～今さら聞けないＩＴ知識を一から学ぶ（半日間）:現場で使える研修ならインソース,初心者のための情報セキュリティ研修～今さら聞けないＩＴ知識を一から学ぶ（半日間）,200,text/html; charset=UTF-8,https://www.insource.co.jp/kanrisyoku/information-securities-beginner.html,,2,https://www.insource.co.jp/consulting/dx-index.html,/kanrisyoku/,/kanrisyoku/information-securities-beginner.html/,809,https://www.insource.co.jp/kanrisyoku/information-securities-beginner.html,2026-09-03T02:36:17.371308+00:00,
https://www.insource.co.jp/dougahyakkaten/compliance-information2019.html,情報セキュリティ講座:eラーニング・動画教材での研修もインソース,情報セキュリティ講座,200,text/html; charset=UTF-8,https://www.insource.co.jp/dougahyakkaten/compliance-information2019.html,,2,https://www.insource.co.jp/consulting/dx-index.html,/dougahyakkaten/,/dougahyakkaten/compliance-information2019.html/,655,https://www.insource.co.jp/dougahyakkaten/compliance-information2019.html,2026-09-03T02:36:19.001434+00:00,
https://www.insource.co.jp/hia_e/SCE706.html,＜eラーニング＞情報セキュリティマネジメント概説－セキュリティポリシー、リスク管理の概要と法制度－:eラーニング・動画教材での研修もインソース,＜eラーニング＞情報セキュリティマネジメント概説－セキュリティポリシー、リスク管理の概要と法制度－,200,text/html; charset=UTF-8,https://www.insource.co.jp/hia_e/SCE706.html,,2,https://www.insource.co.jp/consulting/dx-index.html,/hia_e/,/hia_e/SCE706.html/,680,https://www.insource.co.jp/hia_e/SCE706.html,2026-09-03T02:36:20.447428+00:00,
https://www.insource.co.jp/hia_e/SCE705.html,＜eラーニング＞情報技術者に求められるセキュリティの基礎－ネットワーク構成技術とシステム保護の概要編－:eラーニング・動画教材での研修もインソース,＜eラーニング＞情報技術者に求められるセキュリティの基礎－ネットワーク構成技術とシステム保護の概要編－,200,text/html; charset=UTF-8,https://www.insource.co.jp/hia_e/SCE705.html,,2,https://www.insource.co.jp/consulting/dx-index.html,/hia_e/,/hia_e/SCE705.html/,622,https://www.insource.co.jp/hia_e/SCE705.html,2026-09-03T02:36:21.878944+00:00,
https://www.insource.co.jp/kenshu/data-scientist-top.html,データサイエンティスト研修・データ分析研修 | 現場で使える研修ならインソース,データサイエンティスト研修・データ分析研修 | 現場で使える研修ならインソース,200,text/html; charset=UTF-8,https://www.insource.co.jp/kenshu/data-scientist-top.html,,2,https://www.insource.co.jp/consulting/dx-index.html,/kenshu/,/kenshu/data-scientist-top.html/,142,https://www.insource.co.jp/kenshu/data-scientist-top.html,2026-09-03T02:36:23.251876+00:00,
https://www.insource.co.jp/bup/bup_causal_inference.html,【研修セミナー公開講座】因果推論研修～原因と結果を正しく見抜く- 株式会社インソース,因果推論研修～原因と結果を正しく見抜く,200,text/html; charset=UTF-8,https://www.insource.co.jp/bup/bup_causal_inference.html,,2,https://www.insource.co.jp/consulting/dx-index.html,/bup/,/bup/bup_causal_inference.html/,1594,https://www.insource.co.jp/bup/bup_causal_inference.html,2026-09-03T02:36:24.310433+00:00,
https://www.insource.co.jp/statistics/data_education.html,じっくり学ぶデータサイエンス研修～ビジネス教養としてのデータ活用（１日間）:現場で使える研修ならインソース,じっくり学ぶデータサイエンス研修～ビジネス教養としてのデータ活用（１日間）,200,text/html; charset=UTF-8,https://www.insource.co.jp/statistics/data_education.html,,2,https://www.insource.co.jp/consulting/dx-index.html,/statistics/,/statistics/data_education.html/,806,https://www.insource.co.jp/statistics/data_education.html,2026-09-03T02:36:26.777775+00:00,
https://www.insource.co.jp/data-scientist/chatgpt_analysis.html,ChatGPTで行うデータサイエンス研修（１日間）:現場で使える研修ならインソース,ChatGPTで行うデータサイエンス研修（１日間）,200,text/html; charset=UTF-8,https://www.insource.co.jp/data-scientist/chatgpt_analysis.html,,2,https://www.insource.co.jp/consulting/dx-index.html,/data-scientist/,/data-scientist/chatgpt_analysis.html/,904,https://www.insource.co.jp/data-scientist/chatgpt_analysis.html,2026-09-03T02:36:28.412179+00:00,
https://www.insource.co.jp/dougahyakkaten/claude-training-guide.html,Claude（クロード）活用講座～長文処理ができる生成AIで業務を効率化:eラーニング・動画教材での研修もインソース,Claude（クロード）活用講座～長文処理ができる生成AIで業務を効率化,200,text/html; charset=UTF-8,https://www.insource.co.jp/dougahyakkaten/claude-training-guide.html,,2,https://www.insource.co.jp/consulting/dx-index.html,/dougahyakkaten/,/dougahyakkaten/claude-training-guide.html/,647,https://www.insource.co.jp/dougahyakkaten/claude-training-guide.html,2026-09-03T02:36:30.232924+00:00,
https://www.insource.co.jp/dougahyakkaten/stepup_excel.html,実践！ステップアップExcel講座～大量の数値データ処理を学ぶ:eラーニング・動画教材での研修もインソース,実践！ステップアップExcel講座～大量の数値データ処理を学ぶ,200,text/html; charset=UTF-8,https://www.insource.co.jp/dougahyakkaten/stepup_excel.html,,2,https://www.insource.co.jp/consulting/dx-index.html,/dougahyakkaten/,/dougahyakkaten/stepup_excel.html/,679,https://www.insource.co.jp/dougahyakkaten/stepup_excel.html,2026-09-03T02:36:31.671842+00:00,
https://www.insource.co.jp/dougahyakkaten/business_data_analysis.html,ビジネスデータの分析研修～職場で活かせる統計の基礎とデータ活用法を学ぶ（冊子教材・テスト付き）:eラーニング・動画教材での研修もインソース,ビジネスデータの分析研修～職場で活かせる統計の基礎とデータ活用法を学ぶ（冊子教材・テスト付き）,200,text/html; charset=UTF-8,https://www.insource.co.jp/dougahyakkaten/business_data_analysis.html,,2,https://www.insource.co.jp/consulting/dx-index.html,/dougahyakkaten/,/dougahyakkaten/business_data_analysis.html/,666,https://www.insource.co.jp/dougahyakkaten/business_data_analysis.html,2026-09-03T02:36:33.141730+00:00,
https://www.insource.co.jp/bup/computational_thinking.html,【研修セミナー公開講座】（半日研修）業務改善のためのプログラミング的思考力養成研修- 株式会社インソース,（半日研修）業務改善のためのプログラミング的思考力養成研修,200,text/html; charset=UTF-8,https://www.insource.co.jp/bup/computational_thinking.html,,2,https://www.insource.co.jp/consulting/dx-index.html,/bup/,/bup/computational_thinking.html/,1662,https://www.insource.co.jp/bup/computational_thinking.html,2026-09-03T02:36:34.598163+00:00,
https://www.insource.co.jp/bup/bup-generation-ai.html,【研修セミナー公開講座】（半日研修）Geminiのはじめ方研修～Webブラウジング機能で業務を効率化させる- 株式会社インソース,（半日研修）Geminiのはじめ方研修～Webブラウジング機能で業務を効率化させる,200,text/html; charset=UTF-8,https://www.insource.co.jp/bup/bup-generation-ai.html,,2,https://www.insource.co.jp/consulting/dx-index.html,/bup/,/bup/bup-generation-ai.html/,1519,https://www.insource.co.jp/bup/bup-generation-ai.html,2026-09-03T02:36:37.216401+00:00,
https://www.insource.co.jp/bup/low-code.html,【研修セミナー公開講座】Power Apps基礎研修～ローコードで業務効率化アプリを開発する- 株式会社インソース,Power Apps基礎研修～ローコードで業務効率化アプリを開発する,200,text/html; charset=UTF-8,https://www.insource.co.jp/bup/low-code.html,,2,https://www.insource.co.jp/consulting/dx-index.html,/bup/,/bup/low-code.html/,1581,https://www.insource.co.jp/bup/low-code.html,2026-09-03T02:36:39.584850+00:00,
https://www.insource.co.jp/gyoumukaizen/dx_mind.html,業務改善マインド醸成研修～ＤＸに取り組む第一歩（２時間）:現場で使える研修ならインソース,業務改善マインド醸成研修～ＤＸに取り組む第一歩（２時間）,200,text/html; charset=UTF-8,https://www.insource.co.jp/gyoumukaizen/dx_mind.html,,2,https://www.insource.co.jp/consulting/dx-index.html,/gyoumukaizen/,/gyoumukaizen/dx_mind.html/,803,https://www.insource.co.jp/gyoumukaizen/dx_mind.html,2026-09-03T02:36:42.036625+00:00,
https://www.insource.co.jp/digital-transformation/tool_utilize.html,Microsoft365活用研修～１日１時間の業務を短縮するツール活用術（半日間）:現場で使える研修ならインソース,Microsoft365活用研修～１日１時間の業務を短縮するツール活用術（半日間）,200,text/html; charset=UTF-8,https://www.insource.co.jp/digital-transformation/tool_utilize.html,,2,https://www.insource.co.jp/consulting/dx-index.html,/digital-transformation/,/digital-transformation/tool_utilize.html/,884,https://www.insource.co.jp/digital-transformation/tool_utilize.html,2026-09-03T02:36:43.657201+00:00,
https://www.insource.co.jp/hia_e/DBE042.html,＜eラーニング＞考えてみようDX－データ活用による業務改善編－:eラーニング・動画教材での研修もインソース,＜eラーニング＞考えてみようDX－データ活用による業務改善編－,200,text/html; charset=UTF-8,https://www.insource.co.jp/hia_e/DBE042.html,,2,https://www.insource.co.jp/consulting/dx-index.html,/hia_e/,/hia_e/DBE042.html/,655,https://www.insource.co.jp/hia_e/DBE042.html,2026-09-03T02:36:45.437833+00:00,
https://www.insource.co.jp/dougahyakkaten/douga_manual.html,動画マニュアル作成講座～PowerPointで簡易マニュアルを作る編:eラーニング・動画教材での研修もインソース,動画マニュアル作成講座～PowerPointで簡易マニュアルを作る編,200,text/html; charset=UTF-8,https://www.insource.co.jp/dougahyakkaten/douga_manual.html,,2,https://www.insource.co.jp/consulting/dx-index.html,/dougahyakkaten/,/dougahyakkaten/douga_manual.html/,675,https://www.insource.co.jp/dougahyakkaten/douga_manual.html,2026-09-03T02:36:46.843760+00:00,
https://www.insource.co.jp/kenshu/dx-sales.html,営業のＤＸ（デジタルトランスフォーメーション）推進研修・ソリューションサービス | 現場で使える研修ならインソース,営業のＤＸ（デジタルトランスフォーメーション）推進研修・ソリューションサービス | 現場で使える研修ならインソース,200,text/html; charset=UTF-8,https://www.insource.co.jp/kenshu/dx-sales.html,,2,https://www.insource.co.jp/consulting/dx-index.html,/kenshu/,/kenshu/dx-sales.html/,723,https://www.insource.co.jp/kenshu/dx-sales.html,2026-09-03T02:36:48.307552+00:00,
https://www.insource.co.jp/bup/bup-chatgpt-housing.html,【研修セミナー公開講座】住宅メーカー営業向けChatGPT研修～対話を通して提案力を高める- 株式会社インソース,住宅メーカー営業向けChatGPT研修～対話を通して提案力を高める,200,text/html; charset=UTF-8,https://www.insource.co.jp/bup/bup-chatgpt-housing.html,,2,https://www.insource.co.jp/consulting/dx-index.html,/bup/,/bup/bup-chatgpt-housing.html/,1564,https://www.insource.co.jp/bup/bup-chatgpt-housing.html,2026-09-03T02:36:49.839174+00:00,
https://www.insource.co.jp/bup/bup-inside-sales-introduction.html,【研修セミナー公開講座】インサイドセールス導入研修～非対面でも成果を出す営業手法を学ぶ- 株式会社インソース,インサイドセールス導入研修～非対面でも成果を出す営業手法を学ぶ,200,text/html; charset=UTF-8,https://www.insource.co.jp/bup/bup-inside-sales-introduction.html,,2,https://www.insource.co.jp/consulting/dx-index.html,/bup/,/bup/bup-inside-sales-introduction.html/,2093,https://www.insource.co.jp/bup/bup-inside-sales-introduction.html,2026-09-03T02:36:52.347065+00:00,
https://www.insource.co.jp/bup/bup_oa_cleansing.html,【研修セミナー公開講座】（半日研修）Excelでできるデータクレンジング入門研修- 株式会社インソース,（半日研修）Excelでできるデータクレンジング入門研修,200,text/html; charset=UTF-8,https://www.insource.co.jp/bup/bup_oa_cleansing.html,,2,https://www.insource.co.jp/consulting/dx-index.html,/bup/,/bup/bup_oa_cleansing.html/,1628,https://www.insource.co.jp/bup/bup_oa_cleansing.html,2026-09-03T02:36:55.381327+00:00,
https://www.insource.co.jp/dx-sales/digital_utilization.html,営業のためのデジタル活用研修～効率化して活動量をアップ（２時間）:現場で使える研修ならインソース,営業のためのデジタル活用研修～効率化して活動量をアップ（２時間）,200,text/html; charset=UTF-8,https://www.insource.co.jp/dx-sales/digital_utilization.html,,2,https://www.insource.co.jp/consulting/dx-index.html,/dx-sales/,/dx-sales/digital_utilization.html/,813,https://www.insource.co.jp/dx-sales/digital_utilization.html,2026-09-03T02:36:57.872102+00:00,
https://www.insource.co.jp/dx-sales/powerquery_powerpivot_practice.html,売上分析と在庫管理に使える！パワークエリ・パワーピボット実践研修（半日間）:現場で使える研修ならインソース,売上分析と在庫管理に使える！パワークエリ・パワーピボット実践研修（半日間）,200,text/html; charset=UTF-8,https://www.insource.co.jp/dx-sales/powerquery_powerpivot_practice.html,,2,https://www.insource.co.jp/consulting/dx-index.html,/dx-sales/,/dx-sales/powerquery_powerpivot_practice.html/,833,https://www.insource.co.jp/dx-sales/powerquery_powerpivot_practice.html,2026-09-03T02:36:59.606942+00:00,
https://www.insource.co.jp/drug-store/data_analysis.html,ドラッグストア業界向けビジネスデータの分析研修（１日間）:現場で使える研修ならインソース,ドラッグストア業界向けビジネスデータの分析研修（１日間）,200,text/html; charset=UTF-8,https://www.insource.co.jp/drug-store/data_analysis.html,,2,https://www.insource.co.jp/consulting/dx-index.html,/drug-store/,/drug-store/data_analysis.html/,787,https://www.insource.co.jp/drug-store/data_analysis.html,2026-09-03T02:37:01.285810+00:00,
https://www.insource.co.jp/dougahyakkaten/succeed-online-sales.html,初めてでも安心！オンライン商談の成功のポイント（スライド付き）:eラーニング・動画教材での研修もインソース,初めてでも安心！オンライン商談の成功のポイント（スライド付き）,200,text/html; charset=UTF-8,https://www.insource.co.jp/dougahyakkaten/succeed-online-sales.html,,2,https://www.insource.co.jp/consulting/dx-index.html,/dougahyakkaten/,/dougahyakkaten/succeed-online-sales.html/,671,https://www.insource.co.jp/dougahyakkaten/succeed-online-sales.html,2026-09-03T02:37:02.910605+00:00,
https://www.insource.co.jp/dougahyakkaten/sales_capabilities.html,営業力強化講座～論理的思考で営業活動を考える（スライド付き）:eラーニング・動画教材での研修もインソース,営業力強化講座～論理的思考で営業活動を考える（スライド付き）,200,text/html; charset=UTF-8,https://www.insource.co.jp/dougahyakkaten/sales_capabilities.html,,2,https://www.insource.co.jp/consulting/dx-index.html,/dougahyakkaten/,/dougahyakkaten/sales_capabilities.html/,684,https://www.insource.co.jp/dougahyakkaten/sales_capabilities.html,2026-09-03T02:37:04.368640+00:00,
https://www.insource.co.jp/dougahyakkaten/data-utilization_countermeasure.html,情報活用講座～情報をもとに課題を発見し、対策を考える:eラーニング・動画教材での研修もインソース,情報活用講座～情報をもとに課題を発見し、対策を考える,200,text/html; charset=UTF-8,https://www.insource.co.jp/dougahyakkaten/data-utilization_countermeasure.html,,2,https://www.insource.co.jp/consulting/dx-index.html,/dougahyakkaten/,/dougahyakkaten/data-utilization_countermeasure.html/,691,https://www.insource.co.jp/dougahyakkaten/data-utilization_countermeasure.html,2026-09-03T02:37:05.924254+00:00,
https://www.insource.co.jp/jichitai/dx.html,行政向けＤＸ推進 | 官公庁・自治体の教育・研修ならインソース,行政向けＤＸ推進 | 官公庁・自治体の教育・研修ならインソース,200,text/html; charset=UTF-8,https://www.insource.co.jp/jichitai/dx.html,,2,https://www.insource.co.jp/consulting/dx-index.html,/jichitai/,/jichitai/dx.html/,31,https://www.insource.co.jp/jichitai/dx.html,2026-09-03T02:37:07.407168+00:00,
https://www.insource.co.jp/bup/bup-dx-promoter.html,【研修セミナー公開講座】（半日研修）組織内ＤＸ推進担当者向け研修～担当者の心得とＩＴプロジェクト実施導入時の理解- 株式会社インソース,（半日研修）組織内ＤＸ推進担当者向け研修～担当者の心得とＩＴプロジェクト実施導入時の理解,200,text/html; charset=UTF-8,https://www.insource.co.jp/bup/bup-dx-promoter.html,,2,https://www.insource.co.jp/consulting/dx-index.html,/bup/,/bup/bup-dx-promoter.html/,2438,https://www.insource.co.jp/bup/bup-dx-promoter.html,2026-09-03T02:37:08.235343+00:00,
https://www.insource.co.jp/bup/bup-prompt-engineering.html,【研修セミナー公開講座】ChatGPTプロンプトエンジニアリング研修～使いこなすための応用手法を学ぶ- 株式会社インソース,ChatGPTプロンプトエンジニアリング研修～使いこなすための応用手法を学ぶ,200,text/html; charset=UTF-8,https://www.insource.co.jp/bup/bup-prompt-engineering.html,,2,https://www.insource.co.jp/consulting/dx-index.html,/bup/,/bup/bup-prompt-engineering.html/,1590,https://www.insource.co.jp/bup/bup-prompt-engineering.html,2026-09-03T02:37:11.616785+00:00,
https://www.insource.co.jp/dx/gyosei_beginner.html,行政向けＩＴ初心者のためのＤＸスタート講座（半日間）:現場で使える研修ならインソース,行政向けＩＴ初心者のためのＤＸスタート講座（半日間）,200,text/html; charset=UTF-8,https://www.insource.co.jp/dx/gyosei_beginner.html,,2,https://www.insource.co.jp/consulting/dx-index.html,/dx/,/dx/gyosei_beginner.html/,798,https://www.insource.co.jp/dx/gyosei_beginner.html,2026-09-03T02:37:14.147776+00:00,
https://www.insource.co.jp/dx/datatotalling_excel.html,行政向けデータ集計のためのExcel研修～ピボットテーブルとＡＩ×マクロ（１日間）:現場で使える研修ならインソース,行政向けデータ集計のためのExcel研修～ピボットテーブルとＡＩ×マクロ（１日間）,200,text/html; charset=UTF-8,https://www.insource.co.jp/dx/datatotalling_excel.html,,2,https://www.insource.co.jp/consulting/dx-index.html,/dx/,/dx/datatotalling_excel.html/,757,https://www.insource.co.jp/dx/datatotalling_excel.html,2026-09-03T02:37:15.764051+00:00,
https://www.insource.co.jp/gyomukaizen/jichitai_bpr.html,行政向けＢＰＲ研修～業務の流れを根本から見直し、最適化する（半日間）:現場で使える研修ならインソース,行政向けＢＰＲ研修～業務の流れを根本から見直し、最適化する（半日間）,200,text/html; charset=UTF-8,https://www.insource.co.jp/gyomukaizen/jichitai_bpr.html,,2,https://www.insource.co.jp/consulting/dx-index.html,/gyomukaizen/,/gyomukaizen/jichitai_bpr.html/,792,https://www.insource.co.jp/gyomukaizen/jichitai_bpr.html,2026-09-03T02:37:17.915172+00:00,
https://www.insource.co.jp/dougahyakkaten/tourism_dx.html,デジタル技術とデータ活用で実現する観光ＤＸ入門講座:eラーニング・動画教材での研修もインソース,デジタル技術とデータ活用で実現する観光ＤＸ入門講座,200,text/html; charset=UTF-8,https://www.insource.co.jp/dougahyakkaten/tourism_dx.html,,2,https://www.insource.co.jp/consulting/dx-index.html,/dougahyakkaten/,/dougahyakkaten/tourism_dx.html/,26,https://www.insource.co.jp/dougahyakkaten/tourism_dx.html,2026-09-03T02:37:19.610225+00:00,
https://www.insource.co.jp/kkg/KKm0002.html,DXリテラシー向上講座（AI、IoT、クラウド3点セット）:eラーニング・動画教材での研修もインソース,DXリテラシー向上講座（AI、IoT、クラウド3点セット）,200,text/html; charset=UTF-8,https://www.insource.co.jp/kkg/KKm0002.html,,2,https://www.insource.co.jp/consulting/dx-index.html,/kkg/,/kkg/KKm0002.html/,641,https://www.insource.co.jp/kkg/KKm0002.html,2026-09-03T02:37:20.426480+00:00,
https://www.insource.co.jp/dougahyakkaten/dx.html,DXの基礎理解:eラーニング・動画教材での研修もインソース,DXの基礎理解,200,text/html; charset=UTF-8,https://www.insource.co.jp/dougahyakkaten/dx.html,,2,https://www.insource.co.jp/consulting/dx-index.html,/dougahyakkaten/,/dougahyakkaten/dx.html/,638,https://www.insource.co.jp/dougahyakkaten/dx.html,2026-09-03T02:37:21.817778+00:00,
https://www.insource.co.jp/bup/bup_it_shinjin_se2.html,【研修セミナー公開講座】新人ＳＥ２年目研修～自己の振り返りとシステムの役割を改めて考える- 株式会社インソース,新人ＳＥ２年目研修～自己の振り返りとシステムの役割を改めて考える,200,text/html; charset=UTF-8,https://www.insource.co.jp/bup/bup_it_shinjin_se2.html,,2,https://www.insource.co.jp/consulting/dx-index.html,/bup/,/bup/bup_it_shinjin_se2.html/,1767,https://www.insource.co.jp/bup/bup_it_shinjin_se2.html,2026-09-03T02:37:23.243881+00:00,
https://www.insource.co.jp/bup/bup_it_shinjin_se3.html,【研修セミナー公開講座】新人ＳＥ３年目研修～ＩＴエンジニアとしてのキャリアを考える- 株式会社インソース,新人ＳＥ３年目研修～ＩＴエンジニアとしてのキャリアを考える,200,text/html; charset=UTF-8,https://www.insource.co.jp/bup/bup_it_shinjin_se3.html,,2,https://www.insource.co.jp/consulting/dx-index.html,/bup/,/bup/bup_it_shinjin_se3.html/,1691,https://www.insource.co.jp/bup/bup_it_shinjin_se3.html,2026-09-03T02:37:25.876110+00:00,
https://www.insource.co.jp/digital-transformation/dx_kikaku.html,【ＤＸ推進者シリーズ】ＤＸ企画力研修～操作性に優れたツールをイメージする（２日間）:現場で使える研修ならインソース,【ＤＸ推進者シリーズ】ＤＸ企画力研修～操作性に優れたツールをイメージする（２日間）,200,text/html; charset=UTF-8,https://www.insource.co.jp/digital-transformation/dx_kikaku.html,,2,https://www.insource.co.jp/consulting/dx-index.html,/digital-transformation/,/digital-transformation/dx_kikaku.html/,927,https://www.insource.co.jp/digital-transformation/dx_kikaku.html,2026-09-03T02:37:28.511666+00:00,
https://www.insource.co.jp/digital-transformation/dx_kadaisettei.html,【ＤＸ推進者シリーズ】課題設定力研修～全社的な課題を見極めて最適化する（１日間）:現場で使える研修ならインソース,【ＤＸ推進者シリーズ】課題設定力研修～全社的な課題を見極めて最適化する（１日間）,200,text/html; charset=UTF-8,https://www.insource.co.jp/digital-transformation/dx_kadaisettei.html,,2,https://www.insource.co.jp/consulting/dx-index.html,/digital-transformation/,/digital-transformation/dx_kadaisettei.html/,883,https://www.insource.co.jp/digital-transformation/dx_kadaisettei.html,2026-09-03T02:37:30.291422+00:00,
https://www.insource.co.jp/digital-transformation/dx_flow.html,【ＤＸ推進者シリーズ】業務フロー最適化研修～行動経済学の観点で検証する（１日間）:現場で使える研修ならインソース,【ＤＸ推進者シリーズ】業務フロー最適化研修～行動経済学の観点で検証する（１日間）,200,text/html; charset=UTF-8,https://www.insource.co.jp/digital-transformation/dx_flow.html,,2,https://www.insource.co.jp/consulting/dx-index.html,/digital-transformation/,/digital-transformation/dx_flow.html/,915,https://www.insource.co.jp/digital-transformation/dx_flow.html,2026-09-03T02:37:32.001362+00:00,
https://www.insource.co.jp/dougahyakkaten/it-system-trouble.html,（AI音声動画で学ぶ）システムトラブル対応講座～マニュアルの不完全さを補う:eラーニング・動画教材での研修もインソース,（AI音声動画で学ぶ）システムトラブル対応講座～マニュアルの不完全さを補う,200,text/html; charset=UTF-8,https://www.insource.co.jp/dougahyakkaten/it-system-trouble.html,,2,https://www.insource.co.jp/consulting/dx-index.html,/dougahyakkaten/,/dougahyakkaten/it-system-trouble.html/,29,https://www.insource.co.jp/dougahyakkaten/it-system-trouble.html,2026-09-03T02:37:33.845237+00:00,
https://www.insource.co.jp/webins-management/,WEBinsource人事管理 - 株式会社インソース,,200,text/html; charset=UTF-8,https://www.insource.co.jp/webins-management/index.html,,2,https://www.insource.co.jp/consulting/dx-index.html,/webins-management/,,504,https://www.insource.co.jp/webins-management/index.html,2026-09-03T02:37:34.663676+00:00,
https://www.insource.co.jp/directrain/,"ITエンジニア専用のダイレクトスカウトサービス「DirecTrain」 - 社員研修,教育 職員研修 人材育成ならインソース",,200,text/html; charset=UTF-8,https://www.insource.co.jp/directrain/index.html,,2,https://www.insource.co.jp/consulting/dx-index.html,/directrain/,,1129,https://www.insource.co.jp/directrain/index.html,2026-09-03T02:37:35.929325+00:00,
https://www.insource.co.jp/it-tool/leaf-human-capital.html,Leaf人的資本管理～人的資本経営に必須のHRテック,,200,text/html; charset=UTF-8,https://www.insource.co.jp/it-tool/leaf-human-capital.html,,2,https://www.insource.co.jp/consulting/dx-index.html,/it-tool/,/it-tool/leaf-human-capital.html/,657,https://www.insource.co.jp/it-tool/leaf-human-capital.html,2026-09-03T02:37:37.809588+00:00,
https://www.insource.co.jp/it-tool/leaf-university.html,Leaf企業内大学～人の可能性を最大限に伸ばすシステム,,200,text/html; charset=UTF-8,https://www.insource.co.jp/it-tool/leaf-university.html,,2,https://www.insource.co.jp/consulting/dx-index.html,/it-tool/,/it-tool/leaf-university.html/,665,https://www.insource.co.jp/it-tool/leaf-university.html,2026-09-03T02:37:39.232564+00:00,
https://www.insource.co.jp/new-service-lineup/aio-llmo-consulting.html,生成AI時代の営業支援・Web集客コンサルティング～「月500件以上問合せ獲得」の集客ノウハウで徹底支援:研修会社インソース～講師派遣研修／公開講座の研修,,200,text/html; charset=UTF-8,https://www.insource.co.jp/new-service-lineup/aio-llmo-consulting.html,,2,https://www.insource.co.jp/consulting/dx-index.html,/new-service-lineup/,/new-service-lineup/aio-llmo-consulting.html/,641,https://www.insource.co.jp/new-service-lineup/aio-llmo-consulting.html,2026-09-03T02:37:40.683658+00:00,
https://www.insource.co.jp/fastflow/,"問合せ対応にかかる時間を約半分に！ チャット応対をサポートしてくれるＡＩツール「FastFlow」 - 社員研修,教育 職員研修 人材育成ならインソース",,200,text/html; charset=UTF-8,https://www.insource.co.jp/fastflow/index.html,,2,https://www.insource.co.jp/consulting/dx-index.html,/fastflow/,,1132,https://www.insource.co.jp/fastflow/index.html,2026-09-03T02:37:42.066746+00:00,
https://www.insource.co.jp/new-service-lineup/happiness-planet-fira.html,600の異能が導く「創造的な意思決定」｜経営の壁を突破するＡＩ戦略参謀「Happiness Planet FIRA（フィーラ）」:研修会社インソース～講師派遣研修／公開講座の研修,,200,text/html; charset=UTF-8,https://www.insource.co.jp/new-service-lineup/happiness-planet-fira.html,,2,https://www.insource.co.jp/consulting/dx-index.html,/new-service-lineup/,/new-service-lineup/happiness-planet-fira.html/,609,https://www.insource.co.jp/new-service-lineup/happiness-planet-fira.html,2026-09-03T02:37:44.038080+00:00,
https://www.insource.co.jp/new-service-lineup/ai-message.html,撮影も編集も不要。ＡＩが「社長の想い」を伝える時代へ｜企業文化の浸透を支援する『社長ＡＩメッセージ』:研修会社インソース～講師派遣研修／公開講座の研修,,200,text/html; charset=UTF-8,https://www.insource.co.jp/new-service-lineup/ai-message.html,,2,https://www.insource.co.jp/consulting/dx-index.html,/new-service-lineup/,/new-service-lineup/ai-message.html/,646,https://www.insource.co.jp/new-service-lineup/ai-message.html,2026-09-03T02:37:45.390940+00:00,
https://www.insource.co.jp/ihl/260730_ai-job-assignment.html,"生成ＡＩを「道具」から「仕事を任せる相棒」へ～ＡＩとの協働で実現する新しい仕事の進め方｜社員研修,教育 職員研修 人材育成ならインソース",生成ＡＩを「道具」から「仕事を任せる相棒」へ～ＡＩとの協働で実現する新しい仕事の進め方,200,text/html; charset=UTF-8,https://www.insource.co.jp/ihl/260730_ai-job-assignment.html,,2,https://www.insource.co.jp/consulting/dx-index.html,/ihl/,/ihl/260730_ai-job-assignment.html/,870,https://www.insource.co.jp/ihl/260730_ai-job-assignment.html,2026-09-03T02:37:46.781230+00:00,
https://www.insource.co.jp/ihl/260730_middle_ai.html,"会議前の資料読み込み地獄から、お先に失礼。Gemini Notebook（NotebookLM）で、膨大な資料を数分で理解｜社員研修,教育 職員研修 人材育成ならインソース",会議前の資料読み込み地獄から、お先に失礼。Gemini Notebook（NotebookLM）で、膨大な資料を数分で理解,200,text/html; charset=UTF-8,https://www.insource.co.jp/ihl/260730_middle_ai.html,,2,https://www.insource.co.jp/consulting/dx-index.html,/ihl/,/ihl/260730_middle_ai.html/,824,https://www.insource.co.jp/ihl/260730_middle_ai.html,2026-09-03T02:37:48.426388+00:00,
https://www.insource.co.jp/it-tool/ihl-260714-ai_does_best_only_humans_can_do.html,"「ＡＩに全部任せる」は、うまくいかない～ＡＩが得意なこと、人にしかできないこと。教育業務は、使い分けで変わる｜社員研修,教育 職員研修 人材育成ならインソース",「ＡＩに全部任せる」は、うまくいかない～ＡＩが得意なこと、人にしかできないこと。教育業務は、使い分けで変わる,200,text/html; charset=UTF-8,https://www.insource.co.jp/it-tool/ihl-260714-ai_does_best_only_humans_can_do.html,,2,https://www.insource.co.jp/consulting/dx-index.html,/it-tool/,/it-tool/ihl-260714-ai_does_best_only_humans_can_do.html/,704,https://www.insource.co.jp/it-tool/ihl-260714-ai_does_best_only_humans_can_do.html,2026-09-03T02:37:50.025801+00:00,
https://www.insource.co.jp/ihl/260609_information-security-risk.html,"マルウェアの感染を防ぐには？感染経路や症状、基本的な対策を解説｜社員研修,教育 職員研修 人材育成ならインソース",マルウェアの感染を防ぐには？感染経路や症状、基本的な対策を解説,200,text/html; charset=UTF-8,https://webcons.insource.co.jp/staff-blog/17690/,,2,https://www.insource.co.jp/consulting/dx-index.html,/ihl/,/ihl/260609_information-security-risk.html/,869,https://www.insource.co.jp/ihl/260609_information-security-risk.html,2026-09-03T02:37:51.513935+00:00,
https://www.insource.co.jp/ihl/260609_UVC527.html,"Webアクセシビリティ～すべての人にやさしいデザインのポイント｜社員研修,教育 職員研修 人材育成ならインソース",Webアクセシビリティ～すべての人にやさしいデザインのポイント,200,text/html; charset=UTF-8,https://webcons.insource.co.jp/staff-blog/17781/,,2,https://www.insource.co.jp/consulting/dx-index.html,/ihl/,/ihl/260609_UVC527.html/,725,https://www.insource.co.jp/ihl/260609_UVC527.html,2026-09-03T02:37:53.160110+00:00,
https://www.insource.co.jp/ihl/260807_service_all_14790.html,"Web診断コンテンツ制作会社の選び方｜パッケージ型・オリジナル型の違いとは｜社員研修,教育 職員研修 人材育成ならインソース",Web診断コンテンツ制作会社の選び方｜パッケージ型・オリジナル型の違いとは,200,text/html; charset=UTF-8,https://webcons.insource.co.jp/staff-blog/18087/,,2,https://www.insource.co.jp/consulting/dx-index.html,/ihl/,/ihl/260807_service_all_14790.html/,717,https://www.insource.co.jp/ihl/260807_service_all_14790.html,2026-09-03T02:37:54.732520+00:00,
https://www.insource.co.jp/ihl/260810_service_all_14790.html,"Web診断コンテンツとは？リード獲得につながる理由や活用事例、制作方法を解説｜社員研修,教育 職員研修 人材育成ならインソース",Web診断コンテンツとは？リード獲得につながる理由や活用事例、制作方法を解説,200,text/html; charset=UTF-8,https://webcons.insource.co.jp/staff-blog/18981/,,2,https://www.insource.co.jp/consulting/dx-index.html,/ihl/,/ihl/260810_service_all_14790.html/,671,https://www.insource.co.jp/ihl/260810_service_all_14790.html,2026-09-03T02:37:56.221893+00:00,
https://www.insource.co.jp/ihl/260423_vol061.html,"ChatGPT業務革命入門～指示出しの基礎から事務効率化・Excel関数支援・企画発想まで｜社員研修,教育 職員研修 人材育成ならインソース",ChatGPT業務革命入門～指示出しの基礎から事務効率化・Excel関数支援・企画発想まで,200,text/html; charset=UTF-8,https://www.insource.co.jp/ihl/260423_vol061.html,,2,https://www.insource.co.jp/consulting/dx-index.html,/ihl/,/ihl/260423_vol061.html/,804,https://www.insource.co.jp/ihl/260423_vol061.html,2026-09-03T02:37:57.665299+00:00,
https://www.insource.co.jp/digital-academy/faq/index.html,インソースデジタルアカデミー全力Q&A:１名から参加できる研修の会社インソース,,200,text/html; charset=UTF-8,https://www.insource.co.jp/digital-academy/faq/index.html,,2,https://www.insource.co.jp/consulting/dx-index.html,/digital-academy/,/digital-academy/faq/,24,https://www.insource.co.jp/digital-academy/faq/index.html,2026-09-03T02:37:59.246531+00:00,
https://www.insource.co.jp/gaiyo/news26051501.html,"2026.05.15 AI・DX を前提に経営を変える実践知 ～経営層向けコミュニティ「AI・DX 経営塾」を2026 年５月提供開始 - 社員研修,教育 職員研修 人材育成ならインソース",AI・DX を前提に経営を変える実践知 ～経営層向けコミュニティ「AI・DX 経営塾」を2026 年５月提供開始,200,text/html; charset=UTF-8,https://www.insource.co.jp/gaiyo/news26051501.html,,2,https://www.insource.co.jp/consulting/dx-index.html,/gaiyo/,/gaiyo/news26051501.html/,684,https://www.insource.co.jp/gaiyo/news26051501.html,2026-09-03T02:38:00.028617+00:00,
https://www.insource.co.jp/gaiyo/news26050111.html,"2026.05.01 生成AIによる業務改善やDXなど、研修のプロが作った600講座が見放題！ ～コンテンツ付「Leaf」シリーズ、新たな動画を大幅拡充 - 社員研修,教育 職員研修 人材育成ならインソース",生成AIによる業務改善やDXなど、研修のプロが作った600講座が見放題！ ～コンテンツ付「Leaf」シリーズ、新たな動画を大幅拡充,200,text/html; charset=UTF-8,https://www.insource.co.jp/gaiyo/news26050111.html,,2,https://www.insource.co.jp/consulting/dx-index.html,/gaiyo/,/gaiyo/news26050111.html/,670,https://www.insource.co.jp/gaiyo/news26050111.html,2026-09-03T02:38:01.464069+00:00,
https://www.insource.co.jp/hrm/faq/index.html,講師派遣型研修のよくいただくご質問:現場で使える研修ならインソース,,200,text/html; charset=UTF-8,https://www.insource.co.jp/hrm/faq/index.html,,2,https://www.insource.co.jp/kenshu/hierarchy-solution-top.html,/hrm/,/hrm/faq/,685,https://www.insource.co.jp/hrm/faq/index.html,2026-09-03T02:38:02.886634+00:00,
https://www.insource.co.jp/kyoiku/koshihaken_needs.html,社員研修・企業研修 ニーズ・課題別一覧 | 現場で使える研修ならインソース,社員研修・企業研修 ニーズ別一覧,200,text/html; charset=UTF-8,https://www.insource.co.jp/kyoiku/koshihaken_needs.html,,2,https://www.insource.co.jp/kenshu/hierarchy-solution-top.html,/kyoiku/,/kyoiku/koshihaken_needs.html/,25,https://www.insource.co.jp/kyoiku/koshihaken_needs.html,2026-09-03T02:38:04.334383+00:00,
https://www.insource.co.jp/consulting/assessment-hierarchy-test-young.html,階層別テスト 若手向け:研修会社インソース～講師派遣研修／公開講座の研修,階層別テスト 若手向け,200,text/html; charset=UTF-8,https://www.insource.co.jp/consulting/assessment-hierarchy-test-young.html,,2,https://www.insource.co.jp/kenshu/hierarchy-solution-top.html,/consulting/,/consulting/assessment-hierarchy-test-young.html/,652,https://www.insource.co.jp/consulting/assessment-hierarchy-test-young.html,2026-09-03T02:38:05.205285+00:00,
https://www.insource.co.jp/consulting/assessment-hierarchy-test-middle.html,階層別テスト 中堅向け:研修会社インソース～講師派遣研修／公開講座の研修,階層別テスト 中堅向け,200,text/html; charset=UTF-8,https://www.insource.co.jp/consulting/assessment-hierarchy-test-middle.html,,2,https://www.insource.co.jp/kenshu/hierarchy-solution-top.html,/consulting/,/consulting/assessment-hierarchy-test-middle.html/,667,https://www.insource.co.jp/consulting/assessment-hierarchy-test-middle.html,2026-09-03T02:38:06.655140+00:00,
https://www.insource.co.jp/consulting/assessment-hierarchy-test-veteran.html,階層別テスト ベテラン:研修会社インソース～講師派遣研修／公開講座の研修,階層別テスト ベテラン,200,text/html; charset=UTF-8,https://www.insource.co.jp/consulting/assessment-hierarchy-test-veteran.html,,2,https://www.insource.co.jp/kenshu/hierarchy-solution-top.html,/consulting/,/consulting/assessment-hierarchy-test-veteran.html/,700,https://www.insource.co.jp/consulting/assessment-hierarchy-test-veteran.html,2026-09-03T02:38:08.121269+00:00,
https://www.insource.co.jp/consulting/assessment-hierarchy-test-senior-executive.html,階層別テスト 上級管理職:研修会社インソース～講師派遣研修／公開講座の研修,階層別テスト 上級管理職,200,text/html; charset=UTF-8,https://www.insource.co.jp/consulting/assessment-hierarchy-test-senior-executive.html,,2,https://www.insource.co.jp/kenshu/hierarchy-solution-top.html,/consulting/,/consulting/assessment-hierarchy-test-senior-executive.html/,653,https://www.insource.co.jp/consulting/assessment-hierarchy-test-senior-executive.html,2026-09-03T02:38:09.616612+00:00,
https://www.insource.co.jp/ai-solution/ai_risk.html,経営幹部・管理職向け生成ＡＩ活用研修～リスクを理解し運用方針を決める（半日間）:現場で使える研修ならインソース,経営幹部・管理職向け生成ＡＩ活用研修～リスクを理解し運用方針を決める（半日間）,200,text/html; charset=UTF-8,https://www.insource.co.jp/ai-solution/ai_risk.html,,2,https://www.insource.co.jp/kenshu/hierarchy-solution-top.html,/ai-solution/,/ai-solution/ai_risk.html/,1450,https://www.insource.co.jp/ai-solution/ai_risk.html,2026-09-03T02:38:11.064102+00:00,
https://www.insource.co.jp/hierarchy-solution/dx_strategy.html,ＤＸ組織戦略マネジメント研修～新サービス設計編（半日間）:現場で使える研修ならインソース,ＤＸ組織戦略マネジメント研修～新サービス設計編（半日間）,200,text/html; charset=UTF-8,https://www.insource.co.jp/hierarchy-solution/dx_strategy.html,,2,https://www.insource.co.jp/kenshu/hierarchy-solution-top.html,/hierarchy-solution/,/hierarchy-solution/dx_strategy.html/,1512,https://www.insource.co.jp/hierarchy-solution/dx_strategy.html,2026-09-03T02:38:13.457840+00:00,
https://www.insource.co.jp/seminar/seminar_text_exhibition.html,テキストフェア～「最新」「話題」テキストを一挙展示:研修会社インソース～講師派遣研修／公開講座の研修,,200,text/html; charset=UTF-8,https://www.insource.co.jp/seminar/seminar_text_exhibition.html,,2,https://www.insource.co.jp/kenshu/hierarchy-solution-top.html,/seminar/,/seminar/seminar_text_exhibition.html/,661,https://www.insource.co.jp/seminar/seminar_text_exhibition.html,2026-09-03T02:38:15.858149+00:00,
https://www.insource.co.jp/bup/bup-digital-young2.html,【研修セミナー公開講座】変化の時代の若手社員研修（２日間）- 株式会社インソース,変化の時代の若手社員研修（２日間）,200,text/html; charset=UTF-8,https://www.insource.co.jp/bup/bup-digital-young2.html,,2,https://www.insource.co.jp/kenshu/hierarchy-solution-top.html,/bup/,/bup/bup-digital-young2.html/,1874,https://www.insource.co.jp/bup/bup-digital-young2.html,2026-09-03T02:38:17.289486+00:00,
https://www.insource.co.jp/bup/bup-digital-chuken2.html,【研修セミナー公開講座】変化の時代の中堅社員研修（２日間）- 株式会社インソース,変化の時代の中堅社員研修（２日間）,200,text/html; charset=UTF-8,https://www.insource.co.jp/bup/bup-digital-chuken2.html,,2,https://www.insource.co.jp/kenshu/hierarchy-solution-top.html,/bup/,/bup/bup-digital-chuken2.html/,1935,https://www.insource.co.jp/bup/bup-digital-chuken2.html,2026-09-03T02:38:20.172323+00:00,
https://www.insource.co.jp/package/generative_ai_seminar.html,生成ＡＩの可能性を広く伝え、活用者を増やすプラン:現場で使える研修ならインソース,生成ＡＩの可能性を広く伝え、活用者を増やすプラン,200,text/html; charset=UTF-8,https://www.insource.co.jp/package/generative_ai_seminar.html,,2,https://www.insource.co.jp/kenshu/hierarchy-solution-top.html,/package/,/package/generative_ai_seminar.html/,693,https://www.insource.co.jp/package/generative_ai_seminar.html,2026-09-03T02:38:23.089214+00:00,
https://www.insource.co.jp/package/career_support.html,部下の自発的なキャリア構築と成長を支え後押しするプラン:現場で使える研修ならインソース,部下の自発的なキャリア構築と成長を支え後押しするプラン,200,text/html; charset=UTF-8,https://www.insource.co.jp/package/career_support.html,,2,https://www.insource.co.jp/kenshu/hierarchy-solution-top.html,/package/,/package/career_support.html/,669,https://www.insource.co.jp/package/career_support.html,2026-09-03T02:38:24.541682+00:00,
https://www.insource.co.jp/package/excel_automation.html,プログラミング言語でExcel業務を自動化するプラン:現場で使える研修ならインソース,プログラミング言語でExcel業務を自動化するプラン,200,text/html; charset=UTF-8,https://www.insource.co.jp/package/excel_automation.html,,2,https://www.insource.co.jp/kenshu/hierarchy-solution-top.html,/package/,/package/excel_automation.html/,655,https://www.insource.co.jp/package/excel_automation.html,2026-09-03T02:38:25.970932+00:00,
https://www.insource.co.jp/package/data_driven.html,データドリブンで問題解決を効果的に進めるプラン:現場で使える研修ならインソース,データドリブンで問題解決を効果的に進めるプラン,200,text/html; charset=UTF-8,https://www.insource.co.jp/package/data_driven.html,,2,https://www.insource.co.jp/kenshu/hierarchy-solution-top.html,/package/,/package/data_driven.html/,682,https://www.insource.co.jp/package/data_driven.html,2026-09-03T02:38:27.480939+00:00,
https://www.insource.co.jp/package/moral.html,「自分の正しさ」を疑い、職場全体のモラルを高めるプラン:現場で使える研修ならインソース,「自分の正しさ」を疑い、職場全体のモラルを高めるプラン,200,text/html; charset=UTF-8,https://www.insource.co.jp/package/moral.html,,2,https://www.insource.co.jp/kenshu/hierarchy-solution-top.html,/package/,/package/moral.html/,651,https://www.insource.co.jp/package/moral.html,2026-09-03T02:38:28.921441+00:00,
https://www.insource.co.jp/package/onestop_recruiting.html,ＷＥＢ改善～オンボーディングまでの中途採用総支援プラン:現場で使える研修ならインソース,ＷＥＢ改善～オンボーディングまでの中途採用総支援プラン,200,text/html; charset=UTF-8,https://www.insource.co.jp/package/onestop_recruiting.html,,2,https://www.insource.co.jp/kenshu/hierarchy-solution-top.html,/package/,/package/onestop_recruiting.html/,710,https://www.insource.co.jp/package/onestop_recruiting.html,2026-09-03T02:38:30.332232+00:00,
https://www.insource.co.jp/bup/bup-pbd-base.html,【研修セミナー公開講座】Power BI Desktop基礎研修～データの可視化・分析を効率化する- 株式会社インソース,Power BI Desktop基礎研修～データの可視化・分析を効率化する,200,text/html; charset=UTF-8,https://www.insource.co.jp/bup/bup-pbd-base.html,,2,https://www.insource.co.jp/kenshu/hierarchy-solution-top.html,/bup/,/bup/bup-pbd-base.html/,1644,https://www.insource.co.jp/bup/bup-pbd-base.html,2026-09-03T02:38:31.803857+00:00,
https://www.insource.co.jp/ai-solution/copilot_optimization.html,業務効率化のためのCopilot研修～文書・Excel業務のコツをつかむ（半日間）:現場で使える研修ならインソース,業務効率化のためのCopilot研修～文書・Excel業務のコツをつかむ（半日間）,200,text/html; charset=UTF-8,https://www.insource.co.jp/ai-solution/copilot_optimization.html,,2,https://www.insource.co.jp/kenshu/hierarchy-solution-top.html,/ai-solution/,/ai-solution/copilot_optimization.html/,929,https://www.insource.co.jp/ai-solution/copilot_optimization.html,2026-09-03T02:38:34.343170+00:00,
https://www.insource.co.jp/bup/teach_each_other.html,【研修セミナー公開講座】チームメンバー育成研修～教え合いで自律的に学び続ける- 株式会社インソース,チームメンバー育成研修～教え合いで自律的に学び続ける,200,text/html; charset=UTF-8,https://www.insource.co.jp/bup/teach_each_other.html,,2,https://www.insource.co.jp/kenshu/hierarchy-solution-top.html,/bup/,/bup/teach_each_other.html/,1789,https://www.insource.co.jp/bup/teach_each_other.html,2026-09-03T02:38:36.202793+00:00,
https://www.insource.co.jp/hierarchy-solution/dx_timemanagement.html,デジタル時代のタイムマネジメント研修（１日間）:現場で使える研修ならインソース,デジタル時代のタイムマネジメント研修（１日間）,200,text/html; charset=UTF-8,https://www.insource.co.jp/hierarchy-solution/dx_timemanagement.html,,2,https://www.insource.co.jp/kenshu/hierarchy-solution-top.html,/hierarchy-solution/,/hierarchy-solution/dx_timemanagement.html/,824,https://www.insource.co.jp/hierarchy-solution/dx_timemanagement.html,2026-09-03T02:38:38.895102+00:00,
https://www.insource.co.jp/hierarchy-solution/agile_work.html,デジタル時代の仕事の進め方研修～アジャイルに働くコミュニケーション術（１日間）:現場で使える研修ならインソース,デジタル時代の仕事の進め方研修～アジャイルに働くコミュニケーション術（１日間）,200,text/html; charset=UTF-8,https://www.insource.co.jp/hierarchy-solution/agile_work.html,,2,https://www.insource.co.jp/kenshu/hierarchy-solution-top.html,/hierarchy-solution/,/hierarchy-solution/agile_work.html/,743,https://www.insource.co.jp/hierarchy-solution/agile_work.html,2026-09-03T02:38:41.142181+00:00,
https://www.insource.co.jp/hierarchy-solution/resilience_organization.html,組織のレジリエンス強化研修～全従業員の自走力アップで変化に応じる（１日間）:現場で使える研修ならインソース,組織のレジリエンス強化研修～全従業員の自走力アップで変化に応じる（１日間）,200,text/html; charset=UTF-8,https://www.insource.co.jp/hierarchy-solution/resilience_organization.html,,2,https://www.insource.co.jp/kenshu/hierarchy-solution-top.html,/hierarchy-solution/,/hierarchy-solution/resilience_organization.html/,932,https://www.insource.co.jp/hierarchy-solution/resilience_organization.html,2026-09-03T02:38:42.775227+00:00,
https://www.insource.co.jp/bup/bup-digital-management2.html,【研修セミナー公開講座】変化の時代の初級管理職研修（２日間）- 株式会社インソース,変化の時代の初級管理職研修（２日間）,200,text/html; charset=UTF-8,https://www.insource.co.jp/bup/bup-digital-management2.html,,2,https://www.insource.co.jp/kenshu/hierarchy-solution-top.html,/bup/,/bup/bup-digital-management2.html/,1980,https://www.insource.co.jp/bup/bup-digital-management2.html,2026-09-03T02:38:44.543173+00:00,
https://www.insource.co.jp/bup/bup-middle-management2.html,【研修セミナー公開講座】変化の時代の中級管理職研修（２日間）- 株式会社インソース,変化の時代の中級管理職研修（２日間）,200,text/html; charset=UTF-8,https://www.insource.co.jp/bup/bup-middle-management2.html,,2,https://www.insource.co.jp/kenshu/hierarchy-solution-top.html,/bup/,/bup/bup-middle-management2.html/,45,https://www.insource.co.jp/bup/bup-middle-management2.html,2026-09-03T02:38:47.585377+00:00,
https://www.insource.co.jp/bup/bup-digital-senior-management2.html,【研修セミナー公開講座】変化の時代の上級管理職研修（２日間）- 株式会社インソース,変化の時代の上級管理職研修（２日間）,200,text/html; charset=UTF-8,https://www.insource.co.jp/bup/bup-digital-senior-management2.html,,2,https://www.insource.co.jp/kenshu/hierarchy-solution-top.html,/bup/,/bup/bup-digital-senior-management2.html/,1929,https://www.insource.co.jp/bup/bup-digital-senior-management2.html,2026-09-03T02:38:48.607157+00:00,
https://www.insource.co.jp/bup/bup-dx-planning.html,【研修セミナー公開講座】ＤＸ推進者のための企画力研修（２日間）- 株式会社インソース,ＤＸ推進者のための企画力研修（２日間）,200,text/html; charset=UTF-8,https://www.insource.co.jp/bup/bup-dx-planning.html,,2,https://www.insource.co.jp/kenshu/hierarchy-solution-top.html,/bup/,/bup/bup-dx-planning.html/,2897,https://www.insource.co.jp/bup/bup-dx-planning.html,2026-09-03T02:38:51.604162+00:00,
https://www.insource.co.jp/bup/bup-dx-kadaisettei.html,【研修セミナー公開講座】【ＤＸ推進者シリーズ】課題設定力研修～全社的な課題を見極めて最適化する- 株式会社インソース,【ＤＸ推進者シリーズ】課題設定力研修～全社的な課題を見極めて最適化する,200,text/html; charset=UTF-8,https://www.insource.co.jp/bup/bup-dx-kadaisettei.html,,2,https://www.insource.co.jp/kenshu/hierarchy-solution-top.html,/bup/,/bup/bup-dx-kadaisettei.html/,39,https://www.insource.co.jp/bup/bup-dx-kadaisettei.html,2026-09-03T02:38:55.523883+00:00,
https://www.insource.co.jp/bup/bup-dx-hypothesis.html,【研修セミナー公開講座】【ＤＸ推進者シリーズ】仮説構築力向上研修～多面的にデジタル化を考える- 株式会社インソース,【ＤＸ推進者シリーズ】仮説構築力向上研修～多面的にデジタル化を考える,200,text/html; charset=UTF-8,https://www.insource.co.jp/bup/bup-dx-hypothesis.html,,2,https://www.insource.co.jp/kenshu/hierarchy-solution-top.html,/bup/,/bup/bup-dx-hypothesis.html/,2519,https://www.insource.co.jp/bup/bup-dx-hypothesis.html,2026-09-03T02:38:56.626255+00:00,
https://www.insource.co.jp/bup/bup-dx-flow.html,【研修セミナー公開講座】【ＤＸ推進者シリーズ】業務フロー最適化研修～行動経済学の観点で検証する- 株式会社インソース,【ＤＸ推進者シリーズ】業務フロー最適化研修～行動経済学の観点で検証する,200,text/html; charset=UTF-8,https://www.insource.co.jp/bup/bup-dx-flow.html,,2,https://www.insource.co.jp/kenshu/hierarchy-solution-top.html,/bup/,/bup/bup-dx-flow.html/,2288,https://www.insource.co.jp/bup/bup-dx-flow.html,2026-09-03T02:39:00.142617+00:00,
https://www.insource.co.jp/bup/wakate-digital-kyoudou.html,【研修セミナー公開講座】変化の時代の若手社員研修～キャリア自律に向けて自身をバージョンアップする- 株式会社インソース,変化の時代の若手社員研修～キャリア自律に向けて自身をバージョンアップする,200,text/html; charset=UTF-8,https://www.insource.co.jp/bup/wakate-digital-kyoudou.html,,2,https://www.insource.co.jp/kenshu/hierarchy-solution-top.html,/bup/,/bup/wakate-digital-kyoudou.html/,1824,https://www.insource.co.jp/bup/wakate-digital-kyoudou.html,2026-09-03T02:39:03.488067+00:00,
https://www.insource.co.jp/bup/wakate-digital-independence.html,【研修セミナー公開講座】変化の時代の若手社員研修～自律的なキャリア形成のためのマインドチェンジ- 株式会社インソース,変化の時代の若手社員研修～自律的なキャリア形成のためのマインドチェンジ,200,text/html; charset=UTF-8,https://www.insource.co.jp/bup/wakate-digital-independence.html,,2,https://www.insource.co.jp/kenshu/hierarchy-solution-top.html,/bup/,/bup/wakate-digital-independence.html/,2088,https://www.insource.co.jp/bup/wakate-digital-independence.html,2026-09-03T02:39:06.363236+00:00,
https://www.insource.co.jp/bup/bup_task_execution.html,【研修セミナー公開講座】仕事の実行力研修～「自律」「協働」「目的意識」で仕事を前に進める- 株式会社インソース,仕事の実行力研修～「自律」「協働」「目的意識」で仕事を前に進める,200,text/html; charset=UTF-8,https://www.insource.co.jp/bup/bup_task_execution.html,,2,https://www.insource.co.jp/kenshu/hierarchy-solution-top.html,/bup/,/bup/bup_task_execution.html/,2214,https://www.insource.co.jp/bup/bup_task_execution.html,2026-09-03T02:39:09.457410+00:00,
https://www.insource.co.jp/bup/bup_project_promotion.html,【研修セミナー公開講座】（若手向け）仕事の進め方研修～周囲を巻き込みプロジェクトを推進する- 株式会社インソース,（若手向け）仕事の進め方研修～周囲を巻き込みプロジェクトを推進する,200,text/html; charset=UTF-8,https://www.insource.co.jp/bup/bup_project_promotion.html,,2,https://www.insource.co.jp/kenshu/hierarchy-solution-top.html,/bup/,/bup/bup_project_promotion.html/,1882,https://www.insource.co.jp/bup/bup_project_promotion.html,2026-09-03T02:39:12.701063+00:00,
https://www.insource.co.jp/bup/text-communication.html,【研修セミナー公開講座】（新入社員・新社会人向け）テキストコミュニケーション研修- 株式会社インソース,（新入社員・新社会人向け）テキストコミュニケーション研修,200,text/html; charset=UTF-8,https://www.insource.co.jp/bup/text-communication.html,,2,https://www.insource.co.jp/kenshu/hierarchy-solution-top.html,/bup/,/bup/text-communication.html/,1782,https://www.insource.co.jp/bup/text-communication.html,2026-09-03T02:39:15.490990+00:00,
https://www.insource.co.jp/bup/easy_document.html,【研修セミナー公開講座】（新入社員・新社会人向け）やさしいビジネス文書研修～５Ｗ１Ｈとデジタル活用でシンプルに書く- 株式会社インソース,（新入社員・新社会人向け）やさしいビジネス文書研修～５Ｗ１Ｈとデジタル活用でシンプルに書く,200,text/html; charset=UTF-8,https://www.insource.co.jp/bup/easy_document.html,,2,https://www.insource.co.jp/kenshu/hierarchy-solution-top.html,/bup/,/bup/easy_document.html/,33,https://www.insource.co.jp/bup/easy_document.html,2026-09-03T02:39:18.238049+00:00,
https://www.insource.co.jp/bup/moral_compliance.html,【研修セミナー公開講座】（新入社員・新社会人向け）モラル＆コンプライアンス研修～不祥事・情報漏えいと組織への損害- 株式会社インソース,（新入社員・新社会人向け）モラル＆コンプライアンス研修～不祥事・情報漏えいと組織への損害,200,text/html; charset=UTF-8,https://www.insource.co.jp/bup/moral_compliance.html,,2,https://www.insource.co.jp/kenshu/hierarchy-solution-top.html,/bup/,/bup/moral_compliance.html/,1819,https://www.insource.co.jp/bup/moral_compliance.html,2026-09-03T02:39:19.137057+00:00,
https://www.insource.co.jp/bup/bup_20s_career.html,【研修セミナー公開講座】20代向けキャリア研修～偶然の出会いを活かし、人生100年を充実させる- 株式会社インソース,20代向けキャリア研修～偶然の出会いを活かし、人生100年を充実させる,200,text/html; charset=UTF-8,https://www.insource.co.jp/bup/bup_20s_career.html,,2,https://www.insource.co.jp/kenshu/hierarchy-solution-top.html,/bup/,/bup/bup_20s_career.html/,1925,https://www.insource.co.jp/bup/bup_20s_career.html,2026-09-03T02:39:21.837895+00:00,
https://www.insource.co.jp/bup/bup_newcomeroffice.html,【研修セミナー公開講座】（新入社員・新社会人向け）Microsoft Office研修～ExcelとPowerPoint- 株式会社インソース,（新入社員・新社会人向け）Microsoft Office研修～ExcelとPowerPoint,200,text/html; charset=UTF-8,https://www.insource.co.jp/bup/bup_newcomeroffice.html,,2,https://www.insource.co.jp/kenshu/hierarchy-solution-top.html,/bup/,/bup/bup_newcomeroffice.html/,36,https://www.insource.co.jp/bup/bup_newcomeroffice.html,2026-09-03T02:39:24.755293+00:00,
https://www.insource.co.jp/bup/bup_oa_standard.html,【研修セミナー公開講座】ゼロからのMicrosoft Office研修～スタンダードコース（Excel／PowerPoint／Word）（３日間）- 株式会社インソース,ゼロからのMicrosoft Office研修～スタンダードコース（Excel／PowerPoint／Word）（３日間）,200,text/html; charset=UTF-8,https://www.insource.co.jp/bup/bup_oa_standard.html,,2,https://www.insource.co.jp/kenshu/hierarchy-solution-top.html,/bup/,/bup/bup_oa_standard.html/,35,https://www.insource.co.jp/bup/bup_oa_standard.html,2026-09-03T02:39:25.686040+00:00,
https://www.insource.co.jp/bup/bup_conversational_ai.html,【研修セミナー公開講座】（新入社員・新社会人向け）DX入門研修～実践を通してデジタルへの向き合い方を身につける- 株式会社インソース,（新入社員・新社会人向け）DX入門研修～実践を通してデジタルへの向き合い方を身につける,200,text/html; charset=UTF-8,https://www.insource.co.jp/bup/bup_conversational_ai.html,,2,https://www.insource.co.jp/kenshu/hierarchy-solution-top.html,/bup/,/bup/bup_conversational_ai.html/,2081,https://www.insource.co.jp/bup/bup_conversational_ai.html,2026-09-03T02:39:26.577147+00:00,
https://www.insource.co.jp/bup/bup_data_literacy_syusyu.html,【研修セミナー公開講座】【データリテラシー醸成シリーズ】データ収集力向上研修- 株式会社インソース,【データリテラシー醸成シリーズ】データ収集力向上研修,200,text/html; charset=UTF-8,https://www.insource.co.jp/bup/bup_data_literacy_syusyu.html,,2,https://www.insource.co.jp/kenshu/hierarchy-solution-top.html,/bup/,/bup/bup_data_literacy_syusyu.html/,1815,https://www.insource.co.jp/bup/bup_data_literacy_syusyu.html,2026-09-03T02:39:29.630901+00:00,
https://www.insource.co.jp/bup/chuken-digital-gyomukaizen.html,【研修セミナー公開講座】変化の時代の中堅社員研修～デジタルを活用した業務効率化の推進- 株式会社インソース,変化の時代の中堅社員研修～デジタルを活用した業務効率化の推進,200,text/html; charset=UTF-8,https://www.insource.co.jp/bup/chuken-digital-gyomukaizen.html,,2,https://www.insource.co.jp/kenshu/hierarchy-solution-top.html,/bup/,/bup/chuken-digital-gyomukaizen.html/,1875,https://www.insource.co.jp/bup/chuken-digital-gyomukaizen.html,2026-09-03T02:39:32.398470+00:00,
https://www.insource.co.jp/bup/chuken-digital-projectleader.html,【研修セミナー公開講座】変化の時代の中堅社員研修～プロジェクトリーダーとしての役割と心構え- 株式会社インソース,変化の時代の中堅社員研修～プロジェクトリーダーとしての役割と心構え,200,text/html; charset=UTF-8,https://www.insource.co.jp/bup/chuken-digital-projectleader.html,,2,https://www.insource.co.jp/kenshu/hierarchy-solution-top.html,/bup/,/bup/chuken-digital-projectleader.html/,1861,https://www.insource.co.jp/bup/chuken-digital-projectleader.html,2026-09-03T02:39:35.304831+00:00,
https://www.insource.co.jp/bup/bup_team-recognition.html,【研修セミナー公開講座】チームビルディング研修～VUCA時代で成長するチームのあり方- 株式会社インソース,チームビルディング研修～VUCA時代で成長するチームのあり方,200,text/html; charset=UTF-8,https://www.insource.co.jp/bup/bup_team-recognition.html,,2,https://www.insource.co.jp/kenshu/hierarchy-solution-top.html,/bup/,/bup/bup_team-recognition.html/,1666,https://www.insource.co.jp/bup/bup_team-recognition.html,2026-09-03T02:39:38.130134+00:00,
https://www.insource.co.jp/bup/bup_puromane_stakeholder.html,【研修セミナー公開講座】【プロマネ養成シリーズ】ステークホルダー対応力養成研修- 株式会社インソース,【プロマネ養成シリーズ】ステークホルダー対応力養成研修,200,text/html; charset=UTF-8,https://www.insource.co.jp/bup/bup_puromane_stakeholder.html,,2,https://www.insource.co.jp/kenshu/hierarchy-solution-top.html,/bup/,/bup/bup_puromane_stakeholder.html/,1584,https://www.insource.co.jp/bup/bup_puromane_stakeholder.html,2026-09-03T02:39:40.736444+00:00,
https://www.insource.co.jp/bup/bup_puromane_propulsive.html,【研修セミナー公開講座】【プロマネ養成シリーズ】プロジェクト推進力養成研修- 株式会社インソース,【プロマネ養成シリーズ】プロジェクト推進力養成研修,200,text/html; charset=UTF-8,https://www.insource.co.jp/bup/bup_puromane_propulsive.html,,2,https://www.insource.co.jp/kenshu/hierarchy-solution-top.html,/bup/,/bup/bup_puromane_propulsive.html/,1608,https://www.insource.co.jp/bup/bup_puromane_propulsive.html,2026-09-03T02:39:43.178543+00:00,
https://www.insource.co.jp/bup/bup_consultant_problemfinding.html,【研修セミナー公開講座】【コンサルタント養成シリーズ】「問題を発見する力」養成研修- 株式会社インソース,【コンサルタント養成シリーズ】「問題を発見する力」養成研修,200,text/html; charset=UTF-8,https://www.insource.co.jp/bup/bup_consultant_problemfinding.html,,2,https://www.insource.co.jp/kenshu/hierarchy-solution-top.html,/bup/,/bup/bup_consultant_problemfinding.html/,1618,https://www.insource.co.jp/bup/bup_consultant_problemfinding.html,2026-09-03T02:39:45.644450+00:00,
https://www.insource.co.jp/design-thinking/problem_solving.html,問題解決のためのデザイン思考研修～身近な職場改善に活用する（１日間）:現場で使える研修ならインソース,問題解決のためのデザイン思考研修～身近な職場改善に活用する（１日間）,200,text/html; charset=UTF-8,https://www.insource.co.jp/design-thinking/problem_solving.html,,2,https://www.insource.co.jp/kenshu/hierarchy-solution-top.html,/design-thinking/,/design-thinking/problem_solving.html/,857,https://www.insource.co.jp/design-thinking/problem_solving.html,2026-09-03T02:39:48.216555+00:00,
https://www.insource.co.jp/bup/bup_oa_expert.html,【研修セミナー公開講座】ゼロからのMicrosoft Office研修～エキスパートコース（Excel／PowerPoint／Word）（５日間）- 株式会社インソース,ゼロからのMicrosoft Office研修～エキスパートコース（Excel／PowerPoint／Word）（５日間）,200,text/html; charset=UTF-8,https://www.insource.co.jp/bup/bup_oa_expert.html,,2,https://www.insource.co.jp/kenshu/hierarchy-solution-top.html,/bup/,/bup/bup_oa_expert.html/,1659,https://www.insource.co.jp/bup/bup_oa_expert.html,2026-09-03T02:39:49.920989+00:00,
https://www.insource.co.jp/bup/bup_dx_beginner.html,【研修セミナー公開講座】（２時間研修）ＩＴ初心者のためのＤＸスタート講座- 株式会社インソース,（２時間研修）ＩＴ初心者のためのＤＸスタート講座,200,text/html; charset=UTF-8,https://www.insource.co.jp/bup/bup_dx_beginner.html,,2,https://www.insource.co.jp/kenshu/hierarchy-solution-top.html,/bup/,/bup/bup_dx_beginner.html/,1827,https://www.insource.co.jp/bup/bup_dx_beginner.html,2026-09-03T02:39:52.445633+00:00,
https://www.insource.co.jp/growth/shigotonosusumekata_digital.html,（成長企業向け）仕事の進め方研修～デジタルツールの活用で成果を最大化する（１日間）:現場で使える研修ならインソース,（成長企業向け）仕事の進め方研修～デジタルツールの活用で成果を最大化する（１日間）,200,text/html; charset=UTF-8,https://www.insource.co.jp/growth/shigotonosusumekata_digital.html,,2,https://www.insource.co.jp/kenshu/hierarchy-solution-top.html,/growth/,/growth/shigotonosusumekata_digital.html/,976,https://www.insource.co.jp/growth/shigotonosusumekata_digital.html,2026-09-03T02:39:55.230060+00:00,
https://www.insource.co.jp/bup/bup_data_literacy_dokkai.html,【研修セミナー公開講座】【データリテラシー醸成シリーズ】データ読解力向上研修- 株式会社インソース,【データリテラシー醸成シリーズ】データ読解力向上研修,200,text/html; charset=UTF-8,https://www.insource.co.jp/bup/bup_data_literacy_dokkai.html,,2,https://www.insource.co.jp/kenshu/hierarchy-solution-top.html,/bup/,/bup/bup_data_literacy_dokkai.html/,2267,https://www.insource.co.jp/bup/bup_data_literacy_dokkai.html,2026-09-03T02:39:57.045378+00:00,
https://www.insource.co.jp/bup/management-digital-execution.html,【研修セミナー公開講座】変化の時代の初級管理職研修～不確実性の中で柔軟に計画を遂行する- 株式会社インソース,変化の時代の初級管理職研修～不確実性の中で柔軟に計画を遂行する,200,text/html; charset=UTF-8,https://www.insource.co.jp/bup/management-digital-execution.html,,2,https://www.insource.co.jp/kenshu/hierarchy-solution-top.html,/bup/,/bup/management-digital-execution.html/,1922,https://www.insource.co.jp/bup/management-digital-execution.html,2026-09-03T02:40:00.348940+00:00,
https://www.insource.co.jp/bup/management-digital_bukashido.html,【研修セミナー公開講座】変化の時代の初級管理職研修～自律的成長を促し組織貢献につなげる- 株式会社インソース,変化の時代の初級管理職研修～自律的成長を促し組織貢献につなげる,200,text/html; charset=UTF-8,https://www.insource.co.jp/bup/management-digital_bukashido.html,,2,https://www.insource.co.jp/kenshu/hierarchy-solution-top.html,/bup/,/bup/management-digital_bukashido.html/,1916,https://www.insource.co.jp/bup/management-digital_bukashido.html,2026-09-03T02:40:03.253951+00:00,
https://www.insource.co.jp/bup/bup_puromane_planning.html,【研修セミナー公開講座】【プロマネ養成シリーズ】プランニング力養成研修- 株式会社インソース,【プロマネ養成シリーズ】プランニング力養成研修,200,text/html; charset=UTF-8,https://www.insource.co.jp/bup/bup_puromane_planning.html,,2,https://www.insource.co.jp/kenshu/hierarchy-solution-top.html,/bup/,/bup/bup_puromane_planning.html/,1656,https://www.insource.co.jp/bup/bup_puromane_planning.html,2026-09-03T02:40:06.245164+00:00,
https://www.insource.co.jp/bup/bup_puromane_teambuilding.html,【研修セミナー公開講座】【プロマネ養成シリーズ】チーム編成・運営力養成研修- 株式会社インソース,【プロマネ養成シリーズ】チーム編成・運営力養成研修,200,text/html; charset=UTF-8,https://www.insource.co.jp/bup/bup_puromane_teambuilding.html,,2,https://www.insource.co.jp/kenshu/hierarchy-solution-top.html,/bup/,/bup/bup_puromane_teambuilding.html/,1591,https://www.insource.co.jp/bup/bup_puromane_teambuilding.html,2026-09-03T02:40:08.763434+00:00,
https://www.insource.co.jp/bup/bup_factor_analysis.html,【研修セミナー公開講座】要因分析研修～問題を因数分解し根本解決へ導く- 株式会社インソース,要因分析研修～問題を因数分解し根本解決へ導く,200,text/html; charset=UTF-8,https://www.insource.co.jp/bup/bup_factor_analysis.html,,2,https://www.insource.co.jp/kenshu/hierarchy-solution-top.html,/bup/,/bup/bup_factor_analysis.html/,1655,https://www.insource.co.jp/bup/bup_factor_analysis.html,2026-09-03T02:40:11.205885+00:00,
https://www.insource.co.jp/dx-business-improvement/chatgpt_analysis.html,ChatGPT×データ分析研修～ＡＩドリブンな課題解決（１日間）:現場で使える研修ならインソース,ChatGPT×データ分析研修～ＡＩドリブンな課題解決（１日間）,200,text/html; charset=UTF-8,https://www.insource.co.jp/dx-business-improvement/chatgpt_analysis.html,,2,https://www.insource.co.jp/kenshu/hierarchy-solution-top.html,/dx-business-improvement/,/dx-business-improvement/chatgpt_analysis.html/,1015,https://www.insource.co.jp/dx-business-improvement/chatgpt_analysis.html,2026-09-03T02:40:13.826100+00:00,
https://www.insource.co.jp/bup/subordinate-guidance.html,【研修セミナー公開講座】部下指導アップデート研修～若手部下との距離感をつかむ- 株式会社インソース,部下指導アップデート研修～若手部下との距離感をつかむ,200,text/html; charset=UTF-8,https://www.insource.co.jp/bup/subordinate-guidance.html,,2,https://www.insource.co.jp/kenshu/hierarchy-solution-top.html,/bup/,/bup/subordinate-guidance.html/,1632,https://www.insource.co.jp/bup/subordinate-guidance.html,2026-09-03T02:40:15.690952+00:00,
https://www.insource.co.jp/bup/bup_career_autonomy.html,【研修セミナー公開講座】（半日研修）キャリア自律推進研修～個性を活かし、As is-To Beギャップを埋める組織づくり- 株式会社インソース,（半日研修）キャリア自律推進研修～個性を活かし、As is-To Beギャップを埋める組織づくり,200,text/html; charset=UTF-8,https://www.insource.co.jp/bup/bup_career_autonomy.html,,2,https://www.insource.co.jp/kenshu/hierarchy-solution-top.html,/bup/,/bup/bup_career_autonomy.html/,2118,https://www.insource.co.jp/bup/bup_career_autonomy.html,2026-09-03T02:40:18.279880+00:00,
https://www.insource.co.jp/bup/bup_python_management.html,【研修セミナー公開講座】【全力解説】管理職のためのPython理解研修～Pythonを使った業務効率化のイメージを掴む- 株式会社インソース,【全力解説】管理職のためのPython理解研修～Pythonを使った業務効率化のイメージを掴む,200,text/html; charset=UTF-8,https://www.insource.co.jp/bup/bup_python_management.html,,2,https://www.insource.co.jp/kenshu/hierarchy-solution-top.html,/bup/,/bup/bup_python_management.html/,1740,https://www.insource.co.jp/bup/bup_python_management.html,2026-09-03T02:40:21.369101+00:00,
https://www.insource.co.jp/bup/bup_data_literacy_katsuyou.html,【研修セミナー公開講座】【データリテラシー醸成シリーズ】データ活用力向上研修- 株式会社インソース,【データリテラシー醸成シリーズ】データ活用力向上研修,200,text/html; charset=UTF-8,https://www.insource.co.jp/bup/bup_data_literacy_katsuyou.html,,2,https://www.insource.co.jp/kenshu/hierarchy-solution-top.html,/bup/,/bup/bup_data_literacy_katsuyou.html/,1875,https://www.insource.co.jp/bup/bup_data_literacy_katsuyou.html,2026-09-03T02:40:23.983761+00:00,
https://www.insource.co.jp/bup/middle-management-digital-rebuild.html,【研修セミナー公開講座】変化の時代の中級管理職研修～ＤＸ推進に向けた自部門の業務の再構築- 株式会社インソース,変化の時代の中級管理職研修～ＤＸ推進に向けた自部門の業務の再構築,200,text/html; charset=UTF-8,https://www.insource.co.jp/bup/middle-management-digital-rebuild.html,,2,https://www.insource.co.jp/kenshu/hierarchy-solution-top.html,/bup/,/bup/middle-management-digital-rebuild.html/,2107,https://www.insource.co.jp/bup/middle-management-digital-rebuild.html,2026-09-03T02:40:26.908854+00:00,
https://www.insource.co.jp/bup/middle-management-digital-puromane.html,【研修セミナー公開講座】変化の時代の中級管理職研修～自部門のＤＸを推進するためのプロマネ術- 株式会社インソース,変化の時代の中級管理職研修～自部門のＤＸを推進するためのプロマネ術,200,text/html; charset=UTF-8,https://www.insource.co.jp/bup/middle-management-digital-puromane.html,,2,https://www.insource.co.jp/kenshu/hierarchy-solution-top.html,/bup/,/bup/middle-management-digital-puromane.html/,2011,https://www.insource.co.jp/bup/middle-management-digital-puromane.html,2026-09-03T02:40:30.047348+00:00,
https://www.insource.co.jp/bup/bup-project-management-wbs.html,【研修セミナー公開講座】プロジェクトマネジメント基礎研修～プロジェクト計画・WBS作成能力向上編- 株式会社インソース,プロジェクトマネジメント基礎研修～プロジェクト計画・WBS作成能力向上編,200,text/html; charset=UTF-8,https://www.insource.co.jp/bup/bup-project-management-wbs.html,,2,https://www.insource.co.jp/kenshu/hierarchy-solution-top.html,/bup/,/bup/bup-project-management-wbs.html/,1701,https://www.insource.co.jp/bup/bup-project-management-wbs.html,2026-09-03T02:40:33.016154+00:00,
https://www.insource.co.jp/bup/bup_meta-thinking.html,【研修セミナー公開講座】俯瞰力強化研修～多面的に考え、全体を見渡すメタ思考力を鍛える- 株式会社インソース,俯瞰力強化研修～多面的に考え、全体を見渡すメタ思考力を鍛える,200,text/html; charset=UTF-8,https://www.insource.co.jp/bup/bup_meta-thinking.html,,2,https://www.insource.co.jp/kenshu/hierarchy-solution-top.html,/bup/,/bup/bup_meta-thinking.html/,1865,https://www.insource.co.jp/bup/bup_meta-thinking.html,2026-09-03T02:40:35.612750+00:00,
https://www.insource.co.jp/kikakuryoku/kousou_mind.html,構想マインド醸成研修～想いを実行に移し価値創造につなげる（１日間）:現場で使える研修ならインソース,構想マインド醸成研修～想いを実行に移し価値創造につなげる（１日間）,200,text/html; charset=UTF-8,https://www.insource.co.jp/kikakuryoku/kousou_mind.html,,2,https://www.insource.co.jp/kenshu/hierarchy-solution-top.html,/kikakuryoku/,/kikakuryoku/kousou_mind.html/,833,https://www.insource.co.jp/kikakuryoku/kousou_mind.html,2026-09-03T02:40:38.486850+00:00,
https://www.insource.co.jp/bup/bup-leadership-innovation.html,【研修セミナー公開講座】リーダーシップ研修～激動の時代に求められる考え方と強かなマインド- 株式会社インソース,リーダーシップ研修～激動の時代に求められる考え方と強かなマインド,200,text/html; charset=UTF-8,https://www.insource.co.jp/bup/bup-leadership-innovation.html,,2,https://www.insource.co.jp/kenshu/hierarchy-solution-top.html,/bup/,/bup/bup-leadership-innovation.html/,1862,https://www.insource.co.jp/bup/bup-leadership-innovation.html,2026-09-03T02:40:40.167559+00:00,
https://www.insource.co.jp/bup/bup-leadership-inclusive.html,【研修セミナー公開講座】インクルーシブ・リーダーシップ研修～多様性を包括するマネジメント- 株式会社インソース,インクルーシブ・リーダーシップ研修～多様性を包括するマネジメント,200,text/html; charset=UTF-8,https://www.insource.co.jp/bup/bup-leadership-inclusive.html,,2,https://www.insource.co.jp/kenshu/hierarchy-solution-top.html,/bup/,/bup/bup-leadership-inclusive.html/,1646,https://www.insource.co.jp/bup/bup-leadership-inclusive.html,2026-09-03T02:40:43.007109+00:00,
https://www.insource.co.jp/bup/bup_dx-literacy.html,【研修セミナー公開講座】（半日研修）DXリテラシー向上研修 - 株式会社インソース,（半日研修）DXリテラシー向上研修,200,text/html; charset=UTF-8,https://www.insource.co.jp/bup/bup_dx-literacy.html,,2,https://www.insource.co.jp/kenshu/hierarchy-solution-top.html,/bup/,/bup/bup_dx-literacy.html/,1790,https://www.insource.co.jp/bup/bup_dx-literacy.html,2026-09-03T02:40:45.534209+00:00,
https://www.insource.co.jp/itjinzaiikusei/algorithm.html,業務改善のためのプログラミング的思考力養成研修（半日間）:現場で使える研修ならインソース,業務改善のためのプログラミング的思考力養成研修（半日間）,200,text/html; charset=UTF-8,https://www.insource.co.jp/itjinzaiikusei/algorithm.html,,2,https://www.insource.co.jp/kenshu/hierarchy-solution-top.html,/itjinzaiikusei/,/itjinzaiikusei/algorithm.html/,872,https://www.insource.co.jp/itjinzaiikusei/algorithm.html,2026-09-03T02:40:48.996652+00:00,
https://www.insource.co.jp/bup/bup_python_ai.html,【研修セミナー公開講座】ChatGPT×Pythonプログラミング研修～自動化・データ分析編（５日間）- 株式会社インソース,ChatGPT×Pythonプログラミング研修～自動化・データ分析編（５日間）,200,text/html; charset=UTF-8,https://www.insource.co.jp/bup/bup_python_ai.html,,2,https://www.insource.co.jp/kenshu/hierarchy-solution-top.html,/bup/,/bup/bup_python_ai.html/,1818,https://www.insource.co.jp/bup/bup_python_ai.html,2026-09-03T02:40:50.688958+00:00,
https://www.insource.co.jp/bup/seniormanagement-digital-growthstrategy.html,【研修セミナー公開講座】変化の時代の上級管理職研修～部門経営者としての成長戦略の構想- 株式会社インソース,変化の時代の上級管理職研修～部門経営者としての成長戦略の構想,200,text/html; charset=UTF-8,https://www.insource.co.jp/bup/seniormanagement-digital-growthstrategy.html,,2,https://www.insource.co.jp/kenshu/hierarchy-solution-top.html,/bup/,/bup/seniormanagement-digital-growthstrategy.html/,1759,https://www.insource.co.jp/bup/seniormanagement-digital-growthstrategy.html,2026-09-03T02:40:53.403615+00:00,
https://www.insource.co.jp/bup/seniormanagement-digital-humancapital.html,【研修セミナー公開講座】変化の時代の上級管理職研修～デジタル人材活用のための人的資本投資- 株式会社インソース,変化の時代の上級管理職研修～デジタル人材活用のための人的資本投資,200,text/html; charset=UTF-8,https://www.insource.co.jp/bup/seniormanagement-digital-humancapital.html,,2,https://www.insource.co.jp/kenshu/hierarchy-solution-top.html,/bup/,/bup/seniormanagement-digital-humancapital.html/,1795,https://www.insource.co.jp/bup/seniormanagement-digital-humancapital.html,2026-09-03T02:40:56.124149+00:00,
https://www.insource.co.jp/successionplan/human_resources.html,【経営人材育成シリーズ】ヒューマンリソース・マネジメント研修～人的資本の戦略的活用（２日間）:現場で使える研修ならインソース,【経営人材育成シリーズ】ヒューマンリソース・マネジメント研修～人的資本の戦略的活用（２日間）,200,text/html; charset=UTF-8,https://www.insource.co.jp/successionplan/human_resources.html,,2,https://www.insource.co.jp/kenshu/hierarchy-solution-top.html,/successionplan/,/successionplan/human_resources.html/,1240,https://www.insource.co.jp/successionplan/human_resources.html,2026-09-03T02:40:58.818448+00:00,
https://www.insource.co.jp/successionplan/digital_management.html,【経営人材育成シリーズ】デジタル・ストラテジー研修～ＤＸで実現する経営課題の解決（２日間）:現場で使える研修ならインソース,【経営人材育成シリーズ】デジタル・ストラテジー研修～ＤＸで実現する経営課題の解決（２日間）,200,text/html; charset=UTF-8,https://www.insource.co.jp/successionplan/digital_management.html,,2,https://www.insource.co.jp/kenshu/hierarchy-solution-top.html,/successionplan/,/successionplan/digital_management.html/,1281,https://www.insource.co.jp/successionplan/digital_management.html,2026-09-03T02:41:00.936947+00:00,
https://www.insource.co.jp/bup/bup-strategic-thinking.html,【研修セミナー公開講座】戦略思考研修～「意思」「直観」「論理」で目的達成のシナリオを描く- 株式会社インソース,戦略思考研修～「意思」「直観」「論理」で目的達成のシナリオを描く,200,text/html; charset=UTF-8,https://www.insource.co.jp/bup/bup-strategic-thinking.html,,2,https://www.insource.co.jp/kenshu/hierarchy-solution-top.html,/bup/,/bup/bup-strategic-thinking.html/,1795,https://www.insource.co.jp/bup/bup-strategic-thinking.html,2026-09-03T02:41:03.149142+00:00,
https://www.insource.co.jp/bup/bup_realization.html,【研修セミナー公開講座】構想力強化研修～アイデアを実現するまでのプロセスを学ぶ- 株式会社インソース,構想力強化研修～アイデアを実現するまでのプロセスを学ぶ,200,text/html; charset=UTF-8,https://www.insource.co.jp/bup/bup_realization.html,,2,https://www.insource.co.jp/kenshu/hierarchy-solution-top.html,/bup/,/bup/bup_realization.html/,1631,https://www.insource.co.jp/bup/bup_realization.html,2026-09-03T02:41:05.833800+00:00,
https://www.insource.co.jp/bup/senior-management-success.html,【研修セミナー公開講座】上級管理職研修～１０の成功事例から学ぶ構想力と変革力- 株式会社インソース,上級管理職研修～１０の成功事例から学ぶ構想力と変革力,200,text/html; charset=UTF-8,https://www.insource.co.jp/bup/senior-management-success.html,,2,https://www.insource.co.jp/kenshu/hierarchy-solution-top.html,/bup/,/bup/senior-management-success.html/,1727,https://www.insource.co.jp/bup/senior-management-success.html,2026-09-03T02:41:08.434765+00:00,
https://www.insource.co.jp/bup/bup_diversity_inclusion.html,【研修セミナー公開講座】【全力討議】ダイバーシティ＆インクルージョン研修～「個」を活かし競争力を高めるための組織戦略を考える- 株式会社インソース,【全力討議】ダイバーシティ＆インクルージョン研修～「個」を活かし競争力を高めるための組織戦略を考える,200,text/html; charset=UTF-8,https://www.insource.co.jp/bup/bup_diversity_inclusion.html,,2,https://www.insource.co.jp/kenshu/hierarchy-solution-top.html,/bup/,/bup/bup_diversity_inclusion.html/,1929,https://www.insource.co.jp/bup/bup_diversity_inclusion.html,2026-09-03T02:41:11.061775+00:00,
https://www.insource.co.jp/bup/improvement_creation.html,【研修セミナー公開講座】事例で学ぶ業務改善研修～価値創造編- 株式会社インソース,事例で学ぶ業務改善研修～価値創造編,200,text/html; charset=UTF-8,https://www.insource.co.jp/bup/improvement_creation.html,,2,https://www.insource.co.jp/kenshu/hierarchy-solution-top.html,/bup/,/bup/improvement_creation.html/,1754,https://www.insource.co.jp/bup/improvement_creation.html,2026-09-03T02:41:13.922827+00:00,
https://www.insource.co.jp/marketing-plan/analysis_chatgpt.html,ChatGPTを活用した環境分析研修（１日間）:現場で使える研修ならインソース,ChatGPTを活用した環境分析研修（１日間）,200,text/html; charset=UTF-8,https://www.insource.co.jp/marketing-plan/analysis_chatgpt.html,,2,https://www.insource.co.jp/kenshu/hierarchy-solution-top.html,/marketing-plan/,/marketing-plan/analysis_chatgpt.html/,865,https://www.insource.co.jp/marketing-plan/analysis_chatgpt.html,2026-09-03T02:41:16.630243+00:00,
https://www.insource.co.jp/statistics/powerbi_utilize.html,Power BI Desktop応用研修～Ｍ言語とＤＡＸ関数を使いこなす（１日間）:現場で使える研修ならインソース,Power BI Desktop応用研修～Ｍ言語とＤＡＸ関数を使いこなす（１日間）,200,text/html; charset=UTF-8,https://www.insource.co.jp/statistics/powerbi_utilize.html,,2,https://www.insource.co.jp/kenshu/hierarchy-solution-top.html,/statistics/,/statistics/powerbi_utilize.html/,824,https://www.insource.co.jp/statistics/powerbi_utilize.html,2026-09-03T02:41:18.329903+00:00,
https://www.insource.co.jp/bup/conversational-ai-speech.html,【研修セミナー公開講座】（２時間研修）ChatGPTではじめる倍速スピーチライティング講座- 株式会社インソース,（２時間研修）ChatGPTではじめる倍速スピーチライティング講座,200,text/html; charset=UTF-8,https://www.insource.co.jp/bup/conversational-ai-speech.html,,2,https://www.insource.co.jp/kenshu/hierarchy-solution-top.html,/bup/,/bup/conversational-ai-speech.html/,1721,https://www.insource.co.jp/bup/conversational-ai-speech.html,2026-09-03T02:41:19.981438+00:00,
https://www.insource.co.jp/bup/bup_easy-excel.html,【研修セミナー公開講座】（半日研修）やさしく学ぶExcel最適化研修～在庫・予算・人員の調整業務を効率化- 株式会社インソース,（半日研修）やさしく学ぶExcel最適化研修～在庫・予算・人員の調整業務を効率化,200,text/html; charset=UTF-8,https://www.insource.co.jp/bup/bup_easy-excel.html,,2,https://www.insource.co.jp/kenshu/hierarchy-solution-top.html,/bup/,/bup/bup_easy-excel.html/,1542,https://www.insource.co.jp/bup/bup_easy-excel.html,2026-09-03T02:41:22.636947+00:00,
https://www.insource.co.jp/bup/bup-code-interpreter.html,【研修セミナー公開講座】（半日研修）GPT-4理解研修～話し言葉でプログラムが書けるCode Interpreterで業務を効率化する- 株式会社インソース,（半日研修）GPT-4理解研修～話し言葉でプログラムが書けるCode Interpreterで業務を効率化する,200,text/html; charset=UTF-8,https://www.insource.co.jp/bup/bup-code-interpreter.html,,2,https://www.insource.co.jp/kenshu/hierarchy-solution-top.html,/bup/,/bup/bup-code-interpreter.html/,1661,https://www.insource.co.jp/bup/bup-code-interpreter.html,2026-09-03T02:41:25.032438+00:00,
https://www.insource.co.jp/bup/bup-python-machine-learning.html,【研修セミナー公開講座】Python学院～AI開発入門研修／機械学習で予測モデルを作る（２日間）- 株式会社インソース,Python学院～AI開発入門研修／機械学習で予測モデルを作る（２日間）,200,text/html; charset=UTF-8,https://www.insource.co.jp/bup/bup-python-machine-learning.html,,2,https://www.insource.co.jp/kenshu/hierarchy-solution-top.html,/bup/,/bup/bup-python-machine-learning.html/,32,https://www.insource.co.jp/bup/bup-python-machine-learning.html,2026-09-03T02:41:27.547802+00:00,
https://www.insource.co.jp/bup/power_automate_desktop.html,【研修セミナー公開講座】Power Automate Desktop入門研修～定型業務を自動化する（２日間）- 株式会社インソース,Power Automate Desktop入門研修～定型業務を自動化する（２日間）,200,text/html; charset=UTF-8,https://www.insource.co.jp/bup/power_automate_desktop.html,,2,https://www.insource.co.jp/kenshu/hierarchy-solution-top.html,/bup/,/bup/power_automate_desktop.html/,1752,https://www.insource.co.jp/bup/power_automate_desktop.html,2026-09-03T02:41:28.523584+00:00,
https://www.insource.co.jp/bup/bup-low-code-development.html,【研修セミナー公開講座】（半日研修）業務効率化のアイデア創出研修～Power Platformの活用事例から学ぶ- 株式会社インソース,（半日研修）業務効率化のアイデア創出研修～Power Platformの活用事例から学ぶ,200,text/html; charset=UTF-8,https://www.insource.co.jp/bup/bup_power-platform-ideas.html,,2,https://www.insource.co.jp/kenshu/hierarchy-solution-top.html,/bup/,/bup/bup-low-code-development.html/,2135,https://www.insource.co.jp/bup/bup_power-platform-ideas.html,2026-09-03T02:41:31.157051+00:00,
https://www.insource.co.jp/bup/bup_consultant_think.html,【研修セミナー公開講座】【コンサルタント養成シリーズ】「考える力」養成研修- 株式会社インソース,【コンサルタント養成シリーズ】「考える力」養成研修,200,text/html; charset=UTF-8,https://www.insource.co.jp/bup/bup_consultant_think.html,,2,https://www.insource.co.jp/kenshu/hierarchy-solution-top.html,/bup/,/bup/bup_consultant_think.html/,1652,https://www.insource.co.jp/bup/bup_consultant_think.html,2026-09-03T02:41:34.144569+00:00,
https://www.insource.co.jp/bup/start-data-analysis.html,【研修セミナー公開講座】Excelではじめるデータ分析研修（２日間）- 株式会社インソース,Excelではじめるデータ分析研修（２日間）,200,text/html; charset=UTF-8,https://www.insource.co.jp/bup/start-data-analysis.html,,2,https://www.insource.co.jp/kenshu/hierarchy-solution-top.html,/bup/,/bup/start-data-analysis.html/,1666,https://www.insource.co.jp/bup/start-data-analysis.html,2026-09-03T02:41:36.760604+00:00,
https://www.insource.co.jp/bup/bup_marketing_questionnaire.html,【研修セミナー公開講座】アンケートデータを活用するマーケティング分析研修- 株式会社インソース,アンケートデータを活用するマーケティング分析研修,200,text/html; charset=UTF-8,https://www.insource.co.jp/bup/bup_marketing_questionnaire.html,,2,https://www.insource.co.jp/kenshu/hierarchy-solution-top.html,/bup/,/bup/bup_marketing_questionnaire.html/,1707,https://www.insource.co.jp/bup/bup_marketing_questionnaire.html,2026-09-03T02:41:39.315918+00:00,
https://www.insource.co.jp/bup/tableau-basic.html,【研修セミナー公開講座】Tableau入門研修～ビッグデータを可視化し、情報に価値を見出す- 株式会社インソース,Tableau入門研修～ビッグデータを可視化し、情報に価値を見出す,200,text/html; charset=UTF-8,https://www.insource.co.jp/bup/tableau-basic.html,,2,https://www.insource.co.jp/kenshu/hierarchy-solution-top.html,/bup/,/bup/tableau-basic.html/,1599,https://www.insource.co.jp/bup/tableau-basic.html,2026-09-03T02:41:41.903325+00:00,
https://www.insource.co.jp/kenshu/bumon-workshop.html,部門間連携ワークショップ（半日間）:現場で使える研修ならインソース,部門間連携ワークショップ（半日間）,200,text/html; charset=UTF-8,https://www.insource.co.jp/kenshu/bumon-workshop.html,,2,https://www.insource.co.jp/kenshu/hierarchy-solution-top.html,/kenshu/,/kenshu/bumon-workshop.html/,776,https://www.insource.co.jp/kenshu/bumon-workshop.html,2026-09-03T02:41:44.461660+00:00,
https://www.insource.co.jp/job_crafting/make_fun.html,仕事を面白くするワークショップ（１日間）:現場で使える研修ならインソース,仕事を面白くするワークショップ（１日間）,200,text/html; charset=UTF-8,https://www.insource.co.jp/job_crafting/make_fun.html,,2,https://www.insource.co.jp/kenshu/hierarchy-solution-top.html,/job_crafting/,/job_crafting/make_fun.html/,31,https://www.insource.co.jp/job_crafting/make_fun.html,2026-09-03T02:41:46.060722+00:00,
https://www.insource.co.jp/bup/design-thinking-idea.html,【研修セミナー公開講座】デザイン思考を活用した事業アイデア発想力強化ワークショップ- 株式会社インソース,デザイン思考を活用した事業アイデア発想力強化ワークショップ,200,text/html; charset=UTF-8,https://www.insource.co.jp/bup/design-thinking-idea.html,,2,https://www.insource.co.jp/kenshu/hierarchy-solution-top.html,/bup/,/bup/design-thinking-idea.html/,1653,https://www.insource.co.jp/bup/design-thinking-idea.html,2026-09-03T02:41:46.913424+00:00,
https://www.insource.co.jp/digital-transformation/ittool_workshop.html,ＩＴツールによる業務改善ワークショップ（半日間）:現場で使える研修ならインソース,ＩＴツールによる業務改善ワークショップ（半日間）,200,text/html; charset=UTF-8,https://www.insource.co.jp/digital-transformation/ittool_workshop.html,,2,https://www.insource.co.jp/kenshu/hierarchy-solution-top.html,/digital-transformation/,/digital-transformation/ittool_workshop.html/,824,https://www.insource.co.jp/digital-transformation/ittool_workshop.html,2026-09-03T02:41:49.533871+00:00,
https://www.insource.co.jp/kenshu/impro-workshop.html,社内のコミュニケーションを促進するインプロ・ワークショップ（半日間）:現場で使える研修ならインソース,社内のコミュニケーションを促進するインプロ・ワークショップ（半日間）,200,text/html; charset=UTF-8,https://www.insource.co.jp/kenshu/impro-workshop.html,,2,https://www.insource.co.jp/kenshu/hierarchy-solution-top.html,/kenshu/,/kenshu/impro-workshop.html/,33,https://www.insource.co.jp/kenshu/impro-workshop.html,2026-09-03T02:41:51.174377+00:00,
https://www.insource.co.jp/dougahyakkaten/dx_literacy_lateral_thinking_idea.html,【DXリテラシー標準シリーズ】デジタル時代の「マインド・スタンス」を学ぶ～常識にとらわれない発想／ラテラル編:eラーニング・動画教材での研修もインソース,【DXリテラシー標準シリーズ】デジタル時代の「マインド・スタンス」を学ぶ～常識にとらわれない発想／ラテラル編,200,text/html; charset=UTF-8,https://www.insource.co.jp/dougahyakkaten/dx_literacy_lateral_thinking_idea.html,,2,https://www.insource.co.jp/kenshu/hierarchy-solution-top.html,/dougahyakkaten/,/dougahyakkaten/dx_literacy_lateral_thinking_idea.html/,27,https://www.insource.co.jp/dougahyakkaten/dx_literacy_lateral_thinking_idea.html,2026-09-03T02:41:52.018318+00:00,
https://www.insource.co.jp/dougahyakkaten/chatgpt_writing.html,ChatGPTを活用したビジネス文書講座～文書作成の新スタンダードを学ぶ:eラーニング・動画教材での研修もインソース,ChatGPTを活用したビジネス文書講座～文書作成の新スタンダードを学ぶ,200,text/html; charset=UTF-8,https://www.insource.co.jp/dougahyakkaten/chatgpt_writing.html,,2,https://www.insource.co.jp/kenshu/hierarchy-solution-top.html,/dougahyakkaten/,/dougahyakkaten/chatgpt_writing.html/,708,https://www.insource.co.jp/dougahyakkaten/chatgpt_writing.html,2026-09-03T02:41:52.833043+00:00,
https://www.insource.co.jp/dougahyakkaten/dx_literacy_management-in-diversity-era.html,【DXリテラシー標準シリーズ】デジタル時代の「マインド・スタンス」を学ぶ～コラボレーション／ダイバーシティマネジメント編:eラーニング・動画教材での研修もインソース,【DXリテラシー標準シリーズ】デジタル時代の「マインド・スタンス」を学ぶ～コラボレーション／ダイバーシティマネジメント編,200,text/html; charset=UTF-8,https://www.insource.co.jp/dougahyakkaten/dx_literacy_management-in-diversity-era.html,,2,https://www.insource.co.jp/kenshu/hierarchy-solution-top.html,/dougahyakkaten/,/dougahyakkaten/dx_literacy_management-in-diversity-era.html/,647,https://www.insource.co.jp/dougahyakkaten/dx_literacy_management-in-diversity-era.html,2026-09-03T02:41:54.415681+00:00,
https://www.insource.co.jp/dougahyakkaten/dx_literacy_chatgpt_literacy.html,【DXリテラシー標準シリーズ】デジタル時代の「生成AI利用において求められるマインド・スタンス」を学ぶ:eラーニング・動画教材での研修もインソース,【DXリテラシー標準シリーズ】デジタル時代の「生成AI利用において求められるマインド・スタンス」を学ぶ,200,text/html; charset=UTF-8,https://www.insource.co.jp/dougahyakkaten/dx_literacy_chatgpt_literacy.html,,2,https://www.insource.co.jp/kenshu/hierarchy-solution-top.html,/dougahyakkaten/,/dougahyakkaten/dx_literacy_chatgpt_literacy.html/,685,https://www.insource.co.jp/dougahyakkaten/dx_literacy_chatgpt_literacy.html,2026-09-03T02:41:55.850570+00:00,
https://www.insource.co.jp/dougahyakkaten/dx_literacy_unlearning.html,【DXリテラシー標準シリーズ】デジタル時代の「マインド・スタンス」を学ぶ～変化への適応／アンラーニング編:eラーニング・動画教材での研修もインソース,【DXリテラシー標準シリーズ】デジタル時代の「マインド・スタンス」を学ぶ～変化への適応／アンラーニング編,200,text/html; charset=UTF-8,https://www.insource.co.jp/dougahyakkaten/dx_literacy_unlearning.html,,2,https://www.insource.co.jp/kenshu/hierarchy-solution-top.html,/dougahyakkaten/,/dougahyakkaten/dx_literacy_unlearning.html/,673,https://www.insource.co.jp/dougahyakkaten/dx_literacy_unlearning.html,2026-09-03T02:41:57.324645+00:00,
https://www.insource.co.jp/dougahyakkaten/dx_literacy_de_and_i.html,【DXリテラシー標準シリーズ】デジタル時代の「マインド・スタンス」を学ぶ～コラボレーション／DE&I編:eラーニング・動画教材での研修もインソース,【DXリテラシー標準シリーズ】デジタル時代の「マインド・スタンス」を学ぶ～コラボレーション／DE&I編,200,text/html; charset=UTF-8,https://www.insource.co.jp/dougahyakkaten/dx_literacy_de_and_i.html,,2,https://www.insource.co.jp/kenshu/hierarchy-solution-top.html,/dougahyakkaten/,/dougahyakkaten/dx_literacy_de_and_i.html/,699,https://www.insource.co.jp/dougahyakkaten/dx_literacy_de_and_i.html,2026-09-03T02:41:58.786609+00:00,
https://www.insource.co.jp/dougahyakkaten/dx_literacy_cx_marketing_sales.html,【DXリテラシー標準シリーズ】デジタル時代の「マインド・スタンス」を学ぶ～顧客・ユーザーへの共感／CX編:eラーニング・動画教材での研修もインソース,【DXリテラシー標準シリーズ】デジタル時代の「マインド・スタンス」を学ぶ～顧客・ユーザーへの共感／CX編,200,text/html; charset=UTF-8,https://www.insource.co.jp/dougahyakkaten/dx_literacy_cx_marketing_sales.html,,2,https://www.insource.co.jp/kenshu/hierarchy-solution-top.html,/dougahyakkaten/,/dougahyakkaten/dx_literacy_cx_marketing_sales.html/,622,https://www.insource.co.jp/dougahyakkaten/dx_literacy_cx_marketing_sales.html,2026-09-03T02:42:00.272682+00:00,
https://www.insource.co.jp/dougahyakkaten/bengoshi_ai.html,【弁護士監修・ドラマで学ぶシリーズ】生成AI利活用と個人情報（テスト付き）:eラーニング・動画教材での研修もインソース,【弁護士監修・ドラマで学ぶシリーズ】生成AI利活用と個人情報（テスト付き）,200,text/html; charset=UTF-8,https://www.insource.co.jp/dougahyakkaten/bengoshi_ai.html,,2,https://www.insource.co.jp/kenshu/hierarchy-solution-top.html,/dougahyakkaten/,/dougahyakkaten/bengoshi_ai.html/,647,https://www.insource.co.jp/dougahyakkaten/bengoshi_ai.html,2026-09-03T02:42:01.682843+00:00,
https://www.insource.co.jp/consulting/new_selftraning_top.html,研修内製化サービス - 株式会社インソース,,200,text/html; charset=UTF-8,https://www.insource.co.jp/consulting/new_selftraning_top.html,,2,https://www.insource.co.jp/kenshu/hierarchy-solution-top.html,/consulting/,/consulting/new_selftraning_top.html/,22,https://www.insource.co.jp/consulting/new_selftraning_top.html,2026-09-03T02:42:03.213649+00:00,
https://www.insource.co.jp/ihl/250826_digital-chuken2.html,"デジタル時代の中堅社員が挑む、リーダーへの登竜門～ＤＸ推進リーダー｜社員研修,教育 職員研修 人材育成ならインソース",デジタル時代の中堅社員が挑む、リーダーへの登竜門～ＤＸ推進リーダー,200,text/html; charset=UTF-8,https://www.insource.co.jp/ihl/250826_digital-chuken2.html,,2,https://www.insource.co.jp/kenshu/hierarchy-solution-top.html,/ihl/,/ihl/250826_digital-chuken2.html/,819,https://www.insource.co.jp/ihl/250826_digital-chuken2.html,2026-09-03T02:42:04.001259+00:00,
https://www.insource.co.jp/contents/column_pdca_ooda.html,"ＰＤＣＡとＯＯＤＡループ～変化の激しい「ビジネス」という戦場で勝利する手法とは - 社員研修,教育 職員研修 人材育成ならインソース",ＰＤＣＡとＯＯＤＡループ ～変化の激しい「ビジネス」という戦場で勝利する手法とは,200,text/html; charset=UTF-8,https://www.insource.co.jp/contents/column_pdca_ooda.html,,2,https://www.insource.co.jp/kenshu/hierarchy-solution-top.html,/contents/,/contents/column_pdca_ooda.html/,917,https://www.insource.co.jp/contents/column_pdca_ooda.html,2026-09-03T02:42:05.595920+00:00,
https://www.insource.co.jp/energy/reskilling_point.html,"主体的学習を促す3つのポイント～人事担当者から見たリスキリング - 社員研修,教育 職員研修 人材育成ならインソース",主体的学習を促す3つのポイント～人事担当者から見たリスキリング,200,text/html; charset=UTF-8,https://www.insource.co.jp/energy/reskilling_point.html,,2,https://www.insource.co.jp/kenshu/hierarchy-solution-top.html,/energy/,/energy/reskilling_point.html/,856,https://www.insource.co.jp/energy/reskilling_point.html,2026-09-03T02:42:07.326654+00:00,
https://www.insource.co.jp/ihl/ft_productivity-improvement01.html,"仕組み化の勘所は「実数」を数えること｜生産性向上の方法論１｜社員研修,教育 職員研修 人材育成ならインソース",仕組み化の勘所は「実数」を数えること｜生産性向上の方法論１,200,text/html; charset=UTF-8,https://www.insource.co.jp/ihl/ft_productivity-improvement01.html,,2,https://www.insource.co.jp/kenshu/hierarchy-solution-top.html,/ihl/,/ihl/ft_productivity-improvement01.html/,763,https://www.insource.co.jp/ihl/ft_productivity-improvement01.html,2026-09-03T02:42:08.976793+00:00,
https://www.insource.co.jp/ihl/ft_productivity-improvement02.html,"作業時間や業務量を知ることは極めて重要｜生産性向上の方法論２｜社員研修,教育 職員研修 人材育成ならインソース",作業時間や業務量を知ることは極めて重要｜生産性向上の方法論２,200,text/html; charset=UTF-8,https://www.insource.co.jp/ihl/ft_productivity-improvement02.html,,2,https://www.insource.co.jp/kenshu/hierarchy-solution-top.html,/ihl/,/ihl/ft_productivity-improvement02.html/,689,https://www.insource.co.jp/ihl/ft_productivity-improvement02.html,2026-09-03T02:42:10.517433+00:00,
https://www.insource.co.jp/ihl/ft_productivity-improvement03.html,"あるべき業務分担～メンバー９割、リーダー１割｜生産性向上の方法論３｜社員研修,教育 職員研修 人材育成ならインソース",あるべき業務分担～メンバー９割、リーダー１割｜生産性向上の方法論３,200,text/html; charset=UTF-8,https://www.insource.co.jp/ihl/ft_productivity-improvement03.html,,2,https://www.insource.co.jp/kenshu/hierarchy-solution-top.html,/ihl/,/ihl/ft_productivity-improvement03.html/,714,https://www.insource.co.jp/ihl/ft_productivity-improvement03.html,2026-09-03T02:42:12.071626+00:00,
https://www.insource.co.jp/hrm/faq/question_kyoiku-faq-1a.html,講師派遣型研修へのご質問「インソースの研修の特徴」:現場で使える研修ならインソース,,200,text/html; charset=UTF-8,https://www.insource.co.jp/hrm/faq/question_kyoiku-faq-1a.html,,2,https://www.insource.co.jp/kenshu/hierarchy-solution-top.html,/hrm/,/hrm/faq/,619,https://www.insource.co.jp/hrm/faq/question_kyoiku-faq-1a.html,2026-09-03T02:42:13.562627+00:00,
https://www.insource.co.jp/hrm/faq/question_kyoiku-faq-10a.html,講師派遣型研修へのご質問「公開講座との違い」:現場で使える研修ならインソース,,200,text/html; charset=UTF-8,https://www.insource.co.jp/hrm/faq/question_kyoiku-faq-10a.html,,2,https://www.insource.co.jp/kenshu/hierarchy-solution-top.html,/hrm/,/hrm/faq/,629,https://www.insource.co.jp/hrm/faq/question_kyoiku-faq-10a.html,2026-09-03T02:42:14.943196+00:00,
https://www.insource.co.jp/hrm/faq/question_kyoiku-faq-15a.html,講師派遣型研修へのご質問「講師の特徴」:現場で使える研修ならインソース,,200,text/html; charset=UTF-8,https://www.insource.co.jp/hrm/faq/question_kyoiku-faq-15a.html,,2,https://www.insource.co.jp/kenshu/hierarchy-solution-top.html,/hrm/,/hrm/faq/,640,https://www.insource.co.jp/hrm/faq/question_kyoiku-faq-15a.html,2026-09-03T02:42:16.333880+00:00,
https://www.insource.co.jp/kyoiku/what.html,インソースって何の会社？～ビジネスパーソンの課題解決を全力で支援する企業:研修会社インソース～講師派遣研修／公開講座の研修,,200,text/html; charset=UTF-8,https://www.insource.co.jp/kyoiku/what.html,,2,https://www.insource.co.jp/kenshu/hierarchy-solution-top.html,/kyoiku/,/kyoiku/what.html/,658,https://www.insource.co.jp/kyoiku/what.html,2026-09-03T02:42:17.736917+00:00,
https://www.insource.co.jp/communication/self_disclosure_interview.html,自己開示と面談力が決め手！職場のコミュニケーション改善研修（１日間）:現場で使える研修ならインソース,自己開示と面談力が決め手！職場のコミュニケーション改善研修（１日間）,200,text/html; charset=UTF-8,https://www.insource.co.jp/communication/self_disclosure_interview.html,,2,https://www.insource.co.jp/kanrisyoku/keieisennryaku_top.html,/communication/,/communication/self_disclosure_interview.html/,1323,https://www.insource.co.jp/communication/self_disclosure_interview.html,2026-09-03T02:42:19.146164+00:00,
https://www.insource.co.jp/kanrisyoku/ka-ooda-loop.html,業績向上のための組織づくり研修～ＯＯＤＡ（ウーダ）ループで目的を達成する編（１日間）:現場で使える研修ならインソース,業績向上のための組織づくり研修～ＯＯＤＡ（ウーダ）ループで目的を達成する編（１日間）,200,text/html; charset=UTF-8,https://www.insource.co.jp/kanrisyoku/ka-ooda-loop.html,,2,https://www.insource.co.jp/kanrisyoku/keieisennryaku_top.html,/kanrisyoku/,/kanrisyoku/ka-ooda-loop.html/,800,https://www.insource.co.jp/kanrisyoku/ka-ooda-loop.html,2026-09-03T02:42:21.417401+00:00,
https://www.insource.co.jp/ken2007/newkatyo.html,新任管理職研修～自信を持ってマネジメントを始める編（２日間）:現場で使える研修ならインソース,新任管理職研修～自信を持ってマネジメントを始める編（２日間）,200,text/html; charset=UTF-8,https://www.insource.co.jp/ken2007/newkatyo.html,,2,https://www.insource.co.jp/kanrisyoku/keieisennryaku_top.html,/ken2007/,/ken2007/newkatyo.html/,950,https://www.insource.co.jp/ken2007/newkatyo.html,2026-09-03T02:42:23.035388+00:00,
https://www.insource.co.jp/sales/manager_practice.html,プレイングマネージャー研修～時間・チーム・リスクをマネジメントし、走りながら成果を出す（１日間）:現場で使える研修ならインソース,プレイングマネージャー研修～時間・チーム・リスクをマネジメントし、走りながら成果を出す（１日間）,200,text/html; charset=UTF-8,https://www.insource.co.jp/sales/manager_practice.html,,2,https://www.insource.co.jp/kanrisyoku/keieisennryaku_top.html,/sales/,/sales/manager_practice.html/,731,https://www.insource.co.jp/sales/manager_practice.html,2026-09-03T02:42:25.575334+00:00,
https://www.insource.co.jp/kanrisyoku/simulation-management-and-skill.html,管理職向けシミュレーション研修～マネジメントに必要な役割とスキルを強化する編（１日間）:現場で使える研修ならインソース,管理職向けシミュレーション研修～マネジメントに必要な役割とスキルを強化する編（１日間）,200,text/html; charset=UTF-8,https://www.insource.co.jp/kanrisyoku/simulation-management-and-skill.html,,2,https://www.insource.co.jp/kanrisyoku/keieisennryaku_top.html,/kanrisyoku/,/kanrisyoku/simulation-management-and-skill.html/,658,https://www.insource.co.jp/kanrisyoku/simulation-management-and-skill.html,2026-09-03T02:42:27.215972+00:00,
https://www.insource.co.jp/kenshu/employee-engagement-improvement.html,管理職向け従業員エンゲージメント向上研修～働きがいのある職場づくりでチームの活性化をはかる（１日間）:現場で使える研修ならインソース,管理職向け従業員エンゲージメント向上研修～働きがいのある職場づくりでチームの活性化をはかる（１日間）,200,text/html; charset=UTF-8,https://www.insource.co.jp/kenshu/employee-engagement-improvement.html,,2,https://www.insource.co.jp/kanrisyoku/keieisennryaku_top.html,/kenshu/,/kenshu/employee-engagement-improvement.html/,689,https://www.insource.co.jp/kenshu/employee-engagement-improvement.html,2026-09-03T02:42:28.677355+00:00,
https://www.insource.co.jp/risyokuboushi/bukashido_update.html,部下指導アップデート研修～若手部下との距離感をつかむ（１日間）:現場で使える研修ならインソース,部下指導アップデート研修～若手部下との距離感をつかむ（１日間）,200,text/html; charset=UTF-8,https://www.insource.co.jp/risyokuboushi/bukashido_update.html,,2,https://www.insource.co.jp/kanrisyoku/keieisennryaku_top.html,/risyokuboushi/,/risyokuboushi/bukashido_update.html/,1118,https://www.insource.co.jp/risyokuboushi/bukashido_update.html,2026-09-03T02:42:30.169931+00:00,
https://www.insource.co.jp/kanrisyoku/ka_timemanagement_kanrisya2.html,組織のタイムマネジメント研修～管理職の立場から組織の効率化を目指す（１日間）:現場で使える研修ならインソース,組織のタイムマネジメント研修～管理職の立場から組織の効率化を目指す（１日間）,200,text/html; charset=UTF-8,https://www.insource.co.jp/kanrisyoku/ka_timemanagement_kanrisya2.html,,2,https://www.insource.co.jp/kanrisyoku/keieisennryaku_top.html,/kanrisyoku/,/kanrisyoku/ka_timemanagement_kanrisya2.html/,767,https://www.insource.co.jp/kanrisyoku/ka_timemanagement_kanrisya2.html,2026-09-03T02:42:32.148658+00:00,
https://www.insource.co.jp/kanrisyoku/ka-henkaku-leader.html,変革リーダー研修～人数を増やさず今のメンバーで変革を実現する（１日間）:現場で使える研修ならインソース,変革リーダー研修～人数を増やさず今のメンバーで変革を実現する（１日間）,200,text/html; charset=UTF-8,https://www.insource.co.jp/kanrisyoku/ka-henkaku-leader.html,,2,https://www.insource.co.jp/kanrisyoku/keieisennryaku_top.html,/kanrisyoku/,/kanrisyoku/ka-henkaku-leader.html/,1075,https://www.insource.co.jp/kanrisyoku/ka-henkaku-leader.html,2026-09-03T02:42:33.820633+00:00,
https://www.insource.co.jp/kanrisyoku/compliance_basic.html,管理職向けコンプライアンス研修～組織における不祥事防止（半日間）:現場で使える研修ならインソース,管理職向けコンプライアンス研修～組織における不祥事防止（半日間）,200,text/html; charset=UTF-8,https://www.insource.co.jp/kanrisyoku/compliance_basic.html,,2,https://www.insource.co.jp/kanrisyoku/keieisennryaku_top.html,/kanrisyoku/,/kanrisyoku/compliance_basic.html/,802,https://www.insource.co.jp/kanrisyoku/compliance_basic.html,2026-09-03T02:42:35.752638+00:00,
https://www.insource.co.jp/hierarchy-solution/digital_senior_management2.html,デジタル時代の上級管理職研修（２日間）:現場で使える研修ならインソース,デジタル時代の上級管理職研修（２日間）,200,text/html; charset=UTF-8,https://www.insource.co.jp/hierarchy-solution/digital_senior_management2.html,,2,https://www.insource.co.jp/kanrisyoku/keieisennryaku_top.html,/hierarchy-solution/,/hierarchy-solution/digital_senior_management2.html/,1069,https://www.insource.co.jp/hierarchy-solution/digital_senior_management2.html,2026-09-03T02:42:37.380510+00:00,
https://www.insource.co.jp/worksession/new_business_project.html,新規事業企画案策定ワークセッション（３日間）:現場で使える研修ならインソース,新規事業企画案策定ワークセッション（３日間）,200,text/html; charset=UTF-8,https://www.insource.co.jp/worksession/new_business_project.html,,2,https://www.insource.co.jp/kanrisyoku/keieisennryaku_top.html,/worksession/,/worksession/new_business_project.html/,1197,https://www.insource.co.jp/worksession/new_business_project.html,2026-09-03T02:42:39.302760+00:00,
https://www.insource.co.jp/kanrisyoku/management-profit.html,部長研修～経営者視点を身につけ、「稼ぐ力」を向上させる編（１日間）:現場で使える研修ならインソース,部長研修～経営者視点を身につけ、「稼ぐ力」を向上させる編（１日間）,200,text/html; charset=UTF-8,https://www.insource.co.jp/kanrisyoku/management-profit.html,,2,https://www.insource.co.jp/kanrisyoku/keieisennryaku_top.html,/kanrisyoku/,/kanrisyoku/management-profit.html/,962,https://www.insource.co.jp/kanrisyoku/management-profit.html,2026-09-03T02:42:41.451343+00:00,
https://www.insource.co.jp/kanrisyoku/transformation-leader2.html,上級管理職研修～不確実な時代に求められる変革者としての構想力（２日間）:現場で使える研修ならインソース,上級管理職研修～不確実な時代に求められる変革者としての構想力（２日間）,200,text/html; charset=UTF-8,https://www.insource.co.jp/kanrisyoku/transformation-leader2.html,,2,https://www.insource.co.jp/kanrisyoku/keieisennryaku_top.html,/kanrisyoku/,/kanrisyoku/transformation-leader2.html/,851,https://www.insource.co.jp/kanrisyoku/transformation-leader2.html,2026-09-03T02:42:43.242791+00:00,
https://www.insource.co.jp/training-special/general-manager.html,経営人材育成シリーズ:現場で使える研修ならインソース,,200,text/html; charset=UTF-8,https://www.insource.co.jp/training-special/general-manager.html,,2,https://www.insource.co.jp/kanrisyoku/keieisennryaku_top.html,/training-special/,/training-special/general-manager.html/,24,https://www.insource.co.jp/training-special/general-manager.html,2026-09-03T02:42:44.925855+00:00,
https://www.insource.co.jp/executivemanager/midtermplan_renkei_workshop.html,【経営人材育成ワークショップ】中期経営計画における部門連携を促す（１日間）:現場で使える研修ならインソース,【経営人材育成ワークショップ】中期経営計画における部門連携を促す（１日間）,200,text/html; charset=UTF-8,https://www.insource.co.jp/executivemanager/midtermplan_renkei_workshop.html,,2,https://www.insource.co.jp/kanrisyoku/keieisennryaku_top.html,/executivemanager/,/executivemanager/midtermplan_renkei_workshop.html/,1250,https://www.insource.co.jp/executivemanager/midtermplan_renkei_workshop.html,2026-09-03T02:42:45.730742+00:00,
https://www.insource.co.jp/management-strategy/ma_introduction.html,Ｍ＆Ａ入門研修～シナジー発揮、事業拡大のための会社の選び方（１日間）:現場で使える研修ならインソース,Ｍ＆Ａ入門研修～シナジー発揮、事業拡大のための会社の選び方（１日間）,200,text/html; charset=UTF-8,https://www.insource.co.jp/management-strategy/ma_introduction.html,,2,https://www.insource.co.jp/kanrisyoku/keieisennryaku_top.html,/management-strategy/,/management-strategy/ma_introduction.html/,877,https://www.insource.co.jp/management-strategy/ma_introduction.html,2026-09-03T02:42:47.925035+00:00,
https://www.insource.co.jp/kenshu/ke_keikaku.html,組織分析研修～外部・内部環境分析・財務分析（２日間）:現場で使える研修ならインソース,組織分析研修～外部・内部環境分析・財務分析（２日間）,200,text/html; charset=UTF-8,https://www.insource.co.jp/kenshu/ke_keikaku.html,,2,https://www.insource.co.jp/kanrisyoku/keieisennryaku_top.html,/kenshu/,/kenshu/ke_keikaku.html/,689,https://www.insource.co.jp/kenshu/ke_keikaku.html,2026-09-03T02:42:49.641553+00:00,
https://www.insource.co.jp/management-strategy/roic_keiei.html,ROIC経営実践研修～ROICツリーとポートフォリオ管理で企業価値を高める（１日間）:現場で使える研修ならインソース,ROIC経営実践研修～ROICツリーとポートフォリオ管理で企業価値を高める（１日間）,200,text/html; charset=UTF-8,https://www.insource.co.jp/management-strategy/roic_keiei.html,,2,https://www.insource.co.jp/kanrisyoku/keieisennryaku_top.html,/management-strategy/,/management-strategy/roic_keiei.html/,1167,https://www.insource.co.jp/management-strategy/roic_keiei.html,2026-09-03T02:42:51.141182+00:00,
https://www.insource.co.jp/kanrisyoku/bcp_bcm.html,ＢＣＰ・ＢＣＭ研修～「事業継続計画」作成・マネジメント（１日間）:現場で使える研修ならインソース,ＢＣＰ・ＢＣＭ研修～「事業継続計画」作成・マネジメント（１日間）,200,text/html; charset=UTF-8,https://www.insource.co.jp/kanrisyoku/bcp_bcm.html,,2,https://www.insource.co.jp/kanrisyoku/keieisennryaku_top.html,/kanrisyoku/,/kanrisyoku/bcp_bcm.html/,746,https://www.insource.co.jp/kanrisyoku/bcp_bcm.html,2026-09-03T02:42:53.264922+00:00,
https://www.insource.co.jp/management-strategy/dx_ai.html,事業成長とＤＸ・ＡＩ戦略を考える研修（半日間）:現場で使える研修ならインソース,事業成長とＤＸ・ＡＩ戦略を考える研修（半日間）,200,text/html; charset=UTF-8,https://www.insource.co.jp/management-strategy/dx_ai.html,,2,https://www.insource.co.jp/kanrisyoku/keieisennryaku_top.html,/management-strategy/,/management-strategy/dx_ai.html/,1323,https://www.insource.co.jp/management-strategy/dx_ai.html,2026-09-03T02:42:54.821039+00:00,
https://www.insource.co.jp/management-strategy/sdl_ai.html,経営幹部向けＡＩ・ＤＸ推進研修～ＳＤＬで事業を再定義する（半日間）:現場で使える研修ならインソース,経営幹部向けＡＩ・ＤＸ推進研修～ＳＤＬで事業を再定義する（半日間）,200,text/html; charset=UTF-8,https://www.insource.co.jp/management-strategy/sdl_ai.html,,2,https://www.insource.co.jp/kanrisyoku/keieisennryaku_top.html,/management-strategy/,/management-strategy/sdl_ai.html/,29,https://www.insource.co.jp/management-strategy/sdl_ai.html,2026-09-03T02:42:56.996295+00:00,
https://www.insource.co.jp/ka_managementskill/workflow_grasp.html,管理職向け業務改善研修～業務フローを活用して現状を把握し、改善を推進する（１日間）:現場で使える研修ならインソース,管理職向け業務改善研修～業務フローを活用して現状を把握し、改善を推進する（１日間）,200,text/html; charset=UTF-8,https://www.insource.co.jp/ka_managementskill/workflow_grasp.html,,2,https://www.insource.co.jp/kanrisyoku/keieisennryaku_top.html,/ka_managementskill/,/ka_managementskill/workflow_grasp.html/,1290,https://www.insource.co.jp/ka_managementskill/workflow_grasp.html,2026-09-03T02:42:57.965719+00:00,
https://www.insource.co.jp/management/appropriate_distance.html,ハラスメント時代のマネジメント研修～恐れすぎず、適切な距離で部下と向き合う（１日間）:現場で使える研修ならインソース,ハラスメント時代のマネジメント研修～恐れすぎず、適切な距離で部下と向き合う（１日間）,200,text/html; charset=UTF-8,https://www.insource.co.jp/management/appropriate_distance.html,,2,https://www.insource.co.jp/kanrisyoku/keieisennryaku_top.html,/management/,/management/appropriate_distance.html/,1083,https://www.insource.co.jp/management/appropriate_distance.html,2026-09-03T02:43:00.101273+00:00,
https://www.insource.co.jp/ka_managementskill/number2.html,ナンバー２研修～名脇役豊臣秀長から学ぶ統治能力と実務能力（１日間）:現場で使える研修ならインソース,ナンバー２研修～名脇役豊臣秀長から学ぶ統治能力と実務能力（１日間）,200,text/html; charset=UTF-8,https://www.insource.co.jp/ka_managementskill/number2.html,,2,https://www.insource.co.jp/kanrisyoku/keieisennryaku_top.html,/ka_managementskill/,/ka_managementskill/number2.html/,1078,https://www.insource.co.jp/ka_managementskill/number2.html,2026-09-03T02:43:02.032064+00:00,
https://www.insource.co.jp/keieisennryaku/ipo_preparation.html,実践的ＩＰＯ検討段階の準備実務研修～何をどのように準備するか（１日間）:現場で使える研修ならインソース,実践的ＩＰＯ検討段階の準備実務研修～何をどのように準備するか（１日間）,200,text/html; charset=UTF-8,https://www.insource.co.jp/keieisennryaku/ipo_preparation.html,,2,https://www.insource.co.jp/kanrisyoku/keieisennryaku_top.html,/keieisennryaku/,/keieisennryaku/ipo_preparation.html/,1008,https://www.insource.co.jp/keieisennryaku/ipo_preparation.html,2026-09-03T02:43:03.959949+00:00,
https://www.insource.co.jp/worksession/branding_strategy.html,ブランディング戦略策定ワークセッション（３日間）:現場で使える研修ならインソース,ブランディング戦略策定ワークセッション（３日間）,200,text/html; charset=UTF-8,https://www.insource.co.jp/worksession/branding_strategy.html,,2,https://www.insource.co.jp/kanrisyoku/keieisennryaku_top.html,/worksession/,/worksession/branding_strategy.html/,1318,https://www.insource.co.jp/worksession/branding_strategy.html,2026-09-03T02:43:05.898194+00:00,
https://www.insource.co.jp/kenshu/ke_vision_jitsugen.html,役員・部長研修～経営幹部に求められる資質・行動・判断軸（１日間）:現場で使える研修ならインソース,役員・部長研修～経営幹部に求められる資質・行動・判断軸（１日間）,200,text/html; charset=UTF-8,https://www.insource.co.jp/kenshu/ke_vision_jitsugen.html,,2,https://www.insource.co.jp/kanrisyoku/keieisennryaku_top.html,/kenshu/,/kenshu/ke_vision_jitsugen.html/,1017,https://www.insource.co.jp/kenshu/ke_vision_jitsugen.html,2026-09-03T02:43:08.099712+00:00,
https://www.insource.co.jp/keieisennryaku/harassment_incivility.html,役員・管理職向けハラスメント防止研修～求められる意識と言動（半日間）:現場で使える研修ならインソース,役員・管理職向けハラスメント防止研修～求められる意識と言動（半日間）,200,text/html; charset=UTF-8,https://www.insource.co.jp/keieisennryaku/harassment_incivility.html,,2,https://www.insource.co.jp/kanrisyoku/keieisennryaku_top.html,/keieisennryaku/,/keieisennryaku/harassment_incivility.html/,1114,https://www.insource.co.jp/keieisennryaku/harassment_incivility.html,2026-09-03T02:43:09.963953+00:00,
https://www.insource.co.jp/kanrisyoku/ka-corporate-governance.html,コーポレートガバナンス（企業統治）研修（１日間）:現場で使える研修ならインソース,コーポレートガバナンス（企業統治）研修（１日間）,200,text/html; charset=UTF-8,https://www.insource.co.jp/kanrisyoku/ka-corporate-governance.html,,2,https://www.insource.co.jp/kanrisyoku/keieisennryaku_top.html,/kanrisyoku/,/kanrisyoku/ka-corporate-governance.html/,38,https://www.insource.co.jp/kanrisyoku/ka-corporate-governance.html,2026-09-03T02:43:12.007158+00:00,
https://www.insource.co.jp/kanrisyoku/internal-control.html,コーポレートガバナンスと内部統制研修（１日間）:現場で使える研修ならインソース,コーポレートガバナンスと内部統制研修（１日間）,200,text/html; charset=UTF-8,https://www.insource.co.jp/kanrisyoku/internal-control.html,,2,https://www.insource.co.jp/kanrisyoku/keieisennryaku_top.html,/kanrisyoku/,/kanrisyoku/internal-control.html/,745,https://www.insource.co.jp/kanrisyoku/internal-control.html,2026-09-03T02:43:12.866963+00:00,
https://www.insource.co.jp/training-special/mindset-passion.html,熱意と覚悟のマインドセットシリーズ～損得勘定を越えた熱いマインドを持つビジネスリーダーを目指す:現場で使える研修ならインソース,,200,text/html; charset=UTF-8,https://www.insource.co.jp/training-special/mindset-passion.html,,2,https://www.insource.co.jp/kanrisyoku/keieisennryaku_top.html,/training-special/,/training-special/mindset-passion.html/,756,https://www.insource.co.jp/training-special/mindset-passion.html,2026-09-03T02:43:14.426130+00:00,
https://www.insource.co.jp/training-special/connect-site-management.html,現場と経営をつなぐシリーズ～経営課題を現場のカイゼンにつなげる:現場で使える研修ならインソース,,200,text/html; charset=UTF-8,https://www.insource.co.jp/training-special/connect-site-management.html,,2,https://www.insource.co.jp/kanrisyoku/keieisennryaku_top.html,/training-special/,/training-special/connect-site-management.html/,24,https://www.insource.co.jp/training-special/connect-site-management.html,2026-09-03T02:43:15.961491+00:00,
https://www.insource.co.jp/training-special/digital-hierarchy-solution.html,変化の時代の階層別研修シリーズ:現場で使える研修ならインソース,,200,text/html; charset=UTF-8,https://www.insource.co.jp/training-special/digital-hierarchy-solution.html,,2,https://www.insource.co.jp/kanrisyoku/keieisennryaku_top.html,/training-special/,/training-special/digital-hierarchy-solution.html/,25,https://www.insource.co.jp/training-special/digital-hierarchy-solution.html,2026-09-03T02:43:16.756453+00:00,
https://www.insource.co.jp/training-special/mid-term.html,中計達成のためのワークショップシリーズ:現場で使える研修ならインソース,,200,text/html; charset=UTF-8,https://www.insource.co.jp/training-special/mid-term.html,,2,https://www.insource.co.jp/kanrisyoku/keieisennryaku_top.html,/training-special/,/training-special/mid-term.html/,881,https://www.insource.co.jp/training-special/mid-term.html,2026-09-03T02:43:17.652333+00:00,
https://www.insource.co.jp/bup/corporate-strategy-theory.html,【名著から学ぶ経営戦略シリーズ】 「企業戦略論」―１名から参加できる研修の会社インソース,,200,text/html; charset=UTF-8,https://www.insource.co.jp/bup/corporate-strategy-theory.html,,2,https://www.insource.co.jp/kanrisyoku/keieisennryaku_top.html,/bup/,/bup/corporate-strategy-theory.html/,621,https://www.insource.co.jp/bup/corporate-strategy-theory.html,2026-09-03T02:43:19.310217+00:00,
https://www.insource.co.jp/bup/bup_kanrishoku1.html,【研修セミナー公開講座】段取り研修～管理職としての基本的マネジメントスキルを理解する- 株式会社インソース,段取り研修～管理職としての基本的マネジメントスキルを理解する,200,text/html; charset=UTF-8,https://www.insource.co.jp/bup/bup_kanrishoku1.html,,2,https://www.insource.co.jp/kanrisyoku/keieisennryaku_top.html,/bup/,/bup/bup_kanrishoku1.html/,48,https://www.insource.co.jp/bup/bup_kanrishoku1.html,2026-09-03T02:43:20.737926+00:00,
https://www.insource.co.jp/bup/bup_kanrishoku8.html,【研修セミナー公開講座】リスクマネジメント研修～未然に防ぐ方法を学ぶ- 株式会社インソース,リスクマネジメント研修～未然に防ぐ方法を学ぶ,200,text/html; charset=UTF-8,https://www.insource.co.jp/bup/bup_kanrishoku8.html,,2,https://www.insource.co.jp/kanrisyoku/keieisennryaku_top.html,/bup/,/bup/bup_kanrishoku8.html/,43,https://www.insource.co.jp/bup/bup_kanrishoku8.html,2026-09-03T02:43:21.679918+00:00,
https://www.insource.co.jp/bup/entrust_levelup.html,【研修セミナー公開講座】仕事の任せ方レベルアップ研修～部下の不安を軽減し、権限委譲を進める- 株式会社インソース,仕事の任せ方レベルアップ研修～部下の不安を軽減し、権限委譲を進める,200,text/html; charset=UTF-8,https://www.insource.co.jp/bup/entrust_levelup.html,,2,https://www.insource.co.jp/kanrisyoku/keieisennryaku_top.html,/bup/,/bup/entrust_levelup.html/,1918,https://www.insource.co.jp/bup/entrust_levelup.html,2026-09-03T02:43:22.738448+00:00,
https://www.insource.co.jp/bup/bup_mendan.html,【研修セミナー公開講座】評価者研修～公正な評価のポイントを学び、納得感のある評価を行う- 株式会社インソース,評価者研修～公正な評価のポイントを学び、納得感のある評価を行う,200,text/html; charset=UTF-8,https://www.insource.co.jp/bup/bup_mendan.html,,2,https://www.insource.co.jp/kanrisyoku/keieisennryaku_top.html,/bup/,/bup/bup_mendan.html/,1879,https://www.insource.co.jp/bup/bup_mendan.html,2026-09-03T02:43:25.602220+00:00,
https://www.insource.co.jp/bup/bup_kanri_performance.html,【研修セミナー公開講座】管理職向け生産性向上研修～しくみ作りでチームの業務遂行能力を底上げする- 株式会社インソース,管理職向け生産性向上研修～しくみ作りでチームの業務遂行能力を底上げする,200,text/html; charset=UTF-8,https://www.insource.co.jp/bup/bup_kanri_performance.html,,2,https://www.insource.co.jp/kanrisyoku/keieisennryaku_top.html,/bup/,/bup/bup_kanri_performance.html/,2353,https://www.insource.co.jp/bup/bup_kanri_performance.html,2026-09-03T02:43:28.489854+00:00,
https://www.insource.co.jp/bup/bup_1on1conference.html,【研修セミナー公開講座】１対１面談研修～部下のキャリア開発支援編- 株式会社インソース,１対１面談研修～部下のキャリア開発支援編,200,text/html; charset=UTF-8,https://www.insource.co.jp/bup/bup_1on1conference.html,,2,https://www.insource.co.jp/kanrisyoku/keieisennryaku_top.html,/bup/,/bup/bup_1on1conference.html/,2161,https://www.insource.co.jp/bup/bup_1on1conference.html,2026-09-03T02:43:31.774431+00:00,
https://www.insource.co.jp/bup/bup-diversity.html,【研修セミナー公開講座】【全力解説】現代管理職のモノの言い方研修～ハラスメントリスクを低減する- 株式会社インソース,【全力解説】現代管理職のモノの言い方研修～ハラスメントリスクを低減する,200,text/html; charset=UTF-8,https://www.insource.co.jp/bup/bup-diversity.html,,2,https://www.insource.co.jp/kanrisyoku/keieisennryaku_top.html,/bup/,/bup/bup-diversity.html/,1985,https://www.insource.co.jp/bup/bup-diversity.html,2026-09-03T02:43:35.021167+00:00,
https://www.insource.co.jp/bup/bup_executive-management-skills.html,【研修セミナー公開講座】役員・部長研修～経営幹部に求められる資質・行動・判断軸- 株式会社インソース,役員・部長研修～経営幹部に求められる資質・行動・判断軸,200,text/html; charset=UTF-8,https://www.insource.co.jp/bup/bup_executive-management-skills.html,,2,https://www.insource.co.jp/kanrisyoku/keieisennryaku_top.html,/bup/,/bup/bup_executive-management-skills.html/,1912,https://www.insource.co.jp/bup/bup_executive-management-skills.html,2026-09-03T02:43:37.929638+00:00,
https://www.insource.co.jp/bup/new-division-manager_t.html,【研修セミナー公開講座】新任部長研修～経営視点の組織マネジメント（２日間）- 株式会社インソース,新任部長研修～経営視点の組織マネジメント（２日間）,200,text/html; charset=UTF-8,https://www.insource.co.jp/bup/new-division-manager_t.html,,2,https://www.insource.co.jp/kanrisyoku/keieisennryaku_top.html,/bup/,/bup/new-division-manager_t.html/,31,https://www.insource.co.jp/bup/new-division-manager_t.html,2026-09-03T02:43:40.810149+00:00,
https://www.insource.co.jp/bup/bup_corporate_management.html,【研修セミナー公開講座】役員研修～企業経営と役員の仕事（２日間）- 株式会社インソース,役員研修～企業経営と役員の仕事（２日間）,200,text/html; charset=UTF-8,https://www.insource.co.jp/bup/bup_corporate_management.html,,2,https://www.insource.co.jp/kanrisyoku/keieisennryaku_top.html,/bup/,/bup/bup_corporate_management.html/,43,https://www.insource.co.jp/bup/bup_corporate_management.html,2026-09-03T02:43:41.725442+00:00,
https://www.insource.co.jp/bup/bup_manager-strategy-execution.html,【研修セミナー公開講座】【現場と経営をつなぐシリーズ】部長向け業務改善研修～経営戦略を現場に浸透させる- 株式会社インソース,【現場と経営をつなぐシリーズ】部長向け業務改善研修～経営戦略を現場に浸透させる,200,text/html; charset=UTF-8,https://www.insource.co.jp/bup/bup_manager-strategy-execution.html,,2,https://www.insource.co.jp/kanrisyoku/keieisennryaku_top.html,/bup/,/bup/bup_manager-strategy-execution.html/,1888,https://www.insource.co.jp/bup/bup_manager-strategy-execution.html,2026-09-03T02:43:42.679150+00:00,
https://www.insource.co.jp/bup/bup_ooda-loop.html,【研修セミナー公開講座】業績向上のための組織づくり研修～ＯＯＤＡループで目的を達成する編- 株式会社インソース,業績向上のための組織づくり研修～ＯＯＤＡループで目的を達成する編,200,text/html; charset=UTF-8,https://www.insource.co.jp/bup/bup_ooda-loop.html,,2,https://www.insource.co.jp/kanrisyoku/keieisennryaku_top.html,/bup/,/bup/bup_ooda-loop.html/,44,https://www.insource.co.jp/bup/bup_ooda-loop.html,2026-09-03T02:43:45.542151+00:00,
https://www.insource.co.jp/bup/bup_tyuuki_keieikeikaku.html,【研修セミナー公開講座】中期経営計画の立て方研修～実務に耐えうる計画策定のノウハウを学ぶ- 株式会社インソース,中期経営計画の立て方研修～実務に耐えうる計画策定のノウハウを学ぶ,200,text/html; charset=UTF-8,https://www.insource.co.jp/bup/bup_tyuuki_keieikeikaku.html,,2,https://www.insource.co.jp/kanrisyoku/keieisennryaku_top.html,/bup/,/bup/bup_tyuuki_keieikeikaku.html/,2109,https://www.insource.co.jp/bup/bup_tyuuki_keieikeikaku.html,2026-09-03T02:43:46.515359+00:00,
https://www.insource.co.jp/bup/bup-cashflow-analysis.html,【研修セミナー公開講座】業績管理研修～顧客別・事業別収支分析と資本コスト経営（ＲＯＩＣ）入門- 株式会社インソース,業績管理研修～顧客別・事業別収支分析と資本コスト経営（ＲＯＩＣ）入門,200,text/html; charset=UTF-8,https://www.insource.co.jp/bup/bup-cashflow-analysis.html,,2,https://www.insource.co.jp/kanrisyoku/keieisennryaku_top.html,/bup/,/bup/bup-cashflow-analysis.html/,45,https://www.insource.co.jp/bup/bup-cashflow-analysis.html,2026-09-03T02:43:49.639149+00:00,
https://www.insource.co.jp/bup/bup-internal-control.html,【研修セミナー公開講座】内部統制研修～組織の健全性を保ち、企業価値を向上させる- 株式会社インソース,内部統制研修～組織の健全性を保ち、企業価値を向上させる,200,text/html; charset=UTF-8,https://www.insource.co.jp/bup/bup-internal-control.html,,2,https://www.insource.co.jp/kanrisyoku/keieisennryaku_top.html,/bup/,/bup/bup-internal-control.html/,1691,https://www.insource.co.jp/bup/bup-internal-control.html,2026-09-03T02:43:50.579122+00:00,
https://www.insource.co.jp/dougahyakkaten/business-integrity.html,インテグリティ～理想のビジネスパーソンのあり方・言動:eラーニング・動画教材での研修もインソース,インテグリティ～理想のビジネスパーソンのあり方・言動,200,text/html; charset=UTF-8,https://www.insource.co.jp/dougahyakkaten/business-integrity.html,,2,https://www.insource.co.jp/kanrisyoku/keieisennryaku_top.html,/dougahyakkaten/,/dougahyakkaten/business-integrity.html/,27,https://www.insource.co.jp/dougahyakkaten/business-integrity.html,2026-09-03T02:43:53.247381+00:00,
https://www.insource.co.jp/dougahyakkaten/strategic-thinking_cycle.html,戦略思考～戦略思考サイクルを学ぶ編:eラーニング・動画教材での研修もインソース,戦略思考～戦略思考サイクルを学ぶ編,200,text/html; charset=UTF-8,https://www.insource.co.jp/dougahyakkaten/strategic-thinking_cycle.html,,2,https://www.insource.co.jp/kanrisyoku/keieisennryaku_top.html,/dougahyakkaten/,/dougahyakkaten/strategic-thinking_cycle.html/,663,https://www.insource.co.jp/dougahyakkaten/strategic-thinking_cycle.html,2026-09-03T02:43:54.063732+00:00,
https://www.insource.co.jp/dougahyakkaten/toshiue_buka.html,年上の部下への関わり方（スライド付き）:eラーニング・動画教材での研修もインソース,年上の部下への関わり方（スライド付き）,200,text/html; charset=UTF-8,https://www.insource.co.jp/dougahyakkaten/toshiue_buka.html,,2,https://www.insource.co.jp/kanrisyoku/keieisennryaku_top.html,/dougahyakkaten/,/dougahyakkaten/toshiue_buka.html/,663,https://www.insource.co.jp/dougahyakkaten/toshiue_buka.html,2026-09-03T02:43:56.331685+00:00,
https://www.insource.co.jp/dougahyakkaten/power-harassment_anger.html,パワハラを防止する怒りのマネジメント講座:eラーニング・動画教材での研修もインソース,パワハラを防止する怒りのマネジメント講座,200,text/html; charset=UTF-8,https://www.insource.co.jp/dougahyakkaten/power-harassment_anger.html,,2,https://www.insource.co.jp/kanrisyoku/keieisennryaku_top.html,/dougahyakkaten/,/dougahyakkaten/power-harassment_anger.html/,703,https://www.insource.co.jp/dougahyakkaten/power-harassment_anger.html,2026-09-03T02:43:57.780951+00:00,
https://www.insource.co.jp/dougahyakkaten/mentalhealth_linecare_manager_role.html,メンタルヘルス（ラインケア）の基本（スライド付き）:eラーニング・動画教材での研修もインソース,メンタルヘルス（ラインケア）の基本（スライド付き）,200,text/html; charset=UTF-8,https://www.insource.co.jp/dougahyakkaten/mentalhealth_linecare_manager_role.html,,2,https://www.insource.co.jp/kanrisyoku/keieisennryaku_top.html,/dougahyakkaten/,/dougahyakkaten/mentalhealth_linecare_manager_role.html/,644,https://www.insource.co.jp/dougahyakkaten/mentalhealth_linecare_manager_role.html,2026-09-03T02:43:59.274374+00:00,
https://www.insource.co.jp/dougahyakkaten/newojt.html,新メンバー受け入れ講座～誰もが活躍できる心理的安全性の高い職場づくり:eラーニング・動画教材での研修もインソース,新メンバー受け入れ講座～誰もが活躍できる心理的安全性の高い職場づくり,200,text/html; charset=UTF-8,https://www.insource.co.jp/dougahyakkaten/newojt.html,,2,https://www.insource.co.jp/kanrisyoku/keieisennryaku_top.html,/dougahyakkaten/,/dougahyakkaten/newojt.html/,676,https://www.insource.co.jp/dougahyakkaten/newojt.html,2026-09-03T02:44:00.822450+00:00,
https://www.insource.co.jp/dougahyakkaten/de_and_i.html,DE&I講座～ダイバーシティ・エクイティ＆インクルージョンの推進:eラーニング・動画教材での研修もインソース,DE&I講座～ダイバーシティ・エクイティ＆インクルージョンの推進,200,text/html; charset=UTF-8,https://www.insource.co.jp/dougahyakkaten/de_and_i.html,,2,https://www.insource.co.jp/kanrisyoku/keieisennryaku_top.html,/dougahyakkaten/,/dougahyakkaten/de_and_i.html/,676,https://www.insource.co.jp/dougahyakkaten/de_and_i.html,2026-09-03T02:44:02.288761+00:00,
https://www.insource.co.jp/dougahyakkaten/personnel_evaluation_sec.html,短時間で学ぶ人事評価:eラーニング・動画教材での研修もインソース,短時間で学ぶ人事評価,200,text/html; charset=UTF-8,https://www.insource.co.jp/dougahyakkaten/personnel_evaluation_sec.html,,2,https://www.insource.co.jp/kanrisyoku/keieisennryaku_top.html,/dougahyakkaten/,/dougahyakkaten/personnel_evaluation_sec.html/,651,https://www.insource.co.jp/dougahyakkaten/personnel_evaluation_sec.html,2026-09-03T02:44:03.754820+00:00,
https://www.insource.co.jp/dougahyakkaten/conflict_management_consent.html,コンフリクトマネジメント講座～双方が納得するWin-Winの結論を導く:eラーニング・動画教材での研修もインソース,コンフリクトマネジメント講座～双方が納得するWin-Winの結論を導く,200,text/html; charset=UTF-8,https://www.insource.co.jp/dougahyakkaten/conflict_management_consent.html,,2,https://www.insource.co.jp/kanrisyoku/keieisennryaku_top.html,/dougahyakkaten/,/dougahyakkaten/conflict_management_consent.html/,677,https://www.insource.co.jp/dougahyakkaten/conflict_management_consent.html,2026-09-03T02:44:05.195063+00:00,
https://www.insource.co.jp/dougahyakkaten/choseiryoku.html,調整力発揮研修～ステークホルダーマネジメントの基礎スキルを習得する（冊子教材・テスト付き）:eラーニング・動画教材での研修もインソース,調整力発揮研修～ステークホルダーマネジメントの基礎スキルを習得する（冊子教材・テスト付き）,200,text/html; charset=UTF-8,https://www.insource.co.jp/dougahyakkaten/choseiryoku.html,,2,https://www.insource.co.jp/kanrisyoku/keieisennryaku_top.html,/dougahyakkaten/,/dougahyakkaten/choseiryoku.html/,687,https://www.insource.co.jp/dougahyakkaten/choseiryoku.html,2026-09-03T02:44:06.662715+00:00,
https://www.insource.co.jp/dougahyakkaten/triz.html,TRIZ（トリーズ）に学ぶ発想力講座～「あちらを立てればこちらが立たず」を克服する（スライド付き）:eラーニング・動画教材での研修もインソース,TRIZ（トリーズ）に学ぶ発想力講座～「あちらを立てればこちらが立たず」を克服する（スライド付き）,200,text/html; charset=UTF-8,https://www.insource.co.jp/dougahyakkaten/triz.html,,2,https://www.insource.co.jp/kanrisyoku/keieisennryaku_top.html,/dougahyakkaten/,/dougahyakkaten/triz.html/,680,https://www.insource.co.jp/dougahyakkaten/triz.html,2026-09-03T02:44:08.135560+00:00,
https://www.insource.co.jp/dougahyakkaten/imagination_idea-realization_jpn.html,構想力強化講座～大局的に捉え、アイデアを実現する:eラーニング・動画教材での研修もインソース,構想力強化講座～大局的に捉え、アイデアを実現する,200,text/html; charset=UTF-8,https://www.insource.co.jp/dougahyakkaten/imagination_idea-realization_jpn.html,,2,https://www.insource.co.jp/kanrisyoku/keieisennryaku_top.html,/dougahyakkaten/,/dougahyakkaten/imagination_idea-realization_jpn.html/,656,https://www.insource.co.jp/dougahyakkaten/imagination_idea-realization_jpn.html,2026-09-03T02:44:09.702289+00:00,
https://www.insource.co.jp/dougahyakkaten/leader_innovation.html,変革リーダー講座～人数を増やさず今のメンバーで変革を実現する（スライド付き）:eラーニング・動画教材での研修もインソース,変革リーダー講座～人数を増やさず今のメンバーで変革を実現する（スライド付き）,200,text/html; charset=UTF-8,https://www.insource.co.jp/dougahyakkaten/leader_innovation.html,,2,https://www.insource.co.jp/kanrisyoku/keieisennryaku_top.html,/dougahyakkaten/,/dougahyakkaten/leader_innovation.html/,693,https://www.insource.co.jp/dougahyakkaten/leader_innovation.html,2026-09-03T02:44:11.149619+00:00,
https://www.insource.co.jp/dougahyakkaten/it-bcp_basis.html,【リスク管理シリーズ】IT-BCP／サイバー攻撃対応BCP講座 基礎知識編（テスト付）:eラーニング・動画教材での研修もインソース,【リスク管理シリーズ】IT-BCP／サイバー攻撃対応BCP講座 基礎知識編（テスト付）,200,text/html; charset=UTF-8,https://www.insource.co.jp/dougahyakkaten/it-bcp_basis.html,,2,https://www.insource.co.jp/kanrisyoku/keieisennryaku_top.html,/dougahyakkaten/,/dougahyakkaten/it-bcp_basis.html/,676,https://www.insource.co.jp/dougahyakkaten/it-bcp_basis.html,2026-09-03T02:44:12.635863+00:00,
https://www.insource.co.jp/dougahyakkaten/press-conference_lawyer-explanation.html,【弁護士解説シリーズ】「明日、我が社で不祥事記者会見をする必要が有ります」に対応できますか？:eラーニング・動画教材での研修もインソース,【弁護士解説シリーズ】「明日、我が社で不祥事記者会見をする必要が有ります」に対応できますか？,200,text/html; charset=UTF-8,https://www.insource.co.jp/dougahyakkaten/press-conference_lawyer-explanation.html,,2,https://www.insource.co.jp/kanrisyoku/keieisennryaku_top.html,/dougahyakkaten/,/dougahyakkaten/press-conference_lawyer-explanation.html/,631,https://www.insource.co.jp/dougahyakkaten/press-conference_lawyer-explanation.html,2026-09-03T02:44:14.096877+00:00,
https://www.insource.co.jp/dougahyakkaten/vision-leader.html,ビジョン型リーダーシップ講座～チャレンジングな姿勢と強かな変革力（スライド付き）:eラーニング・動画教材での研修もインソース,ビジョン型リーダーシップ講座～チャレンジングな姿勢と強かな変革力（スライド付き）,200,text/html; charset=UTF-8,https://www.insource.co.jp/dougahyakkaten/vision-leader.html,,2,https://www.insource.co.jp/kanrisyoku/keieisennryaku_top.html,/dougahyakkaten/,/dougahyakkaten/vision-leader.html/,721,https://www.insource.co.jp/dougahyakkaten/vision-leader.html,2026-09-03T02:44:15.513514+00:00,
https://www.insource.co.jp/dougahyakkaten/top5_faster_3actions.html,【トップ５％シリーズ】チームを成功に導く５％リーダーの３アクション:eラーニング・動画教材での研修もインソース,【トップ５％シリーズ】チームを成功に導く５％リーダーの３アクション,200,text/html; charset=UTF-8,https://www.insource.co.jp/dougahyakkaten/top5_faster_3actions.html,,2,https://www.insource.co.jp/kanrisyoku/keieisennryaku_top.html,/dougahyakkaten/,/dougahyakkaten/top5_faster_3actions.html/,29,https://www.insource.co.jp/dougahyakkaten/top5_faster_3actions.html,2026-09-03T02:44:17.120849+00:00,
https://www.insource.co.jp/dougahyakkaten/work_improvement_with_nine_steps.html,業務改善講座～改善の基本手順を知り、定着・継続を目指す:eラーニング・動画教材での研修もインソース,業務改善講座～改善の基本手順を知り、定着・継続を目指す,200,text/html; charset=UTF-8,https://www.insource.co.jp/dougahyakkaten/work_improvement_with_nine_steps.html,,2,https://www.insource.co.jp/kanrisyoku/keieisennryaku_top.html,/dougahyakkaten/,/dougahyakkaten/work_improvement_with_nine_steps.html/,674,https://www.insource.co.jp/dougahyakkaten/work_improvement_with_nine_steps.html,2026-09-03T02:44:17.938664+00:00,
https://www.insource.co.jp/dougahyakkaten/healthcaren.html,健康経営戦隊ヘルスケアン～響け！セルフケア:eラーニング・動画教材での研修もインソース,健康経営戦隊ヘルスケアン～響け！セルフケア,200,text/html; charset=UTF-8,https://www.insource.co.jp/dougahyakkaten/healthcaren.html,,2,https://www.insource.co.jp/kanrisyoku/keieisennryaku_top.html,/dougahyakkaten/,/dougahyakkaten/healthcaren.html/,29,https://www.insource.co.jp/dougahyakkaten/healthcaren.html,2026-09-03T02:44:19.407163+00:00,
https://www.insource.co.jp/consulting/promotion-research-evaluation.html,昇格論文評価サービス:研修会社インソース～講師派遣研修／公開講座の研修,,200,text/html; charset=UTF-8,https://www.insource.co.jp/consulting/promotion-research-evaluation.html,,2,https://www.insource.co.jp/kanrisyoku/keieisennryaku_top.html,/consulting/,/consulting/promotion-research-evaluation.html/,635,https://www.insource.co.jp/consulting/promotion-research-evaluation.html,2026-09-03T02:44:20.227795+00:00,
https://www.insource.co.jp/new-service-lineup/remonade.html,remonade～メンバーの心が見えるリモートワークツール:研修会社インソース～講師派遣研修／公開講座の研修,,200,text/html; charset=UTF-8,https://www.insource.co.jp/new-service-lineup/remonade.html,,2,https://www.insource.co.jp/kanrisyoku/keieisennryaku_top.html,/new-service-lineup/,/new-service-lineup/remonade.html/,22,https://www.insource.co.jp/new-service-lineup/remonade.html,2026-09-03T02:44:21.629736+00:00,
https://www.insource.co.jp/kataru/kanrisyoku.html,管理職研修のポイントとは~研修を語る（研修解説） - 株式会社インソース,管理職研修を語る,200,text/html; charset=UTF-8,https://www.insource.co.jp/kataru/kanrisyoku.html,,2,https://www.insource.co.jp/kanrisyoku/keieisennryaku_top.html,/kataru/,/kataru/kanrisyoku.html/,908,https://www.insource.co.jp/kataru/kanrisyoku.html,2026-09-03T02:44:22.398585+00:00,
https://www.insource.co.jp/ihl/250422_bup-diversity.html,"不用意な発言を防ぐ！管理職に求められる品格あるコミュニケーションとは｜社員研修,教育 職員研修 人材育成ならインソース",不用意な発言を防ぐ！管理職に求められる品格あるコミュニケーションとは,200,text/html; charset=UTF-8,https://www.insource.co.jp/ihl/250422_bup-diversity.html,,2,https://www.insource.co.jp/kanrisyoku/keieisennryaku_top.html,/ihl/,/ihl/250422_bup-diversity.html/,844,https://www.insource.co.jp/ihl/250422_bup-diversity.html,2026-09-03T02:44:24.219359+00:00,
https://www.insource.co.jp/ihl/250509_better_decision_making.html,"誰も教えてくれない「判断軸」を確立するための８つの観点｜社員研修,教育 職員研修 人材育成ならインソース",誰も教えてくれない「判断軸」を確立するための８つの観点,200,text/html; charset=UTF-8,https://www.insource.co.jp/ihl/250509_better_decision_making.html,,2,https://www.insource.co.jp/kanrisyoku/keieisennryaku_top.html,/ihl/,/ihl/250509_better_decision_making.html/,922,https://www.insource.co.jp/ihl/250509_better_decision_making.html,2026-09-03T02:44:25.837902+00:00,
https://www.insource.co.jp/ihl/250924_communication_incivility.html,"たちが悪い！メンバーのやる気を削ぎ、チームを崩壊させる「スライサー上司」｜社員研修,教育 職員研修 人材育成ならインソース",たちが悪い！メンバーのやる気を削ぎ、チームを崩壊させる「スライサー上司」,200,text/html; charset=UTF-8,https://www.insource.co.jp/ihl/250924_communication_incivility.html,,2,https://www.insource.co.jp/kanrisyoku/keieisennryaku_top.html,/ihl/,/ihl/250924_communication_incivility.html/,1012,https://www.insource.co.jp/ihl/250924_communication_incivility.html,2026-09-03T02:44:27.534935+00:00,
https://www.insource.co.jp/ihl/250605_work_efficiency.html,"効率化のための業務改善とは～職場のムリ・ムダ・ムラをなくすために意識すべき５つのポイント｜社員研修,教育 職員研修 人材育成ならインソース",効率化のための業務改善とは～職場のムリ・ムダ・ムラをなくすために意識すべき５つのポイント,200,text/html; charset=UTF-8,https://www.insource.co.jp/ihl/250605_work_efficiency.html,,2,https://www.insource.co.jp/kanrisyoku/keieisennryaku_top.html,/ihl/,/ihl/250605_work_efficiency.html/,21,https://www.insource.co.jp/ihl/250605_work_efficiency.html,2026-09-03T02:44:29.335160+00:00,
https://www.insource.co.jp/ihl/260120_ai-ojt-plaform.html,"リスクマネジメントが形骸化する理由とは？現場の判断力を養う実務設計｜社員研修,教育 職員研修 人材育成ならインソース",リスクマネジメントが形骸化する理由とは？現場の判断力を養う実務設計,200,text/html; charset=UTF-8,https://www.insource.co.jp/ihl/260120_ai-ojt-plaform.html,,2,https://www.insource.co.jp/kanrisyoku/keieisennryaku_top.html,/ihl/,/ihl/260120_ai-ojt-plaform.html/,876,https://www.insource.co.jp/ihl/260120_ai-ojt-plaform.html,2026-09-03T02:44:30.133854+00:00,
https://www.insource.co.jp/it-tool/ihl-250818-education_system.html,"「時間が無い」が口癖の管理職の方必見～腰を据えた教育体制は仕組みづくりから｜社員研修,教育 職員研修 人材育成ならインソース",「時間が無い」が口癖の管理職の方必見～腰を据えた教育体制は仕組みづくりから,200,text/html; charset=UTF-8,https://www.insource.co.jp/it-tool/ihl-250818-education_system.html,,2,https://www.insource.co.jp/kanrisyoku/keieisennryaku_top.html,/it-tool/,/it-tool/ihl-250818-education_system.html/,719,https://www.insource.co.jp/it-tool/ihl-250818-education_system.html,2026-09-03T02:44:31.784384+00:00,
https://www.insource.co.jp/ihl/250922_vol066.html,"生産性を高める上司部下コミュニケーション～伝え方の見直しこそ、最も確実で持続的な業務改善策｜社員研修,教育 職員研修 人材育成ならインソース",生産性を高める上司部下コミュニケーション～伝え方の見直しこそ、最も確実で持続的な業務改善策,200,text/html; charset=UTF-8,https://www.insource.co.jp/ihl/250922_vol066.html,,2,https://www.insource.co.jp/kanrisyoku/keieisennryaku_top.html,/ihl/,/ihl/250922_vol066.html/,1192,https://www.insource.co.jp/ihl/250922_vol066.html,2026-09-03T02:44:33.285436+00:00,
https://www.insource.co.jp/ihl/250630_mendan.html,"評価のブレを防ぎ信頼を築く！期末に押さえるべき人事評価６つのポイント｜社員研修,教育 職員研修 人材育成ならインソース",評価のブレを防ぎ信頼を築く！期末に押さえるべき人事評価６つのポイント,200,text/html; charset=UTF-8,https://www.insource.co.jp/ihl/250630_mendan.html,,2,https://www.insource.co.jp/kanrisyoku/keieisennryaku_top.html,/ihl/,/ihl/250630_mendan.html/,22,https://www.insource.co.jp/ihl/250630_mendan.html,2026-09-03T02:44:35.347114+00:00,
https://www.insource.co.jp/ihl/250606_mistake_management.html,"ミスは仕組みで防ぐ！事務ミス防止は管理職の責務｜社員研修,教育 職員研修 人材育成ならインソース",ミスは仕組みで防ぐ！事務ミス防止は管理職の責務,200,text/html; charset=UTF-8,https://www.insource.co.jp/ihl/250606_mistake_management.html,,2,https://www.insource.co.jp/kanrisyoku/keieisennryaku_top.html,/ihl/,/ihl/250606_mistake_management.html/,836,https://www.insource.co.jp/ihl/250606_mistake_management.html,2026-09-03T02:44:36.152440+00:00,
https://www.insource.co.jp/ihl/250722_practice-bpr.html,"「生産性の高い職場」は何から始める？～業務自体の「必要性」と業務の「効率化」の２軸で組織改革を推進する｜社員研修,教育 職員研修 人材育成ならインソース",「生産性の高い職場」は何から始める？～業務自体の「必要性」と業務の「効率化」の２軸で組織改革を推進する,200,text/html; charset=UTF-8,https://www.insource.co.jp/ihl/250722_practice-bpr.html,,2,https://www.insource.co.jp/kanrisyoku/keieisennryaku_top.html,/ihl/,/ihl/250722_practice-bpr.html/,752,https://www.insource.co.jp/ihl/250722_practice-bpr.html,2026-09-03T02:44:37.767420+00:00,
https://www.insource.co.jp/ihl/260107_communication_prevention_turnover.html,"部下の「承認不足」を解消して離職を防ぐ～管理職が今日からできる関係づくり、５つのポイント｜社員研修,教育 職員研修 人材育成ならインソース",部下の「承認不足」を解消して離職を防ぐ～管理職が今日からできる関係づくり、５つのポイント,200,text/html; charset=UTF-8,https://www.insource.co.jp/ihl/260107_communication_prevention_turnover.html,,2,https://www.insource.co.jp/kanrisyoku/keieisennryaku_top.html,/ihl/,/ihl/260107_communication_prevention_turnover.html/,854,https://www.insource.co.jp/ihl/260107_communication_prevention_turnover.html,2026-09-03T02:44:39.298573+00:00,
https://www.insource.co.jp/ihl/260123_bup_eigyo_jouhouryoku.html,"部下のミスを減らす「ホウ・レン・ソウ定着の５視点」～管理職が押さえたい若手育成の実践ポイント｜社員研修,教育 職員研修 人材育成ならインソース",部下のミスを減らす「ホウ・レン・ソウ定着の５視点」～管理職が押さえたい若手育成の実践ポイント,200,text/html; charset=UTF-8,https://www.insource.co.jp/ihl/260123_bup_eigyo_jouhouryoku.html,,2,https://www.insource.co.jp/kanrisyoku/keieisennryaku_top.html,/ihl/,/ihl/260123_bup_eigyo_jouhouryoku.html/,929,https://www.insource.co.jp/ihl/260123_bup_eigyo_jouhouryoku.html,2026-09-03T02:44:40.930684+00:00,
https://www.insource.co.jp/ihl/250805_leader-influence.html,"リーダーの役割は「管理」だけじゃない。チームの可能性を広げる「影響力」の育て方｜社員研修,教育 職員研修 人材育成ならインソース",リーダーの役割は「管理」だけじゃない。チームの可能性を広げる「影響力」の育て方,200,text/html; charset=UTF-8,https://www.insource.co.jp/ihl/250805_leader-influence.html,,2,https://www.insource.co.jp/kanrisyoku/keieisennryaku_top.html,/ihl/,/ihl/250805_leader-influence.html/,25,https://www.insource.co.jp/ihl/250805_leader-influence.html,2026-09-03T02:44:42.635161+00:00,
https://www.insource.co.jp/ihl/250805_self-directed-employees.html,"「歯車」から「推進力」へ仕事の充実度が劇的に変わる～チームと協働する「自律型社員」への道｜社員研修,教育 職員研修 人材育成ならインソース",「歯車」から「推進力」へ仕事の充実度が劇的に変わる～チームと協働する「自律型社員」への道,200,text/html; charset=UTF-8,https://www.insource.co.jp/ihl/250805_self-directed-employees.html,,2,https://www.insource.co.jp/kanrisyoku/keieisennryaku_top.html,/ihl/,/ihl/250805_self-directed-employees.html/,825,https://www.insource.co.jp/ihl/250805_self-directed-employees.html,2026-09-03T02:44:43.528706+00:00,
https://www.insource.co.jp/ihl/250822_digital-management2.html,"デジタル化が変えた、初級管理職の仕事～６つの変化がもたらす新しいマネジメント｜社員研修,教育 職員研修 人材育成ならインソース",デジタル化が変えた、初級管理職の仕事～６つの変化がもたらす新しいマネジメント,200,text/html; charset=UTF-8,https://www.insource.co.jp/ihl/250822_digital-management2.html,,2,https://www.insource.co.jp/kanrisyoku/keieisennryaku_top.html,/ihl/,/ihl/250822_digital-management2.html/,959,https://www.insource.co.jp/ihl/250822_digital-management2.html,2026-09-03T02:44:45.129679+00:00,
https://www.insource.co.jp/ihl/250909_avoid_harassment.html,"知らぬ間に加害者・被害者にならないために～パワハラ・セクハラ・マタハラ...職場で注意すべき10のハラスメント｜社員研修,教育 職員研修 人材育成ならインソース",知らぬ間に加害者・被害者にならないために～パワハラ・セクハラ・マタハラ...職場で注意すべき10のハラスメント,200,text/html; charset=UTF-8,https://www.insource.co.jp/ihl/250909_avoid_harassment.html,,2,https://www.insource.co.jp/kanrisyoku/keieisennryaku_top.html,/ihl/,/ihl/250909_avoid_harassment.html/,834,https://www.insource.co.jp/ihl/250909_avoid_harassment.html,2026-09-03T02:44:46.865374+00:00,
https://www.insource.co.jp/ihl/250724_boss-todo_harassment-and-guidance.html,"これからの時代の「上司のToDo」～管理職としてこれだけは押さえておきたい基本のマネジメントスキル｜社員研修,教育 職員研修 人材育成ならインソース",これからの時代の「上司のToDo」～管理職としてこれだけは押さえておきたい基本のマネジメントスキル,200,text/html; charset=UTF-8,https://www.insource.co.jp/ihl/250724_boss-todo_harassment-and-guidance.html,,2,https://www.insource.co.jp/kanrisyoku/keieisennryaku_top.html,/ihl/,/ihl/250724_boss-todo_harassment-and-guidance.html/,945,https://www.insource.co.jp/ihl/250724_boss-todo_harassment-and-guidance.html,2026-09-03T02:44:48.477895+00:00,
https://www.insource.co.jp/ihl/250227_open-work-environment.html,"心理的安全性４つのポイント～メンバーが自然体でいられる環境をつくる｜社員研修,教育 職員研修 人材育成ならインソース",心理的安全性４つのポイント～メンバーが自然体でいられる環境をつくる,200,text/html; charset=UTF-8,https://www.insource.co.jp/ihl/250227_open-work-environment.html,,2,https://www.insource.co.jp/kanrisyoku/keieisennryaku_top.html,/ihl/,/ihl/250227_open-work-environment.html/,869,https://www.insource.co.jp/ihl/250227_open-work-environment.html,2026-09-03T02:44:50.201544+00:00,
https://www.insource.co.jp/kyoiku/faq/middle_kanrisyoku_kanrisyoku_top.html,管理職研修 全力Q&A:現場で使える研修ならインソース,,200,text/html; charset=UTF-8,https://www.insource.co.jp/kyoiku/faq/middle_kanrisyoku_kanrisyoku_top.html,,2,https://www.insource.co.jp/kanrisyoku/keieisennryaku_top.html,/kyoiku/,/kyoiku/faq/,645,https://www.insource.co.jp/kyoiku/faq/middle_kanrisyoku_kanrisyoku_top.html,2026-09-03T02:44:51.843166+00:00,
https://www.insource.co.jp/ihl/ft_manager-requirements04.html,"部長の要件～部長は企業の未来を作る仕事｜マネージャーの要件４｜社員研修,教育 職員研修 人材育成ならインソース",部長の要件～部長は企業の未来を作る仕事｜マネージャーの要件４,200,text/html; charset=UTF-8,https://www.insource.co.jp/ihl/ft_manager-requirements04.html,,2,https://www.insource.co.jp/kanrisyoku/keieisennryaku_top.html,/ihl/,/ihl/ft_manager-requirements04.html/,27,https://www.insource.co.jp/ihl/ft_manager-requirements04.html,2026-09-03T02:44:53.226927+00:00,
https://www.insource.co.jp/kyoiku/faq/middle_kanrisyoku_keieisennryaku_top.html,上級管理職研修 全力Q&A:現場で使える研修ならインソース,,200,text/html; charset=UTF-8,https://www.insource.co.jp/kyoiku/faq/middle_kanrisyoku_keieisennryaku_top.html,,2,https://www.insource.co.jp/kanrisyoku/keieisennryaku_top.html,/kyoiku/,/kyoiku/faq/,640,https://www.insource.co.jp/kyoiku/faq/middle_kanrisyoku_keieisennryaku_top.html,2026-09-03T02:44:54.140166+00:00,
https://www.insource.co.jp/kataru/k_kanri_jokyu.html,上級管理職研修のポイントとは~研修を語る（研修解説） - 株式会社インソース,上級管理職研修を語る,200,text/html; charset=UTF-8,https://www.insource.co.jp/kataru/k_kanri_jokyu.html,,2,https://www.insource.co.jp/kanrisyoku/keieisennryaku_top.html,/kataru/,/kataru/k_kanri_jokyu.html/,841,https://www.insource.co.jp/kataru/k_kanri_jokyu.html,2026-09-03T02:44:55.518170+00:00,
https://www.insource.co.jp/ihl/250523_management_success.html,"誰でも実現できる！変革力の高め方～高い変革力で未来を切り拓く管理職になるには｜社員研修,教育 職員研修 人材育成ならインソース",誰でも実現できる！変革力の高め方～高い変革力で未来を切り拓く管理職になるには,200,text/html; charset=UTF-8,https://www.insource.co.jp/ihl/250523_management_success.html,,2,https://www.insource.co.jp/kanrisyoku/keieisennryaku_top.html,/ihl/,/ihl/250523_management_success.html/,796,https://www.insource.co.jp/ihl/250523_management_success.html,2026-09-03T02:44:57.174315+00:00,
https://www.insource.co.jp/ihl/250603_seminar_forum_dx.html,"ＤＸは「ＩＴ化」ではない！経営者が知るべき「データ」と「人材」による競争優位性の築きかた｜社員研修,教育 職員研修 人材育成ならインソース",ＤＸは「ＩＴ化」ではない！経営者が知るべき「データ」と「人材」による競争優位性の築きかた,200,text/html; charset=UTF-8,https://www.insource.co.jp/ihl/250603_seminar_forum_dx.html,,2,https://www.insource.co.jp/kanrisyoku/keieisennryaku_top.html,/ihl/,/ihl/250603_seminar_forum_dx.html/,878,https://www.insource.co.jp/ihl/250603_seminar_forum_dx.html,2026-09-03T02:44:58.746841+00:00,
https://www.insource.co.jp/ihl/250527_keiei_kanridaiko.html,"部長は経営代行者である～時代が求める部長像とその責務｜社員研修,教育 職員研修 人材育成ならインソース",部長は経営代行者である～時代が求める部長像とその責務,200,text/html; charset=UTF-8,https://www.insource.co.jp/ihl/250527_keiei_kanridaiko.html,,2,https://www.insource.co.jp/kanrisyoku/keieisennryaku_top.html,/ihl/,/ihl/250527_keiei_kanridaiko.html/,757,https://www.insource.co.jp/ihl/250527_keiei_kanridaiko.html,2026-09-03T02:45:00.403326+00:00,
https://www.insource.co.jp/ihl/250701_assessor-directortraining.html,"管理職の延長で経営層にはなれない？～次世代を託せる人材をどう見極め、育てるか｜社員研修,教育 職員研修 人材育成ならインソース",管理職の延長で経営層にはなれない？～次世代を託せる人材をどう見極め、育てるか,200,text/html; charset=UTF-8,https://www.insource.co.jp/ihl/250701_assessor-directortraining.html,,2,https://www.insource.co.jp/kanrisyoku/keieisennryaku_top.html,/ihl/,/ihl/250701_assessor-directortraining.html/,795,https://www.insource.co.jp/ihl/250701_assessor-directortraining.html,2026-09-03T02:45:01.934888+00:00,
https://www.insource.co.jp/ihl/250414_bup_senior_management_twodays.html,"上級管理職（部長級）に求められる視点と役割～社会的責任（ＣＳＲ）、財務リテラシー、組織マネジメント｜社員研修,教育 職員研修 人材育成ならインソース",上級管理職（部長級）に求められる視点と役割～社会的責任（ＣＳＲ）、財務リテラシー、組織マネジメント,200,text/html; charset=UTF-8,https://www.insource.co.jp/ihl/250414_bup_senior_management_twodays.html,,2,https://www.insource.co.jp/kanrisyoku/keieisennryaku_top.html,/ihl/,/ihl/250414_bup_senior_management_twodays.html/,968,https://www.insource.co.jp/ihl/250414_bup_senior_management_twodays.html,2026-09-03T02:45:03.639643+00:00,
https://www.insource.co.jp/ihl/250604_attendance_executive-development.html,"管理職はいるのに「経営人材」がいない？日本企業が抱える４つの課題と、必要な経営スキルとは｜社員研修,教育 職員研修 人材育成ならインソース",管理職はいるのに「経営人材」がいない？日本企業が抱える４つの課題と、必要な経営スキルとは,200,text/html; charset=UTF-8,https://www.insource.co.jp/ihl/250604_attendance_executive-development.html,,2,https://www.insource.co.jp/kanrisyoku/keieisennryaku_top.html,/ihl/,/ihl/250604_attendance_executive-development.html/,31,https://www.insource.co.jp/ihl/250604_attendance_executive-development.html,2026-09-03T02:45:05.383285+00:00,
https://www.insource.co.jp/consulting/strategic-human-resource-development.html,管理職の戦略的な人材育成～５年後の組織を見据えた人事施策:現場で使える研修ならインソース,,200,text/html; charset=UTF-8,https://www.insource.co.jp/consulting/strategic-human-resource-development.html,,2,https://www.insource.co.jp/kanrisyoku/keieisennryaku_top.html,/consulting/,/consulting/strategic-human-resource-development.html/,27,https://www.insource.co.jp/consulting/strategic-human-resource-development.html,2026-09-03T02:45:06.192116+00:00,
https://www.insource.co.jp/ihl/250418_top-management.html,"経営者になったら最初に知るべき、企業経営のイロハ｜社員研修,教育 職員研修 人材育成ならインソース",経営者になったら最初に知るべき、企業経営のイロハ,200,text/html; charset=UTF-8,https://www.insource.co.jp/ihl/250418_top-management.html,,2,https://www.insource.co.jp/kanrisyoku/keieisennryaku_top.html,/ihl/,/ihl/250418_top-management.html/,761,https://www.insource.co.jp/ihl/250418_top-management.html,2026-09-03T02:45:07.004106+00:00,
https://www.insource.co.jp/ihl/250925_riam_business_school.html,"ＭＢＡ視点で人事の価値を高める～人事部長が「会社の戦略」と「個人のキャリア」を結ぶ人材育成の３ステップ｜社員研修,教育 職員研修 人材育成ならインソース",ＭＢＡ視点で人事の価値を高める～人事部長が「会社の戦略」と「個人のキャリア」を結ぶ人材育成の３ステップ,200,text/html; charset=UTF-8,https://www.insource.co.jp/ihl/250925_riam_business_school.html,,2,https://www.insource.co.jp/kanrisyoku/keieisennryaku_top.html,/ihl/,/ihl/250925_riam_business_school.html/,707,https://www.insource.co.jp/ihl/250925_riam_business_school.html,2026-09-03T02:45:09.375697+00:00,
https://www.insource.co.jp/ihl/250922_esg-management.html,"「ＥＳＧ経営」をスローガンにしない、管理職が押さえておくべきＥＳＧ投資のメリット～限界費用ゼロの事業創造｜社員研修,教育 職員研修 人材育成ならインソース",「ＥＳＧ経営」をスローガンにしない、管理職が押さえておくべきＥＳＧ投資のメリット～限界費用ゼロの事業創造,200,text/html; charset=UTF-8,https://www.insource.co.jp/ihl/250922_esg-management.html,,2,https://www.insource.co.jp/kanrisyoku/keieisennryaku_top.html,/ihl/,/ihl/250922_esg-management.html/,32,https://www.insource.co.jp/ihl/250922_esg-management.html,2026-09-03T02:45:10.972897+00:00,
https://www.insource.co.jp/ihl/250924_assessment-engagement-diagnosis.html,"エンゲージメントとは何か？「人的資本経営」の鍵を握る２つの視点と理解のヒントを詳しく解説｜社員研修,教育 職員研修 人材育成ならインソース",エンゲージメントとは何か？「人的資本経営」の鍵を握る２つの視点と理解のヒントを詳しく解説,200,text/html; charset=UTF-8,https://www.insource.co.jp/ihl/250924_assessment-engagement-diagnosis.html,,2,https://www.insource.co.jp/kanrisyoku/keieisennryaku_top.html,/ihl/,/ihl/250924_assessment-engagement-diagnosis.html/,728,https://www.insource.co.jp/ihl/250924_assessment-engagement-diagnosis.html,2026-09-03T02:45:11.781453+00:00,
https://www.insource.co.jp/ihl/250909_business-accounting.html,"部長にとっての財務・会計知識とは～数字を味方にした「攻め」の経営戦略のために｜社員研修,教育 職員研修 人材育成ならインソース",部長にとっての財務・会計知識とは～数字を味方にした「攻め」の経営戦略のために,200,text/html; charset=UTF-8,https://www.insource.co.jp/ihl/250909_business-accounting.html,,2,https://www.insource.co.jp/kanrisyoku/keieisennryaku_top.html,/ihl/,/ihl/250909_business-accounting.html/,718,https://www.insource.co.jp/ihl/250909_business-accounting.html,2026-09-03T02:45:13.293183+00:00,
https://www.insource.co.jp/ihl/2500623_improving-corporate-value.html,"ＲＯＩＣ向上は会社のたしなみ？３分で分かる企業価値向上｜社員研修,教育 職員研修 人材育成ならインソース",ＲＯＩＣ向上は会社のたしなみ？ ３分で分かる企業価値向上,200,text/html; charset=UTF-8,https://www.insource.co.jp/ihl/2500623_improving-corporate-value.html,,2,https://www.insource.co.jp/kanrisyoku/keieisennryaku_top.html,/ihl/,/ihl/2500623_improving-corporate-value.html/,22,https://www.insource.co.jp/ihl/2500623_improving-corporate-value.html,2026-09-03T02:45:14.788537+00:00,
https://www.insource.co.jp/ihl/250909_humanresources_management.html,"人的資本経営時代の部長に求められる、戦略的人事の新常識～「人材の流動化」を前提とした、戦略的人事マネジメント｜社員研修,教育 職員研修 人材育成ならインソース",人的資本経営時代の部長に求められる、戦略的人事の新常識～「人材の流動化」を前提とした、戦略的人事マネジメント,200,text/html; charset=UTF-8,https://www.insource.co.jp/ihl/250909_humanresources_management.html,,2,https://www.insource.co.jp/kanrisyoku/keieisennryaku_top.html,/ihl/,/ihl/250909_humanresources_management.html/,773,https://www.insource.co.jp/ihl/250909_humanresources_management.html,2026-09-03T02:45:15.587328+00:00,
https://www.insource.co.jp/ihl/250820_digital-senior-management2.html,"デジタル時代の部長に求められる「両利きの経営術」とは｜社員研修,教育 職員研修 人材育成ならインソース",デジタル時代の部長に求められる「両利きの経営術」とは,200,text/html; charset=UTF-8,https://www.insource.co.jp/ihl/250820_digital-senior-management2.html,,2,https://www.insource.co.jp/kanrisyoku/keieisennryaku_top.html,/ihl/,/ihl/250820_digital-senior-management2.html/,23,https://www.insource.co.jp/ihl/250820_digital-senior-management2.html,2026-09-03T02:45:17.137398+00:00,
https://www.insource.co.jp/ihl/250625_leader_integrity.html,"コンプライアンス疲れの組織に、自ら考える行動基準「インテグリティ」｜社員研修,教育 職員研修 人材育成ならインソース",コンプライアンス疲れの組織に、自ら考える行動基準「インテグリティ」,200,text/html; charset=UTF-8,https://www.insource.co.jp/ihl/250625_leader_integrity.html,,2,https://www.insource.co.jp/kanrisyoku/keieisennryaku_top.html,/ihl/,/ihl/250625_leader_integrity.html/,867,https://www.insource.co.jp/ihl/250625_leader_integrity.html,2026-09-03T02:45:18.052928+00:00,
https://www.insource.co.jp/bup/bup_growth-leader.html,【研修セミナー公開講座】Growth Leader研修～人を育てるリーダーのあり方と実践- 株式会社インソース,Growth Leader研修～人を育てるリーダーのあり方と実践,200,text/html; charset=UTF-8,https://www.insource.co.jp/bup/bup_growth-leader.html,,2,https://www.insource.co.jp/kanrisyoku/keieisennryaku_top.html,/bup/,/bup/bup_growth-leader.html/,1694,https://www.insource.co.jp/bup/bup_growth-leader.html,2026-09-03T02:45:19.696545+00:00,
https://www.insource.co.jp/bup/bup_regional-co-creation-design.html,【研修セミナー公開講座】地域共創事業の始め方研修～構想を具体化し、実行につなげる- 株式会社インソース,地域共創事業の始め方研修～構想を具体化し、実行につなげる,200,text/html; charset=UTF-8,https://www.insource.co.jp/bup/bup_regional-co-creation-design.html,,2,https://www.insource.co.jp/kanrisyoku/keieisennryaku_top.html,/bup/,/bup/bup_regional-co-creation-design.html/,1813,https://www.insource.co.jp/bup/bup_regional-co-creation-design.html,2026-09-03T02:45:22.281736+00:00,
https://www.insource.co.jp/bup/bup_second-leader-execution.html,【研修セミナー公開講座】ナンバー２研修～名脇役豊臣秀長から学ぶ統治能力と実務能力- 株式会社インソース,ナンバー２研修～名脇役豊臣秀長から学ぶ統治能力と実務能力,200,text/html; charset=UTF-8,https://www.insource.co.jp/bup/bup_second-leader-execution.html,,2,https://www.insource.co.jp/kanrisyoku/keieisennryaku_top.html,/bup/,/bup/bup_second-leader-execution.html/,1874,https://www.insource.co.jp/bup/bup_second-leader-execution.html,2026-09-03T02:45:24.975149+00:00,
https://www.insource.co.jp/bup/bup_genai-risk-management.html,【研修セミナー公開講座】生成ＡＩ活用のリスクマネジメント研修- 株式会社インソース,生成ＡＩ活用のリスクマネジメント研修,200,text/html; charset=UTF-8,https://www.insource.co.jp/bup/bup_genai-risk-management.html,,2,https://www.insource.co.jp/kanrisyoku/keieisennryaku_top.html,/bup/,/bup/bup_genai-risk-management.html/,1640,https://www.insource.co.jp/bup/bup_genai-risk-management.html,2026-09-03T02:45:27.826488+00:00,
https://www.insource.co.jp/bup/relapse_prevention.html,【研修セミナー公開講座】リスクマネジメント研修～再発防止のための真因追究と対策の徹底- 株式会社インソース,リスクマネジメント研修～再発防止のための真因追究と対策の徹底,200,text/html; charset=UTF-8,https://www.insource.co.jp/bup/relapse_prevention.html,,2,https://www.insource.co.jp/kanrisyoku/keieisennryaku_top.html,/bup/,/bup/relapse_prevention.html/,1727,https://www.insource.co.jp/bup/relapse_prevention.html,2026-09-03T02:45:30.334683+00:00,
https://www.insource.co.jp/bup/bup_crisis-response.html,【研修セミナー公開講座】危機管理力強化研修～発生時の対応力を身につける- 株式会社インソース,危機管理力強化研修～発生時の対応力を身につける,200,text/html; charset=UTF-8,https://www.insource.co.jp/bup/bup_crisis-response.html,,2,https://www.insource.co.jp/kanrisyoku/keieisennryaku_top.html,/bup/,/bup/bup_crisis-response.html/,1641,https://www.insource.co.jp/bup/bup_crisis-response.html,2026-09-03T02:45:33.021668+00:00,
https://www.insource.co.jp/dougahyakkaten/mba-motivation-strategy.html,【MBA入門シリーズ】やる気を引き出す戦略:eラーニング・動画教材での研修もインソース,【MBA入門シリーズ】やる気を引き出す戦略,200,text/html; charset=UTF-8,https://www.insource.co.jp/dougahyakkaten/mba-motivation-strategy.html,,2,https://www.insource.co.jp/kanrisyoku/keieisennryaku_top.html,/dougahyakkaten/,/dougahyakkaten/mba-motivation-strategy.html/,692,https://www.insource.co.jp/dougahyakkaten/mba-motivation-strategy.html,2026-09-03T02:45:35.529248+00:00,
https://www.insource.co.jp/dougahyakkaten/mba-psychological-safety-leadership.html,【MBA入門シリーズ】心理的安全性を生み出すリーダーシップ:eラーニング・動画教材での研修もインソース,【MBA入門シリーズ】心理的安全性を生み出すリーダーシップ,200,text/html; charset=UTF-8,https://www.insource.co.jp/dougahyakkaten/mba-psychological-safety-leadership.html,,2,https://www.insource.co.jp/kanrisyoku/keieisennryaku_top.html,/dougahyakkaten/,/dougahyakkaten/mba-psychological-safety-leadership.html/,653,https://www.insource.co.jp/dougahyakkaten/mba-psychological-safety-leadership.html,2026-09-03T02:45:37.007577+00:00,
https://www.insource.co.jp/dougahyakkaten/mba-silicon-valley-coaching.html,【MBA入門シリーズ】シリコンバレー式コーチング:eラーニング・動画教材での研修もインソース,【MBA入門シリーズ】シリコンバレー式コーチング,200,text/html; charset=UTF-8,https://www.insource.co.jp/dougahyakkaten/mba-silicon-valley-coaching.html,,2,https://www.insource.co.jp/kanrisyoku/keieisennryaku_top.html,/dougahyakkaten/,/dougahyakkaten/mba-silicon-valley-coaching.html/,637,https://www.insource.co.jp/dougahyakkaten/mba-silicon-valley-coaching.html,2026-09-03T02:45:38.445374+00:00,
https://www.insource.co.jp/dougahyakkaten/diverse-employment-workplace-trouble-prevention-package.html,【動画教材セットプラン】雇用形態の多様化が進む時代の現場トラブル防止:eラーニング・動画教材での研修もインソース,【動画教材セットプラン】雇用形態の多様化が進む時代の現場トラブル防止,200,text/html; charset=UTF-8,https://www.insource.co.jp/dougahyakkaten/diverse-employment-workplace-trouble-prevention-package.html,,2,https://www.insource.co.jp/kanrisyoku/keieisennryaku_top.html,/dougahyakkaten/,/dougahyakkaten/diverse-employment-workplace-trouble-prevention-package.html/,651,https://www.insource.co.jp/dougahyakkaten/diverse-employment-workplace-trouble-prevention-package.html,2026-09-03T02:45:39.867445+00:00,
https://www.insource.co.jp/dougahyakkaten/sns-literacy-basic.html,ソーシャルリスク研修（初級編）～投稿前の3秒が、あなたの未来を守る:eラーニング・動画教材での研修もインソース,ソーシャルリスク研修（初級編）～投稿前の3秒が、あなたの未来を守る,200,text/html; charset=UTF-8,https://www.insource.co.jp/dougahyakkaten/sns-literacy-basic.html,,2,https://www.insource.co.jp/kanrisyoku/keieisennryaku_top.html,/dougahyakkaten/,/dougahyakkaten/sns-literacy-basic.html/,646,https://www.insource.co.jp/dougahyakkaten/sns-literacy-basic.html,2026-09-03T02:45:41.419190+00:00,
https://www.insource.co.jp/dougahyakkaten/social-norm-awareness.html,規範意識講座～期待・役割を理解し、主体的に行動する:eラーニング・動画教材での研修もインソース,規範意識講座～期待・役割を理解し、主体的に行動する,200,text/html; charset=UTF-8,https://www.insource.co.jp/dougahyakkaten/social-norm-awareness.html,,2,https://www.insource.co.jp/kanrisyoku/keieisennryaku_top.html,/dougahyakkaten/,/dougahyakkaten/social-norm-awareness.html/,709,https://www.insource.co.jp/dougahyakkaten/social-norm-awareness.html,2026-09-03T02:45:42.852414+00:00,
https://www.insource.co.jp/ihl/260421_vol060.html,"企業成長はトップの決断から始まる～「経営・営業・人材」３つの戦略を統合するトップマネジメント力｜社員研修,教育 職員研修 人材育成ならインソース",企業成長はトップの決断から始まる～「経営・営業・人材」３つの戦略を統合するトップマネジメント力,200,text/html; charset=UTF-8,https://www.insource.co.jp/ihl/260421_vol060.html,,2,https://www.insource.co.jp/kanrisyoku/keieisennryaku_top.html,/ihl/,/ihl/260421_vol060.html/,24,https://www.insource.co.jp/ihl/260421_vol060.html,2026-09-03T02:45:44.351719+00:00,
https://www.insource.co.jp/ihl/260520_ojt-for-seniormanager.html,"上級管理職に求められる役割とは～目標管理・人材育成・組織運営を実行に落とすマネジメント強化の具体策｜社員研修,教育 職員研修 人材育成ならインソース",上級管理職に求められる役割とは～目標管理・人材育成・組織運営を実行に落とすマネジメント強化の具体策,200,text/html; charset=UTF-8,https://www.insource.co.jp/ihl/260520_ojt-for-seniormanager.html,,2,https://www.insource.co.jp/kanrisyoku/keieisennryaku_top.html,/ihl/,/ihl/260520_ojt-for-seniormanager.html/,906,https://www.insource.co.jp/ihl/260520_ojt-for-seniormanager.html,2026-09-03T02:45:45.152342+00:00,
https://www.insource.co.jp/ihl/260514_leadership-takeoff-officials.html,"なぜ若手は「手段の目的化」に陥りやすいのか～官僚制の逆機能を成熟組織の構造から読み解く｜社員研修,教育 職員研修 人材育成ならインソース",なぜ若手は「手段の目的化」に陥りやすいのか～官僚制の逆機能を成熟組織の構造から読み解く,200,text/html; charset=UTF-8,https://www.insource.co.jp/ihl/260514_leadership-takeoff-officials.html,,2,https://www.insource.co.jp/kanrisyoku/keieisennryaku_top.html,/ihl/,/ihl/260514_leadership-takeoff-officials.html/,712,https://www.insource.co.jp/ihl/260514_leadership-takeoff-officials.html,2026-09-03T02:45:46.835126+00:00,
https://www.insource.co.jp/ihl/251219_corporate_management.html,"役員の必須スキル３選～事業理解・判断軸・先見性で経営専門職となり、組織の成長を導く｜社員研修,教育 職員研修 人材育成ならインソース",役員の必須スキル３選～事業理解・判断軸・先見性で経営専門職となり、組織の成長を導く,200,text/html; charset=UTF-8,https://www.insource.co.jp/ihl/251219_corporate_management.html,,2,https://www.insource.co.jp/kanrisyoku/keieisennryaku_top.html,/ihl/,/ihl/251219_corporate_management.html/,725,https://www.insource.co.jp/ihl/251219_corporate_management.html,2026-09-03T02:45:48.330064+00:00,
https://www.insource.co.jp/ihl/251110_middle_ai.html,"ＣＨＲＯが知るべき生成ＡＩ活用術～人的資本経営を変える３つの視点｜社員研修,教育 職員研修 人材育成ならインソース",ＣＨＲＯが知るべき生成ＡＩ活用術～人的資本経営を変える３つの視点,200,text/html; charset=UTF-8,https://www.insource.co.jp/ihl/251110_middle_ai.html,,2,https://www.insource.co.jp/kanrisyoku/keieisennryaku_top.html,/ihl/,/ihl/251110_middle_ai.html/,27,https://www.insource.co.jp/ihl/251110_middle_ai.html,2026-09-03T02:45:49.927733+00:00,
https://www.insource.co.jp/ihl/ft_manager-requirements05.html,"役員の要件～役員はただの熱血漢や社長の腰巾着ではダメ｜マネージャーの要件５｜社員研修,教育 職員研修 人材育成ならインソース",役員の要件～役員はただの熱血漢や社長の腰巾着ではダメ｜マネージャーの要件５,200,text/html; charset=UTF-8,https://www.insource.co.jp/ihl/ft_manager-requirements05.html,,2,https://www.insource.co.jp/kanrisyoku/keieisennryaku_top.html,/ihl/,/ihl/ft_manager-requirements05.html/,771,https://www.insource.co.jp/ihl/ft_manager-requirements05.html,2026-09-03T02:45:50.727808+00:00,
https://www.insource.co.jp/bup/riam_business_school.html,プレMBA講座（東京開催）｜神戸大学MBA教授陣に学ぶ～経営学の実践知【インソース×RIAMビジネススクール】―１名から参加できる研修の会社インソース,,200,text/html; charset=UTF-8,https://www.insource.co.jp/bup/riam_business_school.html,,2,https://www.insource.co.jp/kanrisyoku/keieisennryaku_top.html,/bup/,/bup/riam_business_school.html/,709,https://www.insource.co.jp/bup/riam_business_school.html,2026-09-03T02:45:52.273921+00:00,
https://www.insource.co.jp/bup/bup_ai-transformation-leader.html,【研修セミナー公開講座】（ＩＴ部門向け）生成ＡＩを活用した変革リーダー研修- 株式会社インソース,（ＩＴ部門向け）生成ＡＩを活用した変革リーダー研修,200,text/html; charset=UTF-8,https://www.insource.co.jp/bup/bup_ai-transformation-leader.html,,2,https://www.insource.co.jp/kanrisyoku/keieisennryaku_top.html,/bup/,/bup/bup_ai-transformation-leader.html/,1785,https://www.insource.co.jp/bup/bup_ai-transformation-leader.html,2026-09-03T02:45:53.766692+00:00,
https://www.insource.co.jp/kanrisyoku/ka_managementskill_top.html,課長・次長・中級管理職研修 | 現場で使える研修ならインソース,課長・次長・中級管理職研修 | 現場で使える研修ならインソース,200,text/html; charset=UTF-8,https://www.insource.co.jp/kanrisyoku/ka_managementskill_top.html,,2,https://www.insource.co.jp/kanrisyoku/keieisennryaku_top.html,/kanrisyoku/,/kanrisyoku/ka_managementskill_top.html/,811,https://www.insource.co.jp/kanrisyoku/ka_managementskill_top.html,2026-09-03T02:45:56.445653+00:00,
https://www.insource.co.jp/bup/bup_bucho_struct.html,【研修セミナー公開講座】上級管理職研修～経営代行者としての責務を果たす- 株式会社インソース,上級管理職研修～経営代行者としての責務を果たす,200,text/html; charset=UTF-8,https://www.insource.co.jp/bup/bup_bucho_struct.html,,2,https://www.insource.co.jp/kanrisyoku/keieisennryaku_top.html,/bup/,/bup/bup_bucho_struct.html/,1916,https://www.insource.co.jp/bup/bup_bucho_struct.html,2026-09-03T02:45:58.156828+00:00,
https://www.insource.co.jp/bup/bup_senior_management_twodays.html,【研修セミナー公開講座】上級管理職研修～部長に求められる４つのマネジメント（２日間）- 株式会社インソース,上級管理職研修～部長に求められる４つのマネジメント（２日間）,200,text/html; charset=UTF-8,https://www.insource.co.jp/bup/bup_senior_management_twodays.html,,2,https://www.insource.co.jp/kanrisyoku/keieisennryaku_top.html,/bup/,/bup/bup_senior_management_twodays.html/,1759,https://www.insource.co.jp/bup/bup_senior_management_twodays.html,2026-09-03T02:46:00.988830+00:00,
https://www.insource.co.jp/kanrisyoku/ka_kanrisyoku_rinen.html,管理職研修～経営幹部向けリーダーシップ向上編（１日間）:現場で使える研修ならインソース,管理職研修～経営幹部向けリーダーシップ向上編（１日間）,200,text/html; charset=UTF-8,https://www.insource.co.jp/kanrisyoku/ka_kanrisyoku_rinen.html,,2,https://www.insource.co.jp/kanrisyoku/keieisennryaku_top.html,/kanrisyoku/,/kanrisyoku/ka_kanrisyoku_rinen.html/,1087,https://www.insource.co.jp/kanrisyoku/ka_kanrisyoku_rinen.html,2026-09-03T02:46:03.650205+00:00,
https://www.insource.co.jp/grade/g_keieisennryaku.html,上級管理職研修～実績と受講者の声 - 株式会社インソース,上級管理職研修～実績と受講者の声,200,text/html; charset=UTF-8,https://www.insource.co.jp/grade/g_keieisennryaku.html,,2,https://www.insource.co.jp/kanrisyoku/keieisennryaku_top.html,/grade/,/grade/g_keieisennryaku.html/,694,https://www.insource.co.jp/grade/g_keieisennryaku.html,2026-09-03T02:46:05.690960+00:00,
https://www.insource.co.jp/package/generalmanager_6times.html,新任部長の「組織の将来を創る」スキルを強化するプラン:現場で使える研修ならインソース,新任部長の「組織の将来を創る」スキルを強化するプラン,200,text/html; charset=UTF-8,https://www.insource.co.jp/package/generalmanager_6times.html,,2,https://www.insource.co.jp/kanrisyoku/keieisennryaku_top.html,/package/,/package/generalmanager_6times.html/,652,https://www.insource.co.jp/package/generalmanager_6times.html,2026-09-03T02:46:07.187866+00:00,
https://www.insource.co.jp/package/executive_6days.html,各グループ会社の経営層が覚悟とスキルを強化するプラン:現場で使える研修ならインソース,各グループ会社の経営層が覚悟とスキルを強化するプラン,200,text/html; charset=UTF-8,https://www.insource.co.jp/package/executive_6days.html,,2,https://www.insource.co.jp/kanrisyoku/keieisennryaku_top.html,/package/,/package/executive_6days.html/,628,https://www.insource.co.jp/package/executive_6days.html,2026-09-03T02:46:08.600657+00:00,
https://www.insource.co.jp/package/medium_organization.html,ミドル規模組織の実運営に即した階層別マインド醸成プラン:現場で使える研修ならインソース,ミドル規模組織の実運営に即した階層別マインド醸成プラン,200,text/html; charset=UTF-8,https://www.insource.co.jp/package/medium_organization.html,,2,https://www.insource.co.jp/kanrisyoku/keieisennryaku_top.html,/package/,/package/medium_organization.html/,639,https://www.insource.co.jp/package/medium_organization.html,2026-09-03T02:46:09.988735+00:00,
https://www.insource.co.jp/package/leader-6-framework.html,幹部候補の考え抜く力を鍛え経営力を強化するプラン:現場で使える研修ならインソース,幹部候補の考え抜く力を鍛え経営力を強化するプラン,200,text/html; charset=UTF-8,https://www.insource.co.jp/package/leader-6-framework.html,,2,https://www.insource.co.jp/kanrisyoku/keieisennryaku_top.html,/package/,/package/leader-6-framework.html/,681,https://www.insource.co.jp/package/leader-6-framework.html,2026-09-03T02:46:11.387604+00:00,
https://www.insource.co.jp/package/manager_medium-term-managementplan.html,中期経営計画策定を通して、経営者視点を身につけるプラン:現場で使える研修ならインソース,中期経営計画策定を通して、経営者視点を身につけるプラン,200,text/html; charset=UTF-8,https://www.insource.co.jp/package/manager_medium-term-managementplan.html,,2,https://www.insource.co.jp/kanrisyoku/keieisennryaku_top.html,/package/,/package/manager_medium-term-managementplan.html/,651,https://www.insource.co.jp/package/manager_medium-term-managementplan.html,2026-09-03T02:46:12.827807+00:00,
https://www.insource.co.jp/package/corporate_governance.html,不祥事を起こさない、内部統制が働く組織づくりプラン:現場で使える研修ならインソース,不祥事を起こさない、内部統制が働く組織づくりプラン,200,text/html; charset=UTF-8,https://www.insource.co.jp/package/corporate_governance.html,,2,https://www.insource.co.jp/kanrisyoku/keieisennryaku_top.html,/package/,/package/corporate_governance.html/,704,https://www.insource.co.jp/package/corporate_governance.html,2026-09-03T02:46:14.349990+00:00,
https://www.insource.co.jp/package/personnel_interview_senior.html,テスト・研修・個別面談で「部長力」を養成するプラン:現場で使える研修ならインソース,テスト・研修・個別面談で「部長力」を養成するプラン,200,text/html; charset=UTF-8,https://www.insource.co.jp/package/personnel_interview_senior.html,,2,https://www.insource.co.jp/kanrisyoku/keieisennryaku_top.html,/package/,/package/personnel_interview_senior.html/,644,https://www.insource.co.jp/package/personnel_interview_senior.html,2026-09-03T02:46:15.814852+00:00,
https://www.insource.co.jp/package/postcorona-management_seminar.html,ニューノーマル時代の経営・人事戦略を考える変革プラン:現場で使える研修ならインソース,ニューノーマル時代の経営・人事戦略を考える変革プラン,200,text/html; charset=UTF-8,https://www.insource.co.jp/package/postcorona-management_seminar.html,,2,https://www.insource.co.jp/kanrisyoku/keieisennryaku_top.html,/package/,/package/postcorona-management_seminar.html/,655,https://www.insource.co.jp/package/postcorona-management_seminar.html,2026-09-03T02:46:17.219654+00:00,
https://www.insource.co.jp/package/mentor_boardmember.html,役員メンターとのペアリングによる女性管理職育成プラン:現場で使える研修ならインソース,役員メンターとのペアリングによる女性管理職育成プラン,200,text/html; charset=UTF-8,https://www.insource.co.jp/package/mentor_boardmember.html,,2,https://www.insource.co.jp/kanrisyoku/keieisennryaku_top.html,/package/,/package/mentor_boardmember.html/,709,https://www.insource.co.jp/package/mentor_boardmember.html,2026-09-03T02:46:18.634349+00:00,
https://www.insource.co.jp/bup/bup_ipo-readiness.html,【研修セミナー公開講座】実践的ＩＰＯ検討段階の準備実務研修～何をどのように準備するか- 株式会社インソース,実践的ＩＰＯ検討段階の準備実務研修～何をどのように準備するか,200,text/html; charset=UTF-8,https://www.insource.co.jp/bup/bup_ipo-readiness.html,,2,https://www.insource.co.jp/kanrisyoku/keieisennryaku_top.html,/bup/,/bup/bup_ipo-readiness.html/,1768,https://www.insource.co.jp/bup/bup_ipo-readiness.html,2026-09-03T02:46:20.104420+00:00,
https://www.insource.co.jp/jinji-hyoka/ai_evaluation.html,（人事担当者向け）生成ＡＩを活用した評価制度研修～現行制度を活かした組織力向上（１日間）:現場で使える研修ならインソース,（人事担当者向け）生成ＡＩを活用した評価制度研修～現行制度を活かした組織力向上（１日間）,200,text/html; charset=UTF-8,https://www.insource.co.jp/jinji-hyoka/ai_evaluation.html,,2,https://www.insource.co.jp/kanrisyoku/keieisennryaku_top.html,/jinji-hyoka/,/jinji-hyoka/ai_evaluation.html/,1433,https://www.insource.co.jp/jinji-hyoka/ai_evaluation.html,2026-09-03T02:46:22.763908+00:00,
https://www.insource.co.jp/bup/bup_corporatescandal-prevention.html,【研修セミナー公開講座】組織不祥事防止研修～無責任・無知・無思考を排除し「属人風土」から脱却する- 株式会社インソース,組織不祥事防止研修～無責任・無知・無思考を排除し「属人風土」から脱却する,200,text/html; charset=UTF-8,https://www.insource.co.jp/bup/bup_corporatescandal-prevention.html,,2,https://www.insource.co.jp/kanrisyoku/keieisennryaku_top.html,/bup/,/bup/bup_corporatescandal-prevention.html/,40,https://www.insource.co.jp/bup/bup_corporatescandal-prevention.html,2026-09-03T02:46:25.183280+00:00,
https://www.insource.co.jp/bup/bup_ir-communication-practical.html,【研修セミナー公開講座】実践的ＩＲ活動研修～何をどのように伝えるか- 株式会社インソース,実践的ＩＲ活動研修～何をどのように伝えるか,200,text/html; charset=UTF-8,https://www.insource.co.jp/bup/bup_ir-communication-practical.html,,2,https://www.insource.co.jp/kanrisyoku/keieisennryaku_top.html,/bup/,/bup/bup_ir-communication-practical.html/,1740,https://www.insource.co.jp/bup/bup_ir-communication-practical.html,2026-09-03T02:46:26.122755+00:00,
https://www.insource.co.jp/bup/bup_recruit_brand_ws.html,【研修セミナー公開講座】採用ブランド構築支援ワークショップ～「自社らしさ」を軸にこれからの採用を考える～- 株式会社インソース,採用ブランド構築支援ワークショップ～「自社らしさ」を軸にこれからの採用を考える～,200,text/html; charset=UTF-8,https://www.insource.co.jp/bup/bup_recruit_brand_ws.html,,2,https://www.insource.co.jp/kanrisyoku/keieisennryaku_top.html,/bup/,/bup/bup_recruit_brand_ws.html/,1733,https://www.insource.co.jp/bup/bup_recruit_brand_ws.html,2026-09-03T02:46:28.870371+00:00,
https://www.insource.co.jp/bup/bup_business_strategy.html,【研修セミナー公開講座】経営戦略研修～勝ち筋を描くフレームワークの習得- 株式会社インソース,経営戦略研修～勝ち筋を描くフレームワークの習得,200,text/html; charset=UTF-8,https://www.insource.co.jp/bup/bup_business_strategy.html,,2,https://www.insource.co.jp/kanrisyoku/keieisennryaku_top.html,/bup/,/bup/bup_business_strategy.html/,1911,https://www.insource.co.jp/bup/bup_business_strategy.html,2026-09-03T02:46:31.489246+00:00,
https://www.insource.co.jp/kanrisyoku/assessor-management-skills.html,アセッサー派遣型研修～上級管理職向けマネジメント力強化編（２日間）:現場で使える研修ならインソース,アセッサー派遣型研修～上級管理職向けマネジメント力強化編（２日間）,200,text/html; charset=UTF-8,https://www.insource.co.jp/kanrisyoku/assessor-management-skills.html,,2,https://www.insource.co.jp/kanrisyoku/keieisennryaku_top.html,/kanrisyoku/,/kanrisyoku/assessor-management-skills.html/,1177,https://www.insource.co.jp/kanrisyoku/assessor-management-skills.html,2026-09-03T02:46:34.317567+00:00,
https://www.insource.co.jp/bup/top-management.html,【研修セミナー公開講座】トップマネジメント研修～企業経営の原理・原則（２日間）- 株式会社インソース,トップマネジメント研修～企業経営の原理・原則（２日間）,200,text/html; charset=UTF-8,https://www.insource.co.jp/bup/top-management.html,,2,https://www.insource.co.jp/kanrisyoku/keieisennryaku_top.html,/bup/,/bup/top-management.html/,3075,https://www.insource.co.jp/bup/top-management.html,2026-09-03T02:46:36.486857+00:00,
https://www.insource.co.jp/bup/top-management-sales.html,【研修セミナー公開講座】トップマネジメント研修～売り上げ拡大の原理・原則（２日間）- 株式会社インソース,トップマネジメント研修～売り上げ拡大の原理・原則（２日間）,200,text/html; charset=UTF-8,https://www.insource.co.jp/bup/top-management-sales.html,,2,https://www.insource.co.jp/kanrisyoku/keieisennryaku_top.html,/bup/,/bup/top-management-sales.html/,1842,https://www.insource.co.jp/bup/top-management-sales.html,2026-09-03T02:46:41.337903+00:00,
https://www.insource.co.jp/bup/top-management-hr.html,【研修セミナー公開講座】トップマネジメント研修～役員・部長が知っておくべき人事戦略（２日間）- 株式会社インソース,トップマネジメント研修～役員・部長が知っておくべき人事戦略（２日間）,200,text/html; charset=UTF-8,https://www.insource.co.jp/bup/top-management-hr.html,,2,https://www.insource.co.jp/kanrisyoku/keieisennryaku_top.html,/bup/,/bup/top-management-hr.html/,1717,https://www.insource.co.jp/bup/top-management-hr.html,2026-09-03T02:46:44.176958+00:00,
https://www.insource.co.jp/bup/bup-listed-company.html,【研修セミナー公開講座】【次世代経営者ゼミ】経営者の仕事～事業拡大の基本原則- 株式会社インソース,【次世代経営者ゼミ】経営者の仕事～事業拡大の基本原則,200,text/html; charset=UTF-8,https://www.insource.co.jp/bup/bup-listed-company.html,,2,https://www.insource.co.jp/kanrisyoku/keieisennryaku_top.html,/bup/,/bup/bup-listed-company.html/,1786,https://www.insource.co.jp/bup/bup-listed-company.html,2026-09-03T02:46:46.777705+00:00,
https://www.insource.co.jp/bup/bup_ipo_ceo_cfo.html,【研修セミナー公開講座】【次世代経営者ゼミ】現代の企業経営に求められる思考法～企業価値向上の要諦- 株式会社インソース,【次世代経営者ゼミ】現代の企業経営に求められる思考法～企業価値向上の要諦,200,text/html; charset=UTF-8,https://www.insource.co.jp/bup/bup_ipo_ceo_cfo.html,,2,https://www.insource.co.jp/kanrisyoku/keieisennryaku_top.html,/bup/,/bup/bup_ipo_ceo_cfo.html/,1808,https://www.insource.co.jp/bup/bup_ipo_ceo_cfo.html,2026-09-03T02:46:49.436648+00:00,
https://www.insource.co.jp/bup/bup-business-plan-modeling.html,【研修セミナー公開講座】【次世代経営者ゼミ】ベンチャー企業の組織構築～マネジメント・教育・採用戦略- 株式会社インソース,【次世代経営者ゼミ】ベンチャー企業の組織構築～マネジメント・教育・採用戦略,200,text/html; charset=UTF-8,https://www.insource.co.jp/bup/bup-business-plan-modeling.html,,2,https://www.insource.co.jp/kanrisyoku/keieisennryaku_top.html,/bup/,/bup/bup-business-plan-modeling.html/,1770,https://www.insource.co.jp/bup/bup-business-plan-modeling.html,2026-09-03T02:46:52.228730+00:00,
https://www.insource.co.jp/bup/bup-business-model.html,【研修セミナー公開講座】【次世代経営者ゼミ】優れたビジネスモデル～独自の顧客価値提供と収益を得る仕組み- 株式会社インソース,【次世代経営者ゼミ】優れたビジネスモデル～独自の顧客価値提供と収益を得る仕組み,200,text/html; charset=UTF-8,https://www.insource.co.jp/bup/bup-business-model.html,,2,https://www.insource.co.jp/kanrisyoku/keieisennryaku_top.html,/bup/,/bup/bup-business-model.html/,1745,https://www.insource.co.jp/bup/bup-business-model.html,2026-09-03T02:46:54.876498+00:00,
https://www.insource.co.jp/bup/bup-business-plan-formulation.html,【研修セミナー公開講座】【次世代経営者ゼミ】事業計画の策定・運用～成長企業の計画策定のポイントと精度の向上- 株式会社インソース,【次世代経営者ゼミ】事業計画の策定・運用～成長企業の計画策定のポイントと精度の向上,200,text/html; charset=UTF-8,https://www.insource.co.jp/bup/bup-business-plan-formulation.html,,2,https://www.insource.co.jp/kanrisyoku/keieisennryaku_top.html,/bup/,/bup/bup-business-plan-formulation.html/,2207,https://www.insource.co.jp/bup/bup-business-plan-formulation.html,2026-09-03T02:46:57.611284+00:00,
https://www.insource.co.jp/bup/bup-organizational-construction.html,【研修セミナー公開講座】【次世代経営者ゼミ】成長企業の営業強化策～売上を持続的に上げる釣り堀・えさ・腕- 株式会社インソース,【次世代経営者ゼミ】成長企業の営業強化策～売上を持続的に上げる釣り堀・えさ・腕,200,text/html; charset=UTF-8,https://www.insource.co.jp/bup/bup-organizational-construction.html,,2,https://www.insource.co.jp/kanrisyoku/keieisennryaku_top.html,/bup/,/bup/bup-organizational-construction.html/,1828,https://www.insource.co.jp/bup/bup-organizational-construction.html,2026-09-03T02:47:00.698489+00:00,
https://www.insource.co.jp/bup/bup-ceocfo-web-marketing.html,【研修セミナー公開講座】【次世代経営者ゼミ】財務規律～資金の調達・使途における規律について- 株式会社インソース,【次世代経営者ゼミ】財務規律～資金の調達・使途における規律について,200,text/html; charset=UTF-8,https://www.insource.co.jp/bup/bup-ceocfo-web-marketing.html,,2,https://www.insource.co.jp/kanrisyoku/keieisennryaku_top.html,/bup/,/bup/bup-ceocfo-web-marketing.html/,38,https://www.insource.co.jp/bup/bup-ceocfo-web-marketing.html,2026-09-03T02:47:03.406958+00:00,
https://www.insource.co.jp/bup/bup-ceocfo-investment-lecture.html,【研修セミナー公開講座】【次世代経営者ゼミ】プロの投資家が教える、投資したい株式１- 株式会社インソース,【次世代経営者ゼミ】プロの投資家が教える、投資したい株式１,200,text/html; charset=UTF-8,https://www.insource.co.jp/bup/bup-ceocfo-investment-lecture.html,,2,https://www.insource.co.jp/kanrisyoku/keieisennryaku_top.html,/bup/,/bup/bup-ceocfo-investment-lecture.html/,1793,https://www.insource.co.jp/bup/bup-ceocfo-investment-lecture.html,2026-09-03T02:47:04.435186+00:00,
https://www.insource.co.jp/bup/bup-business-expansion.html,【研修セミナー公開講座】【次世代経営者ゼミ】プロの投資家が教える、投資したい株式２- 株式会社インソース,【次世代経営者ゼミ】プロの投資家が教える、投資したい株式２,200,text/html; charset=UTF-8,https://www.insource.co.jp/bup/bup-business-expansion.html,,2,https://www.insource.co.jp/kanrisyoku/keieisennryaku_top.html,/bup/,/bup/bup-business-expansion.html/,1853,https://www.insource.co.jp/bup/bup-business-expansion.html,2026-09-03T02:47:07.109488+00:00,
https://www.insource.co.jp/bup/bup-ceocfo-thinking-development.html,【研修セミナー公開講座】【次世代経営者ゼミ】会社の発展を考える～知っているようで知らない！会社法の視点、経営層育成の視点、日本型経営の視点- 株式会社インソース,【次世代経営者ゼミ】会社の発展を考える～知っているようで知らない！会社法の視点、経営層育成の視点、日本型経営の視点,200,text/html; charset=UTF-8,https://www.insource.co.jp/bup/bup-ceocfo-thinking-development.html,,2,https://www.insource.co.jp/kanrisyoku/keieisennryaku_top.html,/bup/,/bup/bup-ceocfo-thinking-development.html/,2621,https://www.insource.co.jp/bup/bup-ceocfo-thinking-development.html,2026-09-03T02:47:09.842108+00:00,
https://www.insource.co.jp/kanrisyoku/bucho01.html,上級管理職（部長職）研修～ヒト・業務・カネのマネジメント編（２日間）:現場で使える研修ならインソース,上級管理職（部長職）研修～ヒト・業務・カネのマネジメント編（２日間）,200,text/html; charset=UTF-8,https://www.insource.co.jp/kanrisyoku/bucho01.html,,2,https://www.insource.co.jp/kanrisyoku/keieisennryaku_top.html,/kanrisyoku/,/kanrisyoku/bucho01.html/,862,https://www.insource.co.jp/kanrisyoku/bucho01.html,2026-09-03T02:47:13.444506+00:00,
https://www.insource.co.jp/jichitai_director_deputy_manager/new_syozokucyo.html,行政向け新任所属長研修～組織のマネジメント（１日間）:現場で使える研修ならインソース,行政向け新任所属長研修～組織のマネジメント（１日間）,200,text/html; charset=UTF-8,https://www.insource.co.jp/jichitai_director_deputy_manager/new_syozokucyo.html,,2,https://www.insource.co.jp/kanrisyoku/keieisennryaku_top.html,/jichitai_director_deputy_manager/,/jichitai_director_deputy_manager/new_syozokucyo.html/,926,https://www.insource.co.jp/jichitai_director_deputy_manager/new_syozokucyo.html,2026-09-03T02:47:15.141566+00:00,
https://www.insource.co.jp/bup/bup_ke_yakuwari.html,【研修セミナー公開講座】３００人企業のための階層別研修～部長編- 株式会社インソース,３００人企業のための階層別研修～部長編,200,text/html; charset=UTF-8,https://www.insource.co.jp/bup/bup_ke_yakuwari.html,,2,https://www.insource.co.jp/kanrisyoku/keieisennryaku_top.html,/bup/,/bup/bup_ke_yakuwari.html/,1676,https://www.insource.co.jp/bup/bup_ke_yakuwari.html,2026-09-03T02:47:16.917924+00:00,
https://www.insource.co.jp/bup/division-manager-follow-up.html,【研修セミナー公開講座】（２時間研修）部長フォローアップ研修- 株式会社インソース,（２時間研修）部長フォローアップ研修,200,text/html; charset=UTF-8,https://www.insource.co.jp/bup/division-manager-follow-up.html,,2,https://www.insource.co.jp/kanrisyoku/keieisennryaku_top.html,/bup/,/bup/division-manager-follow-up.html/,1714,https://www.insource.co.jp/bup/division-manager-follow-up.html,2026-09-03T02:47:19.587748+00:00,
https://www.insource.co.jp/bup/kacho_eigyo.html,【研修セミナー公開講座】営業部長研修～現場マネジメント編- 株式会社インソース,営業部長研修～現場マネジメント編,200,text/html; charset=UTF-8,https://www.insource.co.jp/bup/kacho_eigyo.html,,2,https://www.insource.co.jp/kanrisyoku/keieisennryaku_top.html,/bup/,/bup/kacho_eigyo.html/,1953,https://www.insource.co.jp/bup/kacho_eigyo.html,2026-09-03T02:47:22.169876+00:00,
https://www.insource.co.jp/bup/bup_management-layer.html,【研修セミナー公開講座】（半日研修）役員・部長級研修～会社が役員・部長級管理職に求める視点- 株式会社インソース,（半日研修）役員・部長級研修～会社が役員・部長級管理職に求める視点,200,text/html; charset=UTF-8,https://www.insource.co.jp/bup/bup_management-layer.html,,2,https://www.insource.co.jp/kanrisyoku/keieisennryaku_top.html,/bup/,/bup/bup_management-layer.html/,2028,https://www.insource.co.jp/bup/bup_management-layer.html,2026-09-03T02:47:24.982161+00:00,
https://www.insource.co.jp/bup/keieisya.html,【研修セミナー公開講座】経営者育成研修～経営的視点から課題を発見し解決策を立案する（２日間）- 株式会社インソース,経営者育成研修～経営的視点から課題を発見し解決策を立案する（２日間）,200,text/html; charset=UTF-8,https://www.insource.co.jp/bup/keieisya.html,,2,https://www.insource.co.jp/kanrisyoku/keieisennryaku_top.html,/bup/,/bup/keieisya.html/,1911,https://www.insource.co.jp/bup/keieisya.html,2026-09-03T02:47:28.001985+00:00,
https://www.insource.co.jp/kanrisyoku/sdgs-2030.html,【短時間講演】経営者や人事部門に知ってほしいSDGs～2030年にも生き残る企業になる（９０分）:現場で使える研修ならインソース,【短時間講演】経営者や人事部門に知ってほしいSDGs～2030年にも生き残る企業になる（９０分）,200,text/html; charset=UTF-8,https://www.insource.co.jp/kanrisyoku/sdgs-2030.html,,2,https://www.insource.co.jp/kanrisyoku/keieisennryaku_top.html,/kanrisyoku/,/kanrisyoku/sdgs-2030.html/,855,https://www.insource.co.jp/kanrisyoku/sdgs-2030.html,2026-09-03T02:47:30.823438+00:00,
https://www.insource.co.jp/bup/bup_bucho_leader.html,【研修セミナー公開講座】変革リーダー研修～人数を増やさず今のメンバーで変革を実現する- 株式会社インソース,変革リーダー研修～人数を増やさず今のメンバーで変革を実現する,200,text/html; charset=UTF-8,https://www.insource.co.jp/bup/bup_bucho_leader.html,,2,https://www.insource.co.jp/kanrisyoku/keieisennryaku_top.html,/bup/,/bup/bup_bucho_leader.html/,2117,https://www.insource.co.jp/bup/bup_bucho_leader.html,2026-09-03T02:47:32.509793+00:00,
https://www.insource.co.jp/kanrisyoku/ka-reform-idea.html,管理職研修～環境変化に適応し、変革を推進する（１日間）:現場で使える研修ならインソース,管理職研修～環境変化に適応し、変革を推進する（１日間）,200,text/html; charset=UTF-8,https://www.insource.co.jp/kanrisyoku/ka-reform-idea.html,,2,https://www.insource.co.jp/kanrisyoku/keieisennryaku_top.html,/kanrisyoku/,/kanrisyoku/ka-reform-idea.html/,1422,https://www.insource.co.jp/kanrisyoku/ka-reform-idea.html,2026-09-03T02:47:35.649895+00:00,
https://www.insource.co.jp/bup/vision-leadership.html,【研修セミナー公開講座】リーダーシップ研修～チャレンジングな姿勢と強かな変革力- 株式会社インソース,リーダーシップ研修～チャレンジングな姿勢と強かな変革力,200,text/html; charset=UTF-8,https://www.insource.co.jp/bup/vision-leadership.html,,2,https://www.insource.co.jp/kanrisyoku/keieisennryaku_top.html,/bup/,/bup/vision-leadership.html/,1768,https://www.insource.co.jp/bup/vision-leadership.html,2026-09-03T02:47:37.928635+00:00,
https://www.insource.co.jp/bup/new-division-manager-levelup.html,【研修セミナー公開講座】部長レベルアップ研修～課題を解決し、変革へつなげる- 株式会社インソース,部長レベルアップ研修～課題を解決し、変革へつなげる,200,text/html; charset=UTF-8,https://www.insource.co.jp/bup/new-division-manager-levelup.html,,2,https://www.insource.co.jp/kanrisyoku/keieisennryaku_top.html,/bup/,/bup/new-division-manager-levelup.html/,1767,https://www.insource.co.jp/bup/new-division-manager-levelup.html,2026-09-03T02:47:40.704117+00:00,
https://www.insource.co.jp/bup/bup_dx-talent.html,【研修セミナー公開講座】ＤＸ人材の育て方研修～ベストな人材は内部にあり- 株式会社インソース,ＤＸ人材の育て方研修～ベストな人材は内部にあり,200,text/html; charset=UTF-8,https://www.insource.co.jp/bup/bup_dx-talent.html,,2,https://www.insource.co.jp/kanrisyoku/keieisennryaku_top.html,/bup/,/bup/bup_dx-talent.html/,1838,https://www.insource.co.jp/bup/bup_dx-talent.html,2026-09-03T02:47:43.347211+00:00,
https://www.insource.co.jp/management-strategy/bsc_senryaku.html,ＢＳＣ（バランススコアカード）を活用した部門戦略研修（１日間）:現場で使える研修ならインソース,ＢＳＣ（バランススコアカード）を活用した部門戦略研修（１日間）,200,text/html; charset=UTF-8,https://www.insource.co.jp/management-strategy/bsc_senryaku.html,,2,https://www.insource.co.jp/kanrisyoku/keieisennryaku_top.html,/management-strategy/,/management-strategy/bsc_senryaku.html/,1255,https://www.insource.co.jp/management-strategy/bsc_senryaku.html,2026-09-03T02:47:46.061694+00:00,
https://www.insource.co.jp/bup/bup_management_strategy.html,【研修セミナー公開講座】＜経営人材育成シリーズ＞マネジメント・ストラテジー研修～戦略策定から計画実行まで（２日間）- 株式会社インソース,＜経営人材育成シリーズ＞マネジメント・ストラテジー研修～戦略策定から計画実行まで（２日間）,200,text/html; charset=UTF-8,https://www.insource.co.jp/bup/bup_management_strategy.html,,2,https://www.insource.co.jp/kanrisyoku/keieisennryaku_top.html,/bup/,/bup/bup_management_strategy.html/,1856,https://www.insource.co.jp/bup/bup_management_strategy.html,2026-09-03T02:47:48.291751+00:00,
https://www.insource.co.jp/kanrisyoku/management-visualization.html,経営の見える化研修（１日間）:現場で使える研修ならインソース,経営の見える化研修（１日間）,200,text/html; charset=UTF-8,https://www.insource.co.jp/kanrisyoku/management-visualization.html,,2,https://www.insource.co.jp/kanrisyoku/keieisennryaku_top.html,/kanrisyoku/,/kanrisyoku/management-visualization.html/,883,https://www.insource.co.jp/kanrisyoku/management-visualization.html,2026-09-03T02:47:51.039650+00:00,
https://www.insource.co.jp/ken2007/senryaku_ka.html,経営戦略研修～ＳＤＧｓ経営で中長期的な企業価値向上を実現する（１日間）:現場で使える研修ならインソース,経営戦略研修～ＳＤＧｓ経営で中長期的な企業価値向上を実現する（１日間）,200,text/html; charset=UTF-8,https://www.insource.co.jp/ken2007/senryaku_ka.html,,2,https://www.insource.co.jp/kanrisyoku/keieisennryaku_top.html,/ken2007/,/ken2007/senryaku_ka.html/,1031,https://www.insource.co.jp/ken2007/senryaku_ka.html,2026-09-03T02:47:52.759870+00:00,
https://www.insource.co.jp/kanrisyoku/bucho_strategy.html,経営戦略研修～サステナブル経営実現のために（１日間）:現場で使える研修ならインソース,経営戦略研修～サステナブル経営実現のために（１日間）,200,text/html; charset=UTF-8,https://www.insource.co.jp/kanrisyoku/bucho_strategy.html,,2,https://www.insource.co.jp/kanrisyoku/keieisennryaku_top.html,/kanrisyoku/,/kanrisyoku/bucho_strategy.html/,860,https://www.insource.co.jp/kanrisyoku/bucho_strategy.html,2026-09-03T02:47:54.756858+00:00,
https://www.insource.co.jp/kenshu/sdgs-for-women.html,経営戦略としての女性活躍推進研修～ＳＤＧｓ時代のジェンダー平等を実現するために（半日間）:現場で使える研修ならインソース,経営戦略としての女性活躍推進研修～ＳＤＧｓ時代のジェンダー平等を実現するために（半日間）,200,text/html; charset=UTF-8,https://www.insource.co.jp/kenshu/sdgs-for-women.html,,2,https://www.insource.co.jp/kanrisyoku/keieisennryaku_top.html,/kenshu/,/kenshu/sdgs-for-women.html/,923,https://www.insource.co.jp/kenshu/sdgs-for-women.html,2026-09-03T02:47:56.448237+00:00,
https://www.insource.co.jp/kanrisyoku/ka_bumon_ikusei.html,方針管理研修～部長編（１日間）:現場で使える研修ならインソース,方針管理研修～部長編（１日間）,200,text/html; charset=UTF-8,https://www.insource.co.jp/kanrisyoku/ka_bumon_ikusei.html,,2,https://www.insource.co.jp/kanrisyoku/keieisennryaku_top.html,/kanrisyoku/,/kanrisyoku/ka_bumon_ikusei.html/,1020,https://www.insource.co.jp/kanrisyoku/ka_bumon_ikusei.html,2026-09-03T02:47:58.208048+00:00,
https://www.insource.co.jp/bup/manager-planning.html,【研修セミナー公開講座】営業部長研修～営業戦略立案編（２日間）- 株式会社インソース,営業部長研修～営業戦略立案編（２日間）,200,text/html; charset=UTF-8,https://www.insource.co.jp/bup/manager-planning.html,,2,https://www.insource.co.jp/kanrisyoku/keieisennryaku_top.html,/bup/,/bup/manager-planning.html/,1621,https://www.insource.co.jp/bup/manager-planning.html,2026-09-03T02:48:00.066755+00:00,
https://www.insource.co.jp/management-strategy/pmi_process.html,ＰＭＩ入門研修～Ｍ＆Ａを成功に導くための統合プロセス（１日間）:現場で使える研修ならインソース,ＰＭＩ入門研修～Ｍ＆Ａを成功に導くための統合プロセス（１日間）,200,text/html; charset=UTF-8,https://www.insource.co.jp/management-strategy/pmi_process.html,,2,https://www.insource.co.jp/kanrisyoku/keieisennryaku_top.html,/management-strategy/,/management-strategy/pmi_process.html/,1126,https://www.insource.co.jp/management-strategy/pmi_process.html,2026-09-03T02:48:02.646494+00:00,
https://www.insource.co.jp/bup/bup_ma-synergy.html,【研修セミナー公開講座】Ｍ＆Ａ入門研修～シナジー発揮、事業拡大のための会社の選び方- 株式会社インソース,Ｍ＆Ａ入門研修～シナジー発揮、事業拡大のための会社の選び方,200,text/html; charset=UTF-8,https://www.insource.co.jp/bup/bup_ma-synergy.html,,2,https://www.insource.co.jp/kanrisyoku/keieisennryaku_top.html,/bup/,/bup/bup_ma-synergy.html/,33,https://www.insource.co.jp/bup/bup_ma-synergy.html,2026-09-03T02:48:04.637062+00:00,
https://www.insource.co.jp/successionplan/business_accounting.html,【経営人材育成シリーズ】ビジネス・アカウンティング研修～経営を数字で読み解く（２日間）:現場で使える研修ならインソース,【経営人材育成シリーズ】ビジネス・アカウンティング研修～経営を数字で読み解く（２日間）,200,text/html; charset=UTF-8,https://www.insource.co.jp/successionplan/business_accounting.html,,2,https://www.insource.co.jp/kanrisyoku/keieisennryaku_top.html,/successionplan/,/successionplan/business_accounting.html/,940,https://www.insource.co.jp/successionplan/business_accounting.html,2026-09-03T02:48:05.555247+00:00,
https://www.insource.co.jp/sujinomikata/economy_analysis.html,意思決定会計研修～投資の採算性を判断するための経済性分析（１日間）:現場で使える研修ならインソース,意思決定会計研修～投資の採算性を判断するための経済性分析（１日間）,200,text/html; charset=UTF-8,https://www.insource.co.jp/sujinomikata/economy_analysis.html,,2,https://www.insource.co.jp/kanrisyoku/keieisennryaku_top.html,/sujinomikata/,/sujinomikata/economy_analysis.html/,1088,https://www.insource.co.jp/sujinomikata/economy_analysis.html,2026-09-03T02:48:07.456598+00:00,
https://www.insource.co.jp/kanrisyoku/business-valuation.html,部長・役員向け企業価値向上研修～中長期的な成長を実現するための４つの視点（１日間）:現場で使える研修ならインソース,部長・役員向け企業価値向上研修～中長期的な成長を実現するための４つの視点（１日間）,200,text/html; charset=UTF-8,https://www.insource.co.jp/kanrisyoku/business-valuation.html,,2,https://www.insource.co.jp/kanrisyoku/keieisennryaku_top.html,/kanrisyoku/,/kanrisyoku/business-valuation.html/,869,https://www.insource.co.jp/kanrisyoku/business-valuation.html,2026-09-03T02:48:09.404435+00:00,
https://www.insource.co.jp/bup/improving-corporate-value.html,【研修セミナー公開講座】企業価値向上研修～ＲＯＩＣ・ＷＡＣＣから見る「稼ぐ力」の高め方- 株式会社インソース,企業価値向上研修～ＲＯＩＣ・ＷＡＣＣから見る「稼ぐ力」の高め方,200,text/html; charset=UTF-8,https://www.insource.co.jp/bup/improving-corporate-value.html,,2,https://www.insource.co.jp/kanrisyoku/keieisennryaku_top.html,/bup/,/bup/improving-corporate-value.html/,1991,https://www.insource.co.jp/bup/improving-corporate-value.html,2026-09-03T02:48:11.109044+00:00,
https://www.insource.co.jp/bup/bup_market_development.html,【研修セミナー公開講座】新市場開拓のための戦略研修～新たな市場を見つけるフレームワーク- 株式会社インソース,新市場開拓のための戦略研修～新たな市場を見つけるフレームワーク,200,text/html; charset=UTF-8,https://www.insource.co.jp/bup/bup_market_development.html,,2,https://www.insource.co.jp/kanrisyoku/keieisennryaku_top.html,/bup/,/bup/bup_market_development.html/,39,https://www.insource.co.jp/bup/bup_market_development.html,2026-09-03T02:48:14.122131+00:00,
https://www.insource.co.jp/bup/bup_business-model.html,【研修セミナー公開講座】ビジネスモデル企画研修～事例を学び、継続的に収益を上げる仕組みを考える- 株式会社インソース,ビジネスモデル企画研修～事例を学び、継続的に収益を上げる仕組みを考える,200,text/html; charset=UTF-8,https://www.insource.co.jp/bup/bup_business-model.html,,2,https://www.insource.co.jp/kanrisyoku/keieisennryaku_top.html,/bup/,/bup/bup_business-model.html/,2126,https://www.insource.co.jp/bup/bup_business-model.html,2026-09-03T02:48:15.108843+00:00,
https://www.insource.co.jp/bup/bup_corporate_governance.html,【研修セミナー公開講座】コーポレート・ガバナンス（企業統治）研修- 株式会社インソース,コーポレート・ガバナンス（企業統治）研修,200,text/html; charset=UTF-8,https://www.insource.co.jp/bup/bup_corporate_governance.html,,2,https://www.insource.co.jp/kanrisyoku/keieisennryaku_top.html,/bup/,/bup/bup_corporate_governance.html/,1989,https://www.insource.co.jp/bup/bup_corporate_governance.html,2026-09-03T02:48:18.285342+00:00,
https://www.insource.co.jp/bup/bup-risk-internal-control.html,【研修セミナー公開講座】（半日研修）リスク管理・内部統制研修～基本と現場での効果的な展開- 株式会社インソース,（半日研修）リスク管理・内部統制研修～基本と現場での効果的な展開,200,text/html; charset=UTF-8,https://www.insource.co.jp/bup/bup-risk-internal-control.html,,2,https://www.insource.co.jp/kanrisyoku/keieisennryaku_top.html,/bup/,/bup/bup-risk-internal-control.html/,1692,https://www.insource.co.jp/bup/bup-risk-internal-control.html,2026-09-03T02:48:21.182805+00:00,
https://www.insource.co.jp/riskmanagement/socialmedia.html,マスコミ対応研修～危機管理としてのメディア対応編（１日間）:現場で使える研修ならインソース,マスコミ対応研修～危機管理としてのメディア対応編（１日間）,200,text/html; charset=UTF-8,https://www.insource.co.jp/riskmanagement/socialmedia.html,,2,https://www.insource.co.jp/kanrisyoku/keieisennryaku_top.html,/riskmanagement/,/riskmanagement/socialmedia.html/,735,https://www.insource.co.jp/riskmanagement/socialmedia.html,2026-09-03T02:48:23.861991+00:00,
https://www.insource.co.jp/kanrisyoku/harassment-executive.html,役員向けハラスメント防止研修（半日間）:現場で使える研修ならインソース,役員向けハラスメント防止研修（半日間）,200,text/html; charset=UTF-8,https://www.insource.co.jp/kanrisyoku/harassment-executive.html,,2,https://www.insource.co.jp/kanrisyoku/keieisennryaku_top.html,/kanrisyoku/,/kanrisyoku/harassment-executive.html/,973,https://www.insource.co.jp/kanrisyoku/harassment-executive.html,2026-09-03T02:48:25.410200+00:00,
https://www.insource.co.jp/kanrisyoku/diversity-for-officers.html,役員研修～ダイバーシティに取り組まないリスクを認識する（２時間）:現場で使える研修ならインソース,役員研修～ダイバーシティに取り組まないリスクを認識する（２時間）,200,text/html; charset=UTF-8,https://www.insource.co.jp/kanrisyoku/diversity-for-officers.html,,2,https://www.insource.co.jp/kanrisyoku/keieisennryaku_top.html,/kanrisyoku/,/kanrisyoku/diversity-for-officers.html/,954,https://www.insource.co.jp/kanrisyoku/diversity-for-officers.html,2026-09-03T02:48:27.224357+00:00,
https://www.insource.co.jp/kanrisyoku/ojt-for-seniormanager-org-development.html,役員・部長層向けＯＪＴ研修～課長を育てる権限委譲編（１日間）:現場で使える研修ならインソース,役員・部長層向けＯＪＴ研修～課長を育てる権限委譲編（１日間）,200,text/html; charset=UTF-8,https://www.insource.co.jp/kanrisyoku/ojt-for-seniormanager-org-development.html,,2,https://www.insource.co.jp/kanrisyoku/keieisennryaku_top.html,/kanrisyoku/,/kanrisyoku/ojt-for-seniormanager-org-development.html/,1011,https://www.insource.co.jp/kanrisyoku/ojt-for-seniormanager-org-development.html,2026-09-03T02:48:29.133273+00:00,
https://www.insource.co.jp/kanrisyoku/ojt-for-seniormanager.html,役員・部長向け人材育成研修～ＯＪＴで人を育て、組織を強くする（１日間）:現場で使える研修ならインソース,役員・部長向け人材育成研修～ＯＪＴで人を育て、組織を強くする（１日間）,200,text/html; charset=UTF-8,https://www.insource.co.jp/kanrisyoku/ojt-for-seniormanager.html,,2,https://www.insource.co.jp/kanrisyoku/keieisennryaku_top.html,/kanrisyoku/,/kanrisyoku/ojt-for-seniormanager.html/,1013,https://www.insource.co.jp/kanrisyoku/ojt-for-seniormanager.html,2026-09-03T02:48:30.985105+00:00,
https://www.insource.co.jp/bup/bup_humanresources_management.html,【研修セミナー公開講座】＜経営人材育成シリーズ＞ヒューマンリソース・マネジメント研修～人的資本の戦略的活用（２日間）- 株式会社インソース,＜経営人材育成シリーズ＞ヒューマンリソース・マネジメント研修～人的資本の戦略的活用（２日間）,200,text/html; charset=UTF-8,https://www.insource.co.jp/bup/bup_humanresources_management.html,,2,https://www.insource.co.jp/kanrisyoku/keieisennryaku_top.html,/bup/,/bup/bup_humanresources_management.html/,1728,https://www.insource.co.jp/bup/bup_humanresources_management.html,2026-09-03T02:48:32.842186+00:00,
https://www.insource.co.jp/jinji-hyoka/digital_update.html,（人事担当者・経営層向け）デジタル時代の人事評価アップデート研修（半日間）:現場で使える研修ならインソース,（人事担当者・経営層向け）デジタル時代の人事評価アップデート研修（半日間）,200,text/html; charset=UTF-8,https://www.insource.co.jp/jinji-hyoka/digital_update.html,,2,https://www.insource.co.jp/kanrisyoku/keieisennryaku_top.html,/jinji-hyoka/,/jinji-hyoka/digital_update.html/,1194,https://www.insource.co.jp/jinji-hyoka/digital_update.html,2026-09-03T02:48:35.457115+00:00,
https://www.insource.co.jp/bup/manager_ikusei.html,【研修セミナー公開講座】営業部長研修～営業人材育成編- 株式会社インソース,営業部長研修～営業人材育成編,200,text/html; charset=UTF-8,https://www.insource.co.jp/bup/manager_ikusei.html,,2,https://www.insource.co.jp/kanrisyoku/keieisennryaku_top.html,/bup/,/bup/manager_ikusei.html/,1627,https://www.insource.co.jp/bup/manager_ikusei.html,2026-09-03T02:48:38.550986+00:00,
https://www.insource.co.jp/bup/bup_communication_prevention_turnover.html,【研修セミナー公開講座】（管理職向け）離職防止研修～部下との良好なコミュニケーションを考える- 株式会社インソース,（管理職向け）離職防止研修～部下との良好なコミュニケーションを考える,200,text/html; charset=UTF-8,https://www.insource.co.jp/bup/bup_communication_prevention_turnover.html,,2,https://www.insource.co.jp/kanrisyoku/keieisennryaku_top.html,/bup/,/bup/bup_communication_prevention_turnover.html/,1773,https://www.insource.co.jp/bup/bup_communication_prevention_turnover.html,2026-09-03T02:48:41.043379+00:00,
https://www.insource.co.jp/bup/bup-open-work-environment.html,【研修セミナー公開講座】部下とのコミュニケーション実践研修～心理的安全性の高い職場を作る- 株式会社インソース,部下とのコミュニケーション実践研修～心理的安全性の高い職場を作る,200,text/html; charset=UTF-8,https://www.insource.co.jp/bup/bup-open-work-environment.html,,2,https://www.insource.co.jp/kanrisyoku/keieisennryaku_top.html,/bup/,/bup/bup-open-work-environment.html/,1630,https://www.insource.co.jp/bup/bup-open-work-environment.html,2026-09-03T02:48:43.848676+00:00,
https://www.insource.co.jp/bup/bup_entrust.html,【研修セミナー公開講座】仕事の任せ方研修～自分でやった方が早いを克服し、部下の成長を促す- 株式会社インソース,仕事の任せ方研修～自分でやった方が早いを克服し、部下の成長を促す,200,text/html; charset=UTF-8,https://www.insource.co.jp/bup/bup_entrust.html,,2,https://www.insource.co.jp/kanrisyoku/keieisennryaku_top.html,/bup/,/bup/bup_entrust.html/,2151,https://www.insource.co.jp/bup/bup_entrust.html,2026-09-03T02:48:46.351107+00:00,
https://www.insource.co.jp/bup/bup-esg-s.html,【研修セミナー公開講座】人的資本経営研修～本質・指針を理解し、人材投資の優先課題を整理する- 株式会社インソース,人的資本経営研修～本質・指針を理解し、人材投資の優先課題を整理する,200,text/html; charset=UTF-8,https://www.insource.co.jp/bup/bup_human_capital-management.html,,2,https://www.insource.co.jp/kanrisyoku/keieisennryaku_top.html,/bup/,/bup/bup-esg-s.html/,2522,https://www.insource.co.jp/bup/bup_human_capital-management.html,2026-09-03T02:48:49.482110+00:00,
https://www.insource.co.jp/keieisennryaku/promotion_interview.html,（役員・上級管理職向け）管理職登用面接官研修（１日間）:現場で使える研修ならインソース,（役員・上級管理職向け）管理職登用面接官研修（１日間）,200,text/html; charset=UTF-8,https://www.insource.co.jp/keieisennryaku/promotion_interview.html,,2,https://www.insource.co.jp/kanrisyoku/keieisennryaku_top.html,/keieisennryaku/,/keieisennryaku/promotion_interview.html/,1026,https://www.insource.co.jp/keieisennryaku/promotion_interview.html,2026-09-03T02:48:53.045972+00:00,
https://www.insource.co.jp/keieisennryaku/workshop_organizational_structure.html,【中計達成のためのワークショップ】計画実行のための組織づくり（１日間）:現場で使える研修ならインソース,【中計達成のためのワークショップ】計画実行のための組織づくり（１日間）,200,text/html; charset=UTF-8,https://www.insource.co.jp/keieisennryaku/workshop_organizational_structure.html,,2,https://www.insource.co.jp/kanrisyoku/keieisennryaku_top.html,/keieisennryaku/,/keieisennryaku/workshop_organizational_structure.html/,889,https://www.insource.co.jp/keieisennryaku/workshop_organizational_structure.html,2026-09-03T02:48:54.914440+00:00,
https://www.insource.co.jp/keieisennryaku/workshop_strategy.html,【中計達成のためのワークショップ】計画立案に向けた戦略策定（３日間）:現場で使える研修ならインソース,【中計達成のためのワークショップ】計画立案に向けた戦略策定（３日間）,200,text/html; charset=UTF-8,https://www.insource.co.jp/keieisennryaku/workshop_strategy.html,,2,https://www.insource.co.jp/kanrisyoku/keieisennryaku_top.html,/keieisennryaku/,/keieisennryaku/workshop_strategy.html/,1187,https://www.insource.co.jp/keieisennryaku/workshop_strategy.html,2026-09-03T02:48:56.637868+00:00,
https://www.insource.co.jp/keieisennryaku/workshop_shisaku.html,【中計達成のためのワークショップ】理詰めで組み立てる施策設計（２日間）:現場で使える研修ならインソース,【中計達成のためのワークショップ】理詰めで組み立てる施策設計（２日間）,200,text/html; charset=UTF-8,https://www.insource.co.jp/keieisennryaku/workshop_shisaku.html,,2,https://www.insource.co.jp/kanrisyoku/keieisennryaku_top.html,/keieisennryaku/,/keieisennryaku/workshop_shisaku.html/,1272,https://www.insource.co.jp/keieisennryaku/workshop_shisaku.html,2026-09-03T02:48:58.809382+00:00,
https://www.insource.co.jp/organizational-development/lego_leader.html,役員・部長向け理念浸透ワークショップ（半日間）:現場で使える研修ならインソース,役員・部長向け理念浸透ワークショップ（半日間）,200,text/html; charset=UTF-8,https://www.insource.co.jp/organizational-development/lego_leader.html,,2,https://www.insource.co.jp/kanrisyoku/keieisennryaku_top.html,/organizational-development/,/organizational-development/lego_leader.html/,975,https://www.insource.co.jp/organizational-development/lego_leader.html,2026-09-03T02:49:00.947555+00:00,
https://www.insource.co.jp/executivemanager/midtermplan_vision_workshop.html,【経営人材育成ワークショップ】中期経営計画策定に向けたビジョン統一（１日間）:現場で使える研修ならインソース,【経営人材育成ワークショップ】中期経営計画策定に向けたビジョン統一（１日間）,200,text/html; charset=UTF-8,https://www.insource.co.jp/executivemanager/midtermplan_vision_workshop.html,,2,https://www.insource.co.jp/kanrisyoku/keieisennryaku_top.html,/executivemanager/,/executivemanager/midtermplan_vision_workshop.html/,1268,https://www.insource.co.jp/executivemanager/midtermplan_vision_workshop.html,2026-09-03T02:49:02.759893+00:00,
https://www.insource.co.jp/worksession/market_analysis.html,マーケット分析ワークセッション（２日間）:現場で使える研修ならインソース,マーケット分析ワークセッション（２日間）,200,text/html; charset=UTF-8,https://www.insource.co.jp/worksession/market_analysis.html,,2,https://www.insource.co.jp/kanrisyoku/keieisennryaku_top.html,/worksession/,/worksession/market_analysis.html/,1079,https://www.insource.co.jp/worksession/market_analysis.html,2026-09-03T02:49:05.001120+00:00,
https://www.insource.co.jp/dougahyakkaten/bucyo_keieisya_shiten.html,上級（部長級）管理職研修～経営者としての視点を身につける（冊子教材・テスト付き）:eラーニング・動画教材での研修もインソース,上級（部長級）管理職研修～経営者としての視点を身につける（冊子教材・テスト付き）,200,text/html; charset=UTF-8,https://www.insource.co.jp/dougahyakkaten/bucyo_keieisya_shiten.html,,2,https://www.insource.co.jp/kanrisyoku/keieisennryaku_top.html,/dougahyakkaten/,/dougahyakkaten/bucyo_keieisya_shiten.html/,658,https://www.insource.co.jp/dougahyakkaten/bucyo_keieisya_shiten.html,2026-09-03T02:49:06.944736+00:00,
https://www.insource.co.jp/dougahyakkaten/jichitai_buchou.html,（官公庁・自治体向け）部長級研修～組織の課題を掴み、目標を定める（冊子教材・テスト付き）:eラーニング・動画教材での研修もインソース,（官公庁・自治体向け）部長級研修～組織の課題を掴み、目標を定める（冊子教材・テスト付き）,200,text/html; charset=UTF-8,https://www.insource.co.jp/dougahyakkaten/jichitai_buchou.html,,2,https://www.insource.co.jp/kanrisyoku/keieisennryaku_top.html,/dougahyakkaten/,/dougahyakkaten/jichitai_buchou.html/,665,https://www.insource.co.jp/dougahyakkaten/jichitai_buchou.html,2026-09-03T02:49:08.393603+00:00,
https://www.insource.co.jp/dougahyakkaten/bengoshi_yakuinkanbu_compliance.html,【弁護士監修・ドラマで学ぶシリーズ】役員・経営幹部候補のコンプライアンス（テスト付き）:eラーニング・動画教材での研修もインソース,【弁護士監修・ドラマで学ぶシリーズ】役員・経営幹部候補のコンプライアンス（テスト付き）,200,text/html; charset=UTF-8,https://www.insource.co.jp/dougahyakkaten/bengoshi_yakuinkanbu_compliance.html,,2,https://www.insource.co.jp/kanrisyoku/keieisennryaku_top.html,/dougahyakkaten/,/dougahyakkaten/bengoshi_yakuinkanbu_compliance.html/,641,https://www.insource.co.jp/dougahyakkaten/bengoshi_yakuinkanbu_compliance.html,2026-09-03T02:49:09.848874+00:00,
https://www.insource.co.jp/dougahyakkaten/business-strategy-middle.html,ミドルマネジメントのための経営戦略講座:eラーニング・動画教材での研修もインソース,ミドルマネジメントのための経営戦略講座,200,text/html; charset=UTF-8,https://www.insource.co.jp/dougahyakkaten/business-strategy-middle.html,,2,https://www.insource.co.jp/kanrisyoku/keieisennryaku_top.html,/dougahyakkaten/,/dougahyakkaten/business-strategy-middle.html/,31,https://www.insource.co.jp/dougahyakkaten/business-strategy-middle.html,2026-09-03T02:49:11.370587+00:00,
https://www.insource.co.jp/dougahyakkaten/waymanagement.html,理念浸透講座:eラーニング・動画教材での研修もインソース,理念浸透講座,200,text/html; charset=UTF-8,https://www.insource.co.jp/dougahyakkaten/waymanagement.html,,2,https://www.insource.co.jp/kanrisyoku/keieisennryaku_top.html,/dougahyakkaten/,/dougahyakkaten/waymanagement.html/,662,https://www.insource.co.jp/dougahyakkaten/waymanagement.html,2026-09-03T02:49:12.190613+00:00,
https://www.insource.co.jp/dougahyakkaten/anger.html,その怒りのおさえ方:eラーニング・動画教材での研修もインソース,その怒りのおさえ方,200,text/html; charset=UTF-8,https://www.insource.co.jp/dougahyakkaten/anger.html,,2,https://www.insource.co.jp/kanrisyoku/keieisennryaku_top.html,/dougahyakkaten/,/dougahyakkaten/anger.html/,680,https://www.insource.co.jp/dougahyakkaten/anger.html,2026-09-03T02:49:13.642978+00:00,
https://www.insource.co.jp/dougahyakkaten/evaluator.html,人事評価・人事考課講座:eラーニング・動画教材での研修もインソース,人事評価・人事考課講座,200,text/html; charset=UTF-8,https://www.insource.co.jp/dougahyakkaten/evaluator.html,,2,https://www.insource.co.jp/kanrisyoku/keieisennryaku_top.html,/dougahyakkaten/,/dougahyakkaten/evaluator.html/,688,https://www.insource.co.jp/dougahyakkaten/evaluator.html,2026-09-03T02:49:15.114568+00:00,
https://www.insource.co.jp/dougahyakkaten/self-reliance.html,リスク意識向上講座:eラーニング・動画教材での研修もインソース,リスク意識向上講座,200,text/html; charset=UTF-8,https://www.insource.co.jp/dougahyakkaten/self-reliance.html,,2,https://www.insource.co.jp/kanrisyoku/keieisennryaku_top.html,/dougahyakkaten/,/dougahyakkaten/self-reliance.html/,629,https://www.insource.co.jp/dougahyakkaten/self-reliance.html,2026-09-03T02:49:16.596526+00:00,
https://www.insource.co.jp/ihl/250909_management_strategy.html,"良い経営戦略は美しい～経営幹部・部門経営者が描くべき、実効性高く成果を生むマネジメント戦略とは｜社員研修,教育 職員研修 人材育成ならインソース",良い経営戦略は美しい～経営幹部・部門経営者が描くべき、実効性高く成果を生むマネジメント戦略とは,200,text/html; charset=UTF-8,https://www.insource.co.jp/ihl/250909_management_strategy.html,,2,https://www.insource.co.jp/kanrisyoku/keieisennryaku_top.html,/ihl/,/ihl/250909_management_strategy.html/,771,https://www.insource.co.jp/ihl/250909_management_strategy.html,2026-09-03T02:49:18.012136+00:00,
https://www.insource.co.jp/ihl/251106_assessment-hierarchy-test-senior-executive.html,"アセスメント統計からみる上級管理職の「経営視点不足」～財務・マーケティングの強化とアセスメント活用法｜社員研修,教育 職員研修 人材育成ならインソース",アセスメント統計からみる上級管理職の「経営視点不足」～財務・マーケティングの強化とアセスメント活用法,200,text/html; charset=UTF-8,https://www.insource.co.jp/ihl/251106_assessment-hierarchy-test-senior-executive.html,,2,https://www.insource.co.jp/kanrisyoku/keieisennryaku_top.html,/ihl/,/ihl/251106_assessment-hierarchy-test-senior-executive.html/,937,https://www.insource.co.jp/ihl/251106_assessment-hierarchy-test-senior-executive.html,2026-09-03T02:49:19.700343+00:00,
https://www.insource.co.jp/ihl/251127_genba-keiei_bucho.html,"部長が担う戦略的改善リーダーの役割と実践指針～経営課題を現場の成果に変える「因数分解思考」｜社員研修,教育 職員研修 人材育成ならインソース",部長が担う戦略的改善リーダーの役割と実践指針～経営課題を現場の成果に変える「因数分解思考」,200,text/html; charset=UTF-8,https://www.insource.co.jp/ihl/251127_genba-keiei_bucho.html,,2,https://www.insource.co.jp/kanrisyoku/keieisennryaku_top.html,/ihl/,/ihl/251127_genba-keiei_bucho.html/,742,https://www.insource.co.jp/ihl/251127_genba-keiei_bucho.html,2026-09-03T02:49:21.413544+00:00,
https://www.insource.co.jp/ihl/251224_seniormanagement-digital-growthstrategy.html,"デジタル時代の上級管理職は「部門経営者」であれ。未来から逆算し、迷いを確信に変える成長戦略の描き方｜社員研修,教育 職員研修 人材育成ならインソース",デジタル時代の上級管理職は「部門経営者」であれ。未来から逆算し、迷いを確信に変える成長戦略の描き方,200,text/html; charset=UTF-8,https://www.insource.co.jp/ihl/251224_seniormanagement-digital-growthstrategy.html,,2,https://www.insource.co.jp/kanrisyoku/keieisennryaku_top.html,/ihl/,/ihl/251224_seniormanagement-digital-growthstrategy.html/,779,https://www.insource.co.jp/ihl/251224_seniormanagement-digital-growthstrategy.html,2026-09-03T02:49:22.935844+00:00,
https://www.insource.co.jp/ihl/ft_manager-requirements06.html,"経営者の要件～経営者は業績を上げる専門職｜マネージャーの要件６｜社員研修,教育 職員研修 人材育成ならインソース",経営者の要件～経営者は業績を上げる専門職｜マネージャーの要件６,200,text/html; charset=UTF-8,https://www.insource.co.jp/ihl/ft_manager-requirements06.html,,2,https://www.insource.co.jp/kanrisyoku/keieisennryaku_top.html,/ihl/,/ihl/ft_manager-requirements06.html/,714,https://www.insource.co.jp/ihl/ft_manager-requirements06.html,2026-09-03T02:49:24.490974+00:00,
https://www.insource.co.jp/ihl/251117_vision-leadership.html,"経営陣が「ワーク・ライフ・バランス」を重視すると組織が鈍化する理由～リーダーの熱量と密度が組織を動かす｜社員研修,教育 職員研修 人材育成ならインソース",経営陣が「ワーク・ライフ・バランス」を重視すると組織が鈍化する理由～リーダーの熱量と密度が組織を動かす,200,text/html; charset=UTF-8,https://www.insource.co.jp/ihl/251117_vision-leadership.html,,2,https://www.insource.co.jp/kanrisyoku/keieisennryaku_top.html,/ihl/,/ihl/251117_vision-leadership.html/,749,https://www.insource.co.jp/ihl/251117_vision-leadership.html,2026-09-03T02:49:25.981435+00:00,
https://www.insource.co.jp/kanrisyoku/ikuboss1.html,イクボス研修～管理職として出産・育児支援を考える編（１日間）:現場で使える研修ならインソース,イクボス研修～管理職として出産・育児支援を考える編（１日間）,200,text/html; charset=UTF-8,https://www.insource.co.jp/kanrisyoku/ikuboss1.html,,2,https://www.insource.co.jp/kanrisyoku/keieisennryaku_top.html,/kanrisyoku/,/kanrisyoku/ikuboss1.html/,791,https://www.insource.co.jp/kanrisyoku/ikuboss1.html,2026-09-03T02:49:27.507189+00:00,
https://www.insource.co.jp/naibutosei/organization_compliance.html,組織不祥事防止研修～無責任・無知・無思考を排除し「属人風土」から脱却する（１日間）:現場で使える研修ならインソース,組織不祥事防止研修～無責任・無知・無思考を排除し「属人風土」から脱却する（１日間）,200,text/html; charset=UTF-8,https://www.insource.co.jp/naibutosei/organization_compliance.html,,2,https://www.insource.co.jp/kanrisyoku/keieisennryaku_top.html,/naibutosei/,/naibutosei/organization_compliance.html/,1080,https://www.insource.co.jp/naibutosei/organization_compliance.html,2026-09-03T02:49:29.267052+00:00,
https://www.insource.co.jp/keieisennryaku/digital_humancapital.html,デジタル時代の上級管理職研修～デジタル人材活用のための人的資本投資（１日間）:現場で使える研修ならインソース,デジタル時代の上級管理職研修～デジタル人材活用のための人的資本投資（１日間）,200,text/html; charset=UTF-8,https://www.insource.co.jp/keieisennryaku/digital_humancapital.html,,2,https://www.insource.co.jp/kanrisyoku/keieisennryaku_top.html,/keieisennryaku/,/keieisennryaku/digital_humancapital.html/,1264,https://www.insource.co.jp/keieisennryaku/digital_humancapital.html,2026-09-03T02:49:31.200852+00:00,
https://www.insource.co.jp/leadership/passion_adversity.html,【熱意と覚悟のマインドセット】逆境の中でのリーダーシップ研修（１日間）:現場で使える研修ならインソース,【熱意と覚悟のマインドセット】逆境の中でのリーダーシップ研修（１日間）,200,text/html; charset=UTF-8,https://www.insource.co.jp/leadership/passion_adversity.html,,2,https://www.insource.co.jp/kanrisyoku/kanrisyoku_top.html,/leadership/,/leadership/passion_adversity.html/,1100,https://www.insource.co.jp/leadership/passion_adversity.html,2026-09-03T02:49:33.320048+00:00,
https://www.insource.co.jp/kanrisyoku/next-generation-leader-oneday.html,次世代リーダー研修～安定力・思考力・指導力を身につける（１日間）:現場で使える研修ならインソース,次世代リーダー研修～安定力・思考力・指導力を身につける（１日間）,200,text/html; charset=UTF-8,https://www.insource.co.jp/kanrisyoku/next-generation-leader-oneday.html,,2,https://www.insource.co.jp/kanrisyoku/kanrisyoku_top.html,/kanrisyoku/,/kanrisyoku/next-generation-leader-oneday.html/,984,https://www.insource.co.jp/kanrisyoku/next-generation-leader-oneday.html,2026-09-03T02:49:35.410887+00:00,
https://www.insource.co.jp/promotion-training/new_kakaricho_levelup.html,新任係長レベルアップ研修～改善を加速させる実行力（１日間）:現場で使える研修ならインソース,新任係長レベルアップ研修～改善を加速させる実行力（１日間）,200,text/html; charset=UTF-8,https://www.insource.co.jp/promotion-training/new_kakaricho_levelup.html,,2,https://www.insource.co.jp/kanrisyoku/kanrisyoku_top.html,/promotion-training/,/promotion-training/new_kakaricho_levelup.html/,1040,https://www.insource.co.jp/promotion-training/new_kakaricho_levelup.html,2026-09-03T02:49:37.241615+00:00,
https://www.insource.co.jp/judgement/ai_decision.html,ＡＩ時代の決断力研修～求められる「価値判断」と「背負う覚悟」（１日間）:現場で使える研修ならインソース,ＡＩ時代の決断力研修～求められる「価値判断」と「背負う覚悟」（１日間）,200,text/html; charset=UTF-8,https://www.insource.co.jp/judgement/ai_decision.html,,2,https://www.insource.co.jp/kanrisyoku/kanrisyoku_top.html,/judgement/,/judgement/ai_decision.html/,1133,https://www.insource.co.jp/judgement/ai_decision.html,2026-09-03T02:49:39.142736+00:00,
https://www.insource.co.jp/management/digita_execution.html,デジタル時代の初級管理職研修～不確実性の中で柔軟に計画を遂行する（１日間）:現場で使える研修ならインソース,デジタル時代の初級管理職研修～不確実性の中で柔軟に計画を遂行する（１日間）,200,text/html; charset=UTF-8,https://www.insource.co.jp/management/digita_execution.html,,2,https://www.insource.co.jp/kanrisyoku/kanrisyoku_top.html,/management/,/management/digita_execution.html/,850,https://www.insource.co.jp/management/digita_execution.html,2026-09-03T02:49:41.138956+00:00,
https://www.insource.co.jp/kanrisyoku/ka-leadership-beginner.html,リーダーシップ研修～サーバント・リーダーシップで部下の成長を促進する（１日間）:現場で使える研修ならインソース,リーダーシップ研修～サーバント・リーダーシップで部下の成長を促進する（１日間）,200,text/html; charset=UTF-8,https://www.insource.co.jp/kanrisyoku/ka-leadership-beginner.html,,2,https://www.insource.co.jp/kanrisyoku/kanrisyoku_top.html,/kanrisyoku/,/kanrisyoku/ka-leadership-beginner.html/,871,https://www.insource.co.jp/kanrisyoku/ka-leadership-beginner.html,2026-09-03T02:49:42.974881+00:00,
https://www.insource.co.jp/program/leadership.html,リーダーシップ研修～仕事力とコミュニケーション力強化編（１日間）:現場で使える研修ならインソース,リーダーシップ研修～仕事力とコミュニケーション力強化編（１日間）,200,text/html; charset=UTF-8,https://www.insource.co.jp/program/leadership.html,,2,https://www.insource.co.jp/kanrisyoku/kanrisyoku_top.html,/program/,/program/leadership.html/,898,https://www.insource.co.jp/program/leadership.html,2026-09-03T02:49:44.689604+00:00,
https://www.insource.co.jp/gyoumukaizen/ai_leader.html,生成AI推進リーダー育成研修～効果的な業務を選びエージェントを作成する（１日間）:現場で使える研修ならインソース,生成AI推進リーダー育成研修～効果的な業務を選びエージェントを作成する（１日間）,200,text/html; charset=UTF-8,https://www.insource.co.jp/gyoumukaizen/ai_leader.html,,2,https://www.insource.co.jp/kanrisyoku/kanrisyoku_top.html,/gyoumukaizen/,/gyoumukaizen/ai_leader.html/,1473,https://www.insource.co.jp/gyoumukaizen/ai_leader.html,2026-09-03T02:49:46.438650+00:00,
https://www.insource.co.jp/challenging/risk_taking.html,リーダー向けリスクテイキング推進研修～部下の挑戦を促すチームづくり（１日間）:現場で使える研修ならインソース,リーダー向けリスクテイキング推進研修～部下の挑戦を促すチームづくり（１日間）,200,text/html; charset=UTF-8,https://www.insource.co.jp/challenging/risk_taking.html,,2,https://www.insource.co.jp/kanrisyoku/kanrisyoku_top.html,/challenging/,/challenging/risk_taking.html/,2169,https://www.insource.co.jp/challenging/risk_taking.html,2026-09-03T02:49:48.746173+00:00,
https://www.insource.co.jp/kenshu/assertive-com-leader.html,リーダーのためのアサーティブコミュニケーション研修（１日間）:現場で使える研修ならインソース,リーダーのためのアサーティブコミュニケーション研修（１日間）,200,text/html; charset=UTF-8,https://www.insource.co.jp/kenshu/assertive-com-leader.html,,2,https://www.insource.co.jp/kanrisyoku/kanrisyoku_top.html,/kenshu/,/kenshu/assertive-com-leader.html/,717,https://www.insource.co.jp/kenshu/assertive-com-leader.html,2026-09-03T02:49:51.932132+00:00,
https://www.insource.co.jp/hierarchy-solution/digital_middle_management2.html,デジタル時代の中級管理職研修（２日間）:現場で使える研修ならインソース,デジタル時代の中級管理職研修（２日間）,200,text/html; charset=UTF-8,https://www.insource.co.jp/hierarchy-solution/digital_middle_management2.html,,2,https://www.insource.co.jp/kanrisyoku/kanrisyoku_top.html,/hierarchy-solution/,/hierarchy-solution/digital_middle_management2.html/,935,https://www.insource.co.jp/hierarchy-solution/digital_middle_management2.html,2026-09-03T02:49:53.473701+00:00,
https://www.insource.co.jp/hierarchy-solution/digital_management2.html,デジタル時代の初級管理職研修（２日間）:現場で使える研修ならインソース,デジタル時代の初級管理職研修（２日間）,200,text/html; charset=UTF-8,https://www.insource.co.jp/hierarchy-solution/digital_management2.html,,2,https://www.insource.co.jp/kanrisyoku/kanrisyoku_top.html,/hierarchy-solution/,/hierarchy-solution/digital_management2.html/,894,https://www.insource.co.jp/hierarchy-solution/digital_management2.html,2026-09-03T02:49:55.245638+00:00,
https://www.insource.co.jp/kanrisyoku/ka_riskmanagement_sosiki.html,リスクマネジメント研修～リスクに強い組織を作る編（１日間）:現場で使える研修ならインソース,リスクマネジメント研修～リスクに強い組織を作る編（１日間）,200,text/html; charset=UTF-8,https://www.insource.co.jp/kanrisyoku/ka_riskmanagement_sosiki.html,,2,https://www.insource.co.jp/kanrisyoku/kanrisyoku_top.html,/kanrisyoku/,/kanrisyoku/ka_riskmanagement_sosiki.html/,786,https://www.insource.co.jp/kanrisyoku/ka_riskmanagement_sosiki.html,2026-09-03T02:49:57.089456+00:00,
https://www.insource.co.jp/gyoumukaizen/hatarakikatakaikaku.html,業務改善研修～変化に対応し、働き方改革を実現する（１日間）:現場で使える研修ならインソース,業務改善研修～変化に対応し、働き方改革を実現する（１日間）,200,text/html; charset=UTF-8,https://www.insource.co.jp/gyoumukaizen/hatarakikatakaikaku.html,,2,https://www.insource.co.jp/kanrisyoku/kanrisyoku_top.html,/gyoumukaizen/,/gyoumukaizen/hatarakikatakaikaku.html/,730,https://www.insource.co.jp/gyoumukaizen/hatarakikatakaikaku.html,2026-09-03T02:49:58.691952+00:00,
https://www.insource.co.jp/kanrisyoku/ka-bukashido-mendan.html,部下との面談力向上研修（１日間）:現場で使える研修ならインソース,部下との面談力向上研修（１日間）,200,text/html; charset=UTF-8,https://www.insource.co.jp/kanrisyoku/ka-bukashido-mendan.html,,2,https://www.insource.co.jp/kanrisyoku/kanrisyoku_top.html,/kanrisyoku/,/kanrisyoku/ka-bukashido-mendan.html/,788,https://www.insource.co.jp/kanrisyoku/ka-bukashido-mendan.html,2026-09-03T02:50:00.241648+00:00,
https://www.insource.co.jp/kanrisyoku/budgetary_control.html,管理職研修～予算管理強化編（１日間）:現場で使える研修ならインソース,管理職研修～予算管理強化編（１日間）,200,text/html; charset=UTF-8,https://www.insource.co.jp/kanrisyoku/budgetary_control.html,,2,https://www.insource.co.jp/kanrisyoku/kanrisyoku_top.html,/kanrisyoku/,/kanrisyoku/budgetary_control.html/,729,https://www.insource.co.jp/kanrisyoku/budgetary_control.html,2026-09-03T02:50:01.867686+00:00,
https://www.insource.co.jp/harassment/kanrisyoku-perpetrator.html,（管理職向け）ハラスメント防止研修～組織内で加害者をつくらないために（半日間）:現場で使える研修ならインソース,（管理職向け）ハラスメント防止研修～組織内で加害者をつくらないために（半日間）,200,text/html; charset=UTF-8,https://www.insource.co.jp/harassment/kanrisyoku-perpetrator.html,,2,https://www.insource.co.jp/kanrisyoku/kanrisyoku_top.html,/harassment/,/harassment/kanrisyoku-perpetrator.html/,819,https://www.insource.co.jp/harassment/kanrisyoku-perpetrator.html,2026-09-03T02:50:03.507992+00:00,
https://www.insource.co.jp/communication/practical_adjustment.html,リーダーのためのコミュニケーション実践研修～組織展開・調整編（１日間）:現場で使える研修ならインソース,リーダーのためのコミュニケーション実践研修～組織展開・調整編（１日間）,200,text/html; charset=UTF-8,https://www.insource.co.jp/communication/practical_adjustment.html,,2,https://www.insource.co.jp/kanrisyoku/kanrisyoku_top.html,/communication/,/communication/practical_adjustment.html/,1185,https://www.insource.co.jp/communication/practical_adjustment.html,2026-09-03T02:50:05.164334+00:00,
https://www.insource.co.jp/kanrisyoku/management-romu.html,労務管理研修～「使用者」としての立場を踏まえ、成果とルールを両立させる（１日間）:現場で使える研修ならインソース,労務管理研修～「使用者」としての立場を踏まえ、成果とルールを両立させる（１日間）,200,text/html; charset=UTF-8,https://www.insource.co.jp/kanrisyoku/management-romu.html,,2,https://www.insource.co.jp/kanrisyoku/kanrisyoku_top.html,/kanrisyoku/,/kanrisyoku/management-romu.html/,954,https://www.insource.co.jp/kanrisyoku/management-romu.html,2026-09-03T02:50:07.209965+00:00,
https://www.insource.co.jp/promotion-training/new_jicho_2day.html,新任次長研修～全体最適の調和力（２日間）:現場で使える研修ならインソース,新任次長研修～全体最適の調和力（２日間）,200,text/html; charset=UTF-8,https://www.insource.co.jp/promotion-training/new_jicho_2day.html,,2,https://www.insource.co.jp/kanrisyoku/kanrisyoku_top.html,/promotion-training/,/promotion-training/new_jicho_2day.html/,1400,https://www.insource.co.jp/promotion-training/new_jicho_2day.html,2026-09-03T02:50:09.013204+00:00,
https://www.insource.co.jp/playing_manager/time_management.html,プレイングマネージャー研修～時間の使い方を見直し、走りながら成果を出す（１日間）:現場で使える研修ならインソース,プレイングマネージャー研修～時間の使い方を見直し、走りながら成果を出す（１日間）,200,text/html; charset=UTF-8,https://www.insource.co.jp/playing_manager/time_management.html,,2,https://www.insource.co.jp/kanrisyoku/kanrisyoku_top.html,/playing_manager/,/playing_manager/time_management.html/,1103,https://www.insource.co.jp/playing_manager/time_management.html,2026-09-03T02:50:11.380727+00:00,
https://www.insource.co.jp/management/delegation_authority.html,任せて育てる権限委譲研修～業務配分の最適化と後継者育成（１日間）:現場で使える研修ならインソース,任せて育てる権限委譲研修～業務配分の最適化と後継者育成（１日間）,200,text/html; charset=UTF-8,https://www.insource.co.jp/management/delegation_authority.html,,2,https://www.insource.co.jp/kanrisyoku/kanrisyoku_top.html,/management/,/management/delegation_authority.html/,1068,https://www.insource.co.jp/management/delegation_authority.html,2026-09-03T02:50:14.307346+00:00,
https://www.insource.co.jp/leadership/innovation_resources.html,イノベーション人材育成ワークショップ～周囲の心を動かし変革を推進する（１日間）:現場で使える研修ならインソース,イノベーション人材育成ワークショップ～周囲の心を動かし変革を推進する（１日間）,200,text/html; charset=UTF-8,https://www.insource.co.jp/leadership/innovation_resources.html,,2,https://www.insource.co.jp/kanrisyoku/kanrisyoku_top.html,/leadership/,/leadership/innovation_resources.html/,1118,https://www.insource.co.jp/leadership/innovation_resources.html,2026-09-03T02:50:16.321205+00:00,
https://www.insource.co.jp/kanrisyoku/refining_character.html,リーダーの器を磨く研修～大きな使命のために、人が活躍できる場を開く（２日間）:現場で使える研修ならインソース,リーダーの器を磨く研修～大きな使命のために、人が活躍できる場を開く（２日間）,200,text/html; charset=UTF-8,https://www.insource.co.jp/kanrisyoku/refining_character.html,,2,https://www.insource.co.jp/kanrisyoku/kanrisyoku_top.html,/kanrisyoku/,/kanrisyoku/refining_character.html/,1078,https://www.insource.co.jp/kanrisyoku/refining_character.html,2026-09-03T02:50:18.299302+00:00,
https://www.insource.co.jp/kanrisyoku/management_review.html,フィードバックと対話で進める管理職のための職場環境改善研修（３日間）:現場で使える研修ならインソース,フィードバックと対話で進める管理職のための職場環境改善研修（３日間）,200,text/html; charset=UTF-8,https://www.insource.co.jp/kanrisyoku/management_review.html,,2,https://www.insource.co.jp/kanrisyoku/kanrisyoku_top.html,/kanrisyoku/,/kanrisyoku/management_review.html/,1087,https://www.insource.co.jp/kanrisyoku/management_review.html,2026-09-03T02:50:20.244611+00:00,
https://www.insource.co.jp/kanrisyoku/check_ai.html,管理職のためのチェックAI作成研修（１日間）:現場で使える研修ならインソース,管理職のためのチェックAI作成研修（１日間）,200,text/html; charset=UTF-8,https://www.insource.co.jp/kanrisyoku/check_ai.html,,2,https://www.insource.co.jp/kanrisyoku/kanrisyoku_top.html,/kanrisyoku/,/kanrisyoku/check_ai.html/,1405,https://www.insource.co.jp/kanrisyoku/check_ai.html,2026-09-03T02:50:22.200335+00:00,
https://www.insource.co.jp/kanrisyoku/sl_theory.html,シチュエーショナル・リーダーシップ研修（１日間）:現場で使える研修ならインソース,シチュエーショナル・リーダーシップ研修（１日間）,200,text/html; charset=UTF-8,https://www.insource.co.jp/kanrisyoku/sl_theory.html,,2,https://www.insource.co.jp/kanrisyoku/kanrisyoku_top.html,/kanrisyoku/,/kanrisyoku/sl_theory.html/,1087,https://www.insource.co.jp/kanrisyoku/sl_theory.html,2026-09-03T02:50:24.581430+00:00,
https://www.insource.co.jp/next-generation/passion_realization.html,【熱意と覚悟のマインドセット】 自身の熱い想いをプロジェクトで実現する研修（１日間）:現場で使える研修ならインソース,【熱意と覚悟のマインドセット】 自身の熱い想いをプロジェクトで実現する研修（１日間）,200,text/html; charset=UTF-8,https://www.insource.co.jp/next-generation/passion_realization.html,,2,https://www.insource.co.jp/kanrisyoku/kanrisyoku_top.html,/next-generation/,/next-generation/passion_realization.html/,1144,https://www.insource.co.jp/next-generation/passion_realization.html,2026-09-03T02:50:26.529801+00:00,
https://www.insource.co.jp/worksession/mtp.html,中期経営計画策定ワークセッション（３日間）:現場で使える研修ならインソース,中期経営計画策定ワークセッション（３日間）,200,text/html; charset=UTF-8,https://www.insource.co.jp/worksession/mtp.html,,2,https://www.insource.co.jp/kanrisyoku/kanrisyoku_top.html,/worksession/,/worksession/mtp.html/,1449,https://www.insource.co.jp/worksession/mtp.html,2026-09-03T02:50:28.538299+00:00,
https://www.insource.co.jp/bup/new-chief-clerk.html,【研修セミナー公開講座】新任係長研修～現場運営の実行力- 株式会社インソース,新任係長研修～現場運営の実行力,200,text/html; charset=UTF-8,https://www.insource.co.jp/bup/new-chief-clerk.html,,2,https://www.insource.co.jp/kanrisyoku/kanrisyoku_top.html,/bup/,/bup/new-chief-clerk.html/,1984,https://www.insource.co.jp/bup/new-chief-clerk.html,2026-09-03T02:50:30.957293+00:00,
https://www.insource.co.jp/bup/bup_playing-manager-management.html,【研修セミナー公開講座】プレイングマネージャー研修～時間の使い方を見直し、走りながら成果を出す- 株式会社インソース,プレイングマネージャー研修～時間の使い方を見直し、走りながら成果を出す,200,text/html; charset=UTF-8,https://www.insource.co.jp/bup/bup_playing-manager-management.html,,2,https://www.insource.co.jp/kanrisyoku/kanrisyoku_top.html,/bup/,/bup/bup_playing-manager-management.html/,1925,https://www.insource.co.jp/bup/bup_playing-manager-management.html,2026-09-03T02:50:33.845845+00:00,
https://www.insource.co.jp/bup/bup_next_manager.html,【研修セミナー公開講座】次期管理職向け研修～プレイヤーとの違いを理解し、その日に向けて準備する- 株式会社インソース,次期管理職向け研修～プレイヤーとの違いを理解し、その日に向けて準備する,200,text/html; charset=UTF-8,https://www.insource.co.jp/bup/bup_next_manager.html,,2,https://www.insource.co.jp/kanrisyoku/kanrisyoku_top.html,/bup/,/bup/bup_next_manager.html/,1832,https://www.insource.co.jp/bup/bup_next_manager.html,2026-09-03T02:50:36.787526+00:00,
https://www.insource.co.jp/bup/bup_leadership-influence.html,【研修セミナー公開講座】リーダーのための影響力発揮研修- 株式会社インソース,リーダーのための影響力発揮研修,200,text/html; charset=UTF-8,https://www.insource.co.jp/bup/bup_leadership-influence.html,,2,https://www.insource.co.jp/kanrisyoku/kanrisyoku_top.html,/bup/,/bup/bup_leadership-influence.html/,1949,https://www.insource.co.jp/bup/bup_leadership-influence.html,2026-09-03T02:50:39.524774+00:00,
https://www.insource.co.jp/bup/bup_ojt-5steps.html,【研修セミナー公開講座】５ステップＯＪＴ研修～準備・訓練・伴走による部下育成- 株式会社インソース,５ステップＯＪＴ研修～準備・訓練・伴走による部下育成,200,text/html; charset=UTF-8,https://www.insource.co.jp/bup/bup_ojt-5steps.html,,2,https://www.insource.co.jp/kanrisyoku/kanrisyoku_top.html,/bup/,/bup/bup_ojt-5steps.html/,1674,https://www.insource.co.jp/bup/bup_ojt-5steps.html,2026-09-03T02:50:42.380659+00:00,
https://www.insource.co.jp/bup/bup_leadercom.html,【研修セミナー公開講座】リーダーコミュニケーション研修～部下・後輩を動かし、成果へつなげる- 株式会社インソース,リーダーコミュニケーション研修～部下・後輩を動かし、成果へつなげる,200,text/html; charset=UTF-8,https://www.insource.co.jp/bup/bup_leadercom.html,,2,https://www.insource.co.jp/kanrisyoku/kanrisyoku_top.html,/bup/,/bup/bup_leadercom.html/,1971,https://www.insource.co.jp/bup/bup_leadercom.html,2026-09-03T02:50:45.035637+00:00,
https://www.insource.co.jp/bup/bup_manager-feedback.html,【研修セミナー公開講座】管理職向けフィードバック向上研修～インシビリティに注意し、効果的なフィードバックを行う- 株式会社インソース,管理職向けフィードバック向上研修～インシビリティに注意し、効果的なフィードバックを行う,200,text/html; charset=UTF-8,https://www.insource.co.jp/bup/bup_manager-feedback.html,,2,https://www.insource.co.jp/kanrisyoku/kanrisyoku_top.html,/bup/,/bup/bup_manager-feedback.html/,1882,https://www.insource.co.jp/bup/bup_manager-feedback.html,2026-09-03T02:50:47.931417+00:00,
https://www.insource.co.jp/bup/bup_leader-process-improvement.html,【研修セミナー公開講座】【現場と経営をつなぐシリーズ】リーダー向け業務改善研修～思い込みを排した手法を学ぶ- 株式会社インソース,【現場と経営をつなぐシリーズ】リーダー向け業務改善研修～思い込みを排した手法を学ぶ,200,text/html; charset=UTF-8,https://www.insource.co.jp/bup/bup_leader-process-improvement.html,,2,https://www.insource.co.jp/kanrisyoku/kanrisyoku_top.html,/bup/,/bup/bup_leader-process-improvement.html/,1724,https://www.insource.co.jp/bup/bup_leader-process-improvement.html,2026-09-03T02:50:50.826652+00:00,
https://www.insource.co.jp/bup/bup-resilience-leader.html,【研修セミナー公開講座】リーダーのためのレジリエンス研修～自分・部下・チームのレジリエンスを高める- 株式会社インソース,リーダーのためのレジリエンス研修～自分・部下・チームのレジリエンスを高める,200,text/html; charset=UTF-8,https://www.insource.co.jp/bup/bup-resilience-leader.html,,2,https://www.insource.co.jp/kanrisyoku/kanrisyoku_top.html,/bup/,/bup/bup-resilience-leader.html/,2347,https://www.insource.co.jp/bup/bup-resilience-leader.html,2026-09-03T02:50:53.439685+00:00,
https://www.insource.co.jp/bup/new-section-chief.html,【研修セミナー公開講座】新任課長研修～管理職に求められるマネジメント・采配力（２日間）- 株式会社インソース,新任課長研修～管理職に求められるマネジメント・采配力（２日間）,200,text/html; charset=UTF-8,https://www.insource.co.jp/bup/new-section-chief.html,,2,https://www.insource.co.jp/kanrisyoku/kanrisyoku_top.html,/bup/,/bup/new-section-chief.html/,1856,https://www.insource.co.jp/bup/new-section-chief.html,2026-09-03T02:50:56.886518+00:00,
https://www.insource.co.jp/bup/bup_ai-decision-making.html,【研修セミナー公開講座】ＡＩ時代の決断力研修～求められる「価値判断」と「背負う覚悟」- 株式会社インソース,ＡＩ時代の決断力研修～求められる「価値判断」と「背負う覚悟」,200,text/html; charset=UTF-8,https://www.insource.co.jp/bup/bup_ai-decision-making.html,,2,https://www.insource.co.jp/kanrisyoku/kanrisyoku_top.html,/bup/,/bup/bup_ai-decision-making.html/,1887,https://www.insource.co.jp/bup/bup_ai-decision-making.html,2026-09-03T02:50:59.648130+00:00,
https://www.insource.co.jp/bup/bup_kanrishoku4.html,【研修セミナー公開講座】交渉力向上研修～ネゴシエーションスキルを上達させる- 株式会社インソース,交渉力向上研修～ネゴシエーションスキルを上達させる,200,text/html; charset=UTF-8,https://www.insource.co.jp/bup/bup_kanrishoku4.html,,2,https://www.insource.co.jp/kanrisyoku/kanrisyoku_top.html,/bup/,/bup/bup_kanrishoku4.html/,1921,https://www.insource.co.jp/bup/bup_kanrishoku4.html,2026-09-03T02:51:02.516409+00:00,
https://www.insource.co.jp/bup/leader_integrity.html,【研修セミナー公開講座】（半日研修）（リーダー向け）インテグリティを考える研修～正しく行動するための判断軸をつくる- 株式会社インソース,（半日研修）（リーダー向け）インテグリティを考える研修～正しく行動するための判断軸をつくる,200,text/html; charset=UTF-8,https://www.insource.co.jp/bup/leader_integrity.html,,2,https://www.insource.co.jp/kanrisyoku/kanrisyoku_top.html,/bup/,/bup/leader_integrity.html/,2044,https://www.insource.co.jp/bup/leader_integrity.html,2026-09-03T02:51:05.512535+00:00,
https://www.insource.co.jp/bup/bup_soshiki_time.html,【研修セミナー公開講座】組織のタイムマネジメント研修～管理職の立場から組織の効率化を目指す- 株式会社インソース,組織のタイムマネジメント研修～管理職の立場から組織の効率化を目指す,200,text/html; charset=UTF-8,https://www.insource.co.jp/bup/bup_soshiki_time.html,,2,https://www.insource.co.jp/kanrisyoku/kanrisyoku_top.html,/bup/,/bup/bup_soshiki_time.html/,2384,https://www.insource.co.jp/bup/bup_soshiki_time.html,2026-09-03T02:51:08.468164+00:00,
https://www.insource.co.jp/dougahyakkaten/leader.html,リーダー研修講座:eラーニング・動画教材での研修もインソース,リーダー研修講座,200,text/html; charset=UTF-8,https://www.insource.co.jp/dougahyakkaten/leader.html,,2,https://www.insource.co.jp/kanrisyoku/kanrisyoku_top.html,/dougahyakkaten/,/dougahyakkaten/leader.html/,686,https://www.insource.co.jp/dougahyakkaten/leader.html,2026-09-03T02:51:11.886307+00:00,
https://www.insource.co.jp/dougahyakkaten/shusa-leading-team.html,（官公庁・自治体向け）主査・係長級研修～チームを率いて成果を最大化する（冊子教材・テスト付き）:eラーニング・動画教材での研修もインソース,（官公庁・自治体向け）主査・係長級研修～チームを率いて成果を最大化する（冊子教材・テスト付き）,200,text/html; charset=UTF-8,https://www.insource.co.jp/dougahyakkaten/shusa-leading-team.html,,2,https://www.insource.co.jp/kanrisyoku/kanrisyoku_top.html,/dougahyakkaten/,/dougahyakkaten/shusa-leading-team.html/,639,https://www.insource.co.jp/dougahyakkaten/shusa-leading-team.html,2026-09-03T02:51:13.363166+00:00,
https://www.insource.co.jp/dougahyakkaten/shusa-kakaricho-management.html,（官公庁・自治体向け）主査・係長級研修～基本的マネジメントスキルを理解する（冊子教材・テスト付き）:eラーニング・動画教材での研修もインソース,（官公庁・自治体向け）主査・係長級研修～基本的マネジメントスキルを理解する（冊子教材・テスト付き）,200,text/html; charset=UTF-8,https://www.insource.co.jp/dougahyakkaten/shusa-kakaricho-management.html,,2,https://www.insource.co.jp/kanrisyoku/kanrisyoku_top.html,/dougahyakkaten/,/dougahyakkaten/shusa-kakaricho-management.html/,692,https://www.insource.co.jp/dougahyakkaten/shusa-kakaricho-management.html,2026-09-03T02:51:14.793433+00:00,
https://www.insource.co.jp/dougahyakkaten/leader_metacognition.html,リーダーのためのメタ認知能力向上講座（スライド付き）:eラーニング・動画教材での研修もインソース,リーダーのためのメタ認知能力向上講座（スライド付き）,200,text/html; charset=UTF-8,https://www.insource.co.jp/dougahyakkaten/leader_metacognition.html,,2,https://www.insource.co.jp/kanrisyoku/kanrisyoku_top.html,/dougahyakkaten/,/dougahyakkaten/leader_metacognition.html/,691,https://www.insource.co.jp/dougahyakkaten/leader_metacognition.html,2026-09-03T02:51:16.276955+00:00,
https://www.insource.co.jp/dougahyakkaten/manager_promotion.html,次期管理職向け講座～プレイヤーとの違いを理解し、その日に向けて準備する:eラーニング・動画教材での研修もインソース,次期管理職向け講座～プレイヤーとの違いを理解し、その日に向けて準備する,200,text/html; charset=UTF-8,https://www.insource.co.jp/dougahyakkaten/manager_promotion.html,,2,https://www.insource.co.jp/kanrisyoku/kanrisyoku_top.html,/dougahyakkaten/,/dougahyakkaten/manager_promotion.html/,677,https://www.insource.co.jp/dougahyakkaten/manager_promotion.html,2026-09-03T02:51:17.758395+00:00,
https://www.insource.co.jp/dougahyakkaten/leader-problem-solving.html,リーダーとしての問題解決力向上講座～経営的視点と仮説思考で問題解決力を高める（スライド付き）:eラーニング・動画教材での研修もインソース,リーダーとしての問題解決力向上講座～経営的視点と仮説思考で問題解決力を高める（スライド付き）,200,text/html; charset=UTF-8,https://www.insource.co.jp/dougahyakkaten/leader-problem-solving.html,,2,https://www.insource.co.jp/kanrisyoku/kanrisyoku_top.html,/dougahyakkaten/,/dougahyakkaten/leader-problem-solving.html/,644,https://www.insource.co.jp/dougahyakkaten/leader-problem-solving.html,2026-09-03T02:51:19.225150+00:00,
https://www.insource.co.jp/dougahyakkaten/inclusive-leadership.html,インクルーシブ・リーダーシップ～多様なチームを機能させるリーダーからの働きかけ:eラーニング・動画教材での研修もインソース,インクルーシブ・リーダーシップ～多様なチームを機能させるリーダーからの働きかけ,200,text/html; charset=UTF-8,https://www.insource.co.jp/dougahyakkaten/inclusive-leadership.html,,2,https://www.insource.co.jp/kanrisyoku/kanrisyoku_top.html,/dougahyakkaten/,/dougahyakkaten/inclusive-leadership.html/,661,https://www.insource.co.jp/dougahyakkaten/inclusive-leadership.html,2026-09-03T02:51:20.765822+00:00,
https://www.insource.co.jp/dougahyakkaten/skills-to_rely_on.html,「頼る力」養成講座～ひとりで仕事を抱え込まない、助け合える職場づくり:eラーニング・動画教材での研修もインソース,「頼る力」養成講座～ひとりで仕事を抱え込まない、助け合える職場づくり,200,text/html; charset=UTF-8,https://www.insource.co.jp/dougahyakkaten/skills-to_rely_on.html,,2,https://www.insource.co.jp/kanrisyoku/kanrisyoku_top.html,/dougahyakkaten/,/dougahyakkaten/skills-to_rely_on.html/,636,https://www.insource.co.jp/dougahyakkaten/skills-to_rely_on.html,2026-09-03T02:51:22.218811+00:00,
https://www.insource.co.jp/dougahyakkaten/work_improvement_sec.html,短時間で学ぶ業務改善:eラーニング・動画教材での研修もインソース,短時間で学ぶ業務改善,200,text/html; charset=UTF-8,https://www.insource.co.jp/dougahyakkaten/work_improvement_sec.html,,2,https://www.insource.co.jp/kanrisyoku/kanrisyoku_top.html,/dougahyakkaten/,/dougahyakkaten/work_improvement_sec.html/,635,https://www.insource.co.jp/dougahyakkaten/work_improvement_sec.html,2026-09-03T02:51:23.644724+00:00,
https://www.insource.co.jp/dougahyakkaten/crisis-management.html,クライシスマネジメント講座～管理職としてリスク感度を高め、組織の危機対応力を強化する（スライド付き）:eラーニング・動画教材での研修もインソース,クライシスマネジメント講座～管理職としてリスク感度を高め、組織の危機対応力を強化する（スライド付き）,200,text/html; charset=UTF-8,https://www.insource.co.jp/dougahyakkaten/crisis-management.html,,2,https://www.insource.co.jp/kanrisyoku/kanrisyoku_top.html,/dougahyakkaten/,/dougahyakkaten/crisis-management.html/,677,https://www.insource.co.jp/dougahyakkaten/crisis-management.html,2026-09-03T02:51:25.071841+00:00,
https://www.insource.co.jp/dougahyakkaten/erm_ai.html,【リスク管理シリーズ】AIリスク講座～生成AI導入のリスクを理解（テスト付き）:eラーニング・動画教材での研修もインソース,【リスク管理シリーズ】AIリスク講座～生成AI導入のリスクを理解（テスト付き）,200,text/html; charset=UTF-8,https://www.insource.co.jp/dougahyakkaten/erm_ai.html,,2,https://www.insource.co.jp/kanrisyoku/kanrisyoku_top.html,/dougahyakkaten/,/dougahyakkaten/erm_ai.html/,683,https://www.insource.co.jp/dougahyakkaten/erm_ai.html,2026-09-03T02:51:26.538123+00:00,
https://www.insource.co.jp/dougahyakkaten/kaihyouka_tsutaekata_kouza.html,下位評価の伝え方講座～評価者として伝えるべきことを伝え、部下との信頼関係を築く編:eラーニング・動画教材での研修もインソース,下位評価の伝え方講座～評価者として伝えるべきことを伝え、部下との信頼関係を築く編,200,text/html; charset=UTF-8,https://www.insource.co.jp/dougahyakkaten/kaihyouka_tsutaekata_kouza.html,,2,https://www.insource.co.jp/kanrisyoku/kanrisyoku_top.html,/dougahyakkaten/,/dougahyakkaten/kaihyouka_tsutaekata_kouza.html/,683,https://www.insource.co.jp/dougahyakkaten/kaihyouka_tsutaekata_kouza.html,2026-09-03T02:51:28.126406+00:00,
https://www.insource.co.jp/dougahyakkaten/manager_wording_harassment.html,現代管理職のモノの言い方講座～ハラスメントリスクを低減する:eラーニング・動画教材での研修もインソース,現代管理職のモノの言い方講座～ハラスメントリスクを低減する,200,text/html; charset=UTF-8,https://www.insource.co.jp/dougahyakkaten/manager_wording_harassment.html,,2,https://www.insource.co.jp/kanrisyoku/kanrisyoku_top.html,/dougahyakkaten/,/dougahyakkaten/manager_wording_harassment.html/,636,https://www.insource.co.jp/dougahyakkaten/manager_wording_harassment.html,2026-09-03T02:51:29.600807+00:00,
https://www.insource.co.jp/dougahyakkaten/ai_ikarimanagement.html,怒りのマネジメント講座～怒りと上手に付き合い、適切に部下を指導する:eラーニング・動画教材での研修もインソース,怒りのマネジメント講座～怒りと上手に付き合い、適切に部下を指導する,200,text/html; charset=UTF-8,https://www.insource.co.jp/dougahyakkaten/ai_ikarimanagement.html,,2,https://www.insource.co.jp/kanrisyoku/kanrisyoku_top.html,/dougahyakkaten/,/dougahyakkaten/ai_ikarimanagement.html/,678,https://www.insource.co.jp/dougahyakkaten/ai_ikarimanagement.html,2026-09-03T02:51:31.030434+00:00,
https://www.insource.co.jp/dougahyakkaten/bengoshi_fuseikaikei.html,【弁護士監修・ドラマで学ぶシリーズ】管理職と不正会計（テスト付き）:eラーニング・動画教材での研修もインソース,【弁護士監修・ドラマで学ぶシリーズ】管理職と不正会計（テスト付き）,200,text/html; charset=UTF-8,https://www.insource.co.jp/dougahyakkaten/bengoshi_fuseikaikei.html,,2,https://www.insource.co.jp/kanrisyoku/kanrisyoku_top.html,/dougahyakkaten/,/dougahyakkaten/bengoshi_fuseikaikei.html/,677,https://www.insource.co.jp/dougahyakkaten/bengoshi_fuseikaikei.html,2026-09-03T02:51:32.502496+00:00,
https://www.insource.co.jp/dougahyakkaten/stress_management.html,リーダーのためのストレスマネジメント研修～ストレスをうまく活用して自分も職場も元気にする（冊子教材・テスト付き）:eラーニング・動画教材での研修もインソース,リーダーのためのストレスマネジメント研修～ストレスをうまく活用して自分も職場も元気にする（冊子教材・テスト付き）,200,text/html; charset=UTF-8,https://www.insource.co.jp/dougahyakkaten/stress_management.html,,2,https://www.insource.co.jp/kanrisyoku/kanrisyoku_top.html,/dougahyakkaten/,/dougahyakkaten/stress_management.html/,634,https://www.insource.co.jp/dougahyakkaten/stress_management.html,2026-09-03T02:51:33.965572+00:00,
https://www.insource.co.jp/dougahyakkaten/teambuilding_maketeam.html,チームビルディング講座～主体的な行動が生まれる組織づくり（スライド付き）:eラーニング・動画教材での研修もインソース,チームビルディング講座～主体的な行動が生まれる組織づくり（スライド付き）,200,text/html; charset=UTF-8,https://www.insource.co.jp/dougahyakkaten/teambuilding_maketeam.html,,2,https://www.insource.co.jp/kanrisyoku/kanrisyoku_top.html,/dougahyakkaten/,/dougahyakkaten/teambuilding_maketeam.html/,686,https://www.insource.co.jp/dougahyakkaten/teambuilding_maketeam.html,2026-09-03T02:51:35.387769+00:00,
https://www.insource.co.jp/dougahyakkaten/management-in-diversity-era.html,ダイバーシティ時代のマネジメント講座～新しい時代の、チームの成果の出し方:eラーニング・動画教材での研修もインソース,ダイバーシティ時代のマネジメント講座～新しい時代の、チームの成果の出し方,200,text/html; charset=UTF-8,https://www.insource.co.jp/dougahyakkaten/management-in-diversity-era.html,,2,https://www.insource.co.jp/kanrisyoku/kanrisyoku_top.html,/dougahyakkaten/,/dougahyakkaten/management-in-diversity-era.html/,722,https://www.insource.co.jp/dougahyakkaten/management-in-diversity-era.html,2026-09-03T02:51:37.000577+00:00,
https://www.insource.co.jp/contents/column_shyness_leadership.html,"内気なあなただからこそとれるリーダーシップとは？ - 社員研修,教育 職員研修 人材育成ならインソース",内気なあなただからこそとれるリーダーシップとは？,200,text/html; charset=UTF-8,https://www.insource.co.jp/contents/column_shyness_leadership.html,,2,https://www.insource.co.jp/kanrisyoku/kanrisyoku_top.html,/contents/,/contents/column_shyness_leadership.html/,846,https://www.insource.co.jp/contents/column_shyness_leadership.html,2026-09-03T02:51:38.515380+00:00,
https://www.insource.co.jp/ihl/ft_manager-requirements02.html,"係長の要件～部下指導・業務改善・リスク管理｜マネージャーの要件２｜社員研修,教育 職員研修 人材育成ならインソース",係長の要件～部下指導・業務改善・リスク管理｜マネージャーの要件２,200,text/html; charset=UTF-8,https://www.insource.co.jp/ihl/ft_manager-requirements02.html,,2,https://www.insource.co.jp/kanrisyoku/kanrisyoku_top.html,/ihl/,/ihl/ft_manager-requirements02.html/,942,https://www.insource.co.jp/ihl/ft_manager-requirements02.html,2026-09-03T02:51:40.157202+00:00,
https://www.insource.co.jp/ihl/ft_manager-methodology01.html,"Ｏ（おまえ）Ｊ（ジャマだ）Ｔ（立ってろ）はダメ～心理的安全性に配慮した部下指導｜マネージャーの方法論１｜社員研修,教育 職員研修 人材育成ならインソース",Ｏ（おまえ）Ｊ（ジャマだ）Ｔ（立ってろ）はダメ～心理的安全性に配慮した部下指導｜マネージャーの方法論１,200,text/html; charset=UTF-8,https://www.insource.co.jp/ihl/ft_manager-methodology01.html,,2,https://www.insource.co.jp/kanrisyoku/kanrisyoku_top.html,/ihl/,/ihl/ft_manager-methodology01.html/,837,https://www.insource.co.jp/ihl/ft_manager-methodology01.html,2026-09-03T02:51:41.876520+00:00,
https://www.insource.co.jp/ihl/251027_iw-leadership.html,"リーダーの原点地図～岩崎四代と三綱領から読み解く成長の道｜社員研修,教育 職員研修 人材育成ならインソース",リーダーの原点地図～岩崎四代と三綱領から読み解く成長の道,200,text/html; charset=UTF-8,https://www.insource.co.jp/ihl/251027_iw-leadership.html,,2,https://www.insource.co.jp/kanrisyoku/kanrisyoku_top.html,/ihl/,/ihl/251027_iw-leadership.html/,754,https://www.insource.co.jp/ihl/251027_iw-leadership.html,2026-09-03T02:51:43.488969+00:00,
https://www.insource.co.jp/ihl/250526_eikyouryoku.html,"リーダーになる前に知っておきたい３つの困る場面と対応法｜社員研修,教育 職員研修 人材育成ならインソース",リーダーになる前に知っておきたい３つの困る場面と対応法,200,text/html; charset=UTF-8,https://www.insource.co.jp/ihl/250526_eikyouryoku.html,,2,https://www.insource.co.jp/kanrisyoku/kanrisyoku_top.html,/ihl/,/ihl/250526_eikyouryoku.html/,962,https://www.insource.co.jp/ihl/250526_eikyouryoku.html,2026-09-03T02:51:45.018282+00:00,
https://www.insource.co.jp/gam-batte/mgr/article/mgr-23.html,"「仕事を任せる」と「仕事を丸投げする」の違い｜Gambatte｜ガンバッテ｜社員研修,教育 職員研修 人材育成ならインソース",「仕事を任せる」と「仕事を丸投げする」の違い,200,text/html; charset=UTF-8,https://www.insource.co.jp/gam-batte/mgr/article/mgr-23.html,,2,https://www.insource.co.jp/kanrisyoku/kanrisyoku_top.html,/gam-batte/,/gam-batte/mgr/,791,https://www.insource.co.jp/gam-batte/mgr/article/mgr-23.html,2026-09-03T02:51:46.756778+00:00,
https://www.insource.co.jp/gam-batte/mgr/article/mb_mgr-10.html,"悪い情報があがってこないのはリーダーの責任～｢風通しの良い組織｣作りに向けて｜Gambatte｜ガンバッテ｜社員研修,教育 職員研修 人材育成ならインソース",悪い情報があがってこないのはリーダーの責任～｢風通しの良い組織｣作りに向けて,200,text/html; charset=UTF-8,https://www.insource.co.jp/gam-batte/mgr/article/mb_mgr-10.html,,2,https://www.insource.co.jp/kanrisyoku/kanrisyoku_top.html,/gam-batte/,/gam-batte/mgr/,658,https://www.insource.co.jp/gam-batte/mgr/article/mb_mgr-10.html,2026-09-03T02:51:48.425988+00:00,
https://www.insource.co.jp/ihl/250227_relapse_prevention.html,"繰り返される不祥事。管理職に求められる根本からの解決｜社員研修,教育 職員研修 人材育成ならインソース",繰り返される不祥事。管理職に求められる根本からの解決,200,text/html; charset=UTF-8,https://www.insource.co.jp/ihl/250227_relapse_prevention.html,,2,https://www.insource.co.jp/kanrisyoku/kanrisyoku_top.html,/ihl/,/ihl/250227_relapse_prevention.html/,877,https://www.insource.co.jp/ihl/250227_relapse_prevention.html,2026-09-03T02:51:49.829085+00:00,
https://www.insource.co.jp/hatara-column/article-no64616.html,対象者のレベルで使い分け！ティーチングとコーチング～社会人１５年目のつぶやき｜はたらコラム,,200,text/html; charset=UTF-8,https://www.insource.co.jp/hatara-column/article-no64616.html,,2,https://www.insource.co.jp/kanrisyoku/kanrisyoku_top.html,/hatara-column/,/hatara-column/article-no64616.html/,747,https://www.insource.co.jp/hatara-column/article-no64616.html,2026-09-03T02:51:51.479766+00:00,
https://www.insource.co.jp/edusolution/thirtycont_5.html,部下を早期戦力化するコツ:研修会社インソース,部下を早期戦力化するコツ,200,text/html; charset=UTF-8,https://www.insource.co.jp/edusolution/thirtycont_5.html,,2,https://www.insource.co.jp/kanrisyoku/kanrisyoku_top.html,/edusolution/,/edusolution/thirtycont_5.html/,657,https://www.insource.co.jp/edusolution/thirtycont_5.html,2026-09-03T02:51:53.024895+00:00,
https://www.insource.co.jp/ihl/251118_kanrisyoku_5days.html,"やりっぱなしの教育から脱却～海兵隊式教育に学ぶ「即戦力」の育て方｜社員研修,教育 職員研修 人材育成ならインソース",やりっぱなしの教育から脱却～海兵隊式教育に学ぶ「即戦力」の育て方,200,text/html; charset=UTF-8,https://www.insource.co.jp/ihl/251118_kanrisyoku_5days.html,,2,https://www.insource.co.jp/kanrisyoku/kanrisyoku_top.html,/ihl/,/ihl/251118_kanrisyoku_5days.html/,970,https://www.insource.co.jp/ihl/251118_kanrisyoku_5days.html,2026-09-03T02:51:55.453414+00:00,
https://www.insource.co.jp/ihl/251107_bup_listening-ability.html,"「聴いているつもり」が信頼を遠ざける～部下の本音を引き出す傾聴力とは、相手の世界を理解しようとする姿勢｜社員研修,教育 職員研修 人材育成ならインソース",「聴いているつもり」が信頼を遠ざける～部下の本音を引き出す傾聴力とは、相手の世界を理解しようとする姿勢,200,text/html; charset=UTF-8,https://www.insource.co.jp/ihl/251107_bup_listening-ability.html,,2,https://www.insource.co.jp/kanrisyoku/kanrisyoku_top.html,/ihl/,/ihl/251107_bup_listening-ability.html/,869,https://www.insource.co.jp/ihl/251107_bup_listening-ability.html,2026-09-03T02:51:57.196608+00:00,
https://www.insource.co.jp/ihl/251224_leader-expectations.html,"上司が残念に思う部下の５つの言動とは～守りから攻めへ、リーダーが一皮むけるための「責任あるヤンチャさ」｜社員研修,教育 職員研修 人材育成ならインソース",上司が残念に思う部下の５つの言動とは～守りから攻めへ、リーダーが一皮むけるための「責任あるヤンチャさ」,200,text/html; charset=UTF-8,https://www.insource.co.jp/ihl/251224_leader-expectations.html,,2,https://www.insource.co.jp/kanrisyoku/kanrisyoku_top.html,/ihl/,/ihl/251224_leader-expectations.html/,944,https://www.insource.co.jp/ihl/251224_leader-expectations.html,2026-09-03T02:51:58.949230+00:00,
https://www.insource.co.jp/ihl/251121_bup_communication_organization.html,"「落としどころ」をデザインするリーダーの思考法～合意形成をスムーズに進める４ステップ｜社員研修,教育 職員研修 人材育成ならインソース",「落としどころ」をデザインするリーダーの思考法～合意形成をスムーズに進める４ステップ,200,text/html; charset=UTF-8,https://www.insource.co.jp/ihl/251121_bup_communication_organization.html,,2,https://www.insource.co.jp/kanrisyoku/kanrisyoku_top.html,/ihl/,/ihl/251121_bup_communication_organization.html/,1228,https://www.insource.co.jp/ihl/251121_bup_communication_organization.html,2026-09-03T02:52:00.666930+00:00,
https://www.insource.co.jp/ihl/ft_productivity-improvement05.html,"ルール作りはリーダーの仕事｜生産性向上の方法論５｜社員研修,教育 職員研修 人材育成ならインソース",ルール作りはリーダーの仕事｜生産性向上の方法論５,200,text/html; charset=UTF-8,https://www.insource.co.jp/ihl/ft_productivity-improvement05.html,,2,https://www.insource.co.jp/kanrisyoku/kanrisyoku_top.html,/ihl/,/ihl/ft_productivity-improvement05.html/,746,https://www.insource.co.jp/ihl/ft_productivity-improvement05.html,2026-09-03T02:52:02.670735+00:00,
https://www.insource.co.jp/contents/column_work-efficiency.html,業務効率化と生産性向上の方法～省くべき５つのムダと省いてはいけない３つのこと,業務効率化と生産性向上の方法 ～省くべき５つのムダと省いてはいけない３つのこと,200,text/html; charset=UTF-8,https://www.insource.co.jp/contents/column_work-efficiency.html,,2,https://www.insource.co.jp/kanrisyoku/kanrisyoku_top.html,/contents/,/contents/column_work-efficiency.html/,796,https://www.insource.co.jp/contents/column_work-efficiency.html,2026-09-03T02:52:04.191753+00:00,
https://www.insource.co.jp/ihl/251113_dx_consulting.html,"現場が動くＤＸ～課題整理・計画・実行支援・検証の４ステップで実現する「伴走支援型」のＤＸコンサルティングとは｜社員研修,教育 職員研修 人材育成ならインソース",現場が動くＤＸ～課題整理・計画・実行支援・検証の４ステップで実現する「伴走支援型」のＤＸコンサルティングとは,200,text/html; charset=UTF-8,https://www.insource.co.jp/ihl/251113_dx_consulting.html,,2,https://www.insource.co.jp/kanrisyoku/kanrisyoku_top.html,/ihl/,/ihl/251113_dx_consulting.html/,823,https://www.insource.co.jp/ihl/251113_dx_consulting.html,2026-09-03T02:52:05.777948+00:00,
https://www.insource.co.jp/ihl/250512_uy_management.html,"人を動かすリーダーの真髄～上杉鷹山（うえすぎようざん）に学ぶ思考と姿勢｜社員研修,教育 職員研修 人材育成ならインソース",人を動かすリーダーの真髄～上杉鷹山（うえすぎようざん）に学ぶ思考と姿勢,200,text/html; charset=UTF-8,https://www.insource.co.jp/ihl/250512_uy_management.html,,2,https://www.insource.co.jp/kanrisyoku/kanrisyoku_top.html,/ihl/,/ihl/250512_uy_management.html/,812,https://www.insource.co.jp/ihl/250512_uy_management.html,2026-09-03T02:52:07.376063+00:00,
https://www.insource.co.jp/ihl/ft_manager-requirements03.html,"課長の要件～課長は勇気を持ってＰＤＣＡを回す人｜マネージャーの要件３｜社員研修,教育 職員研修 人材育成ならインソース",課長の要件～課長は勇気を持ってＰＤＣＡを回す人｜マネージャーの要件３,200,text/html; charset=UTF-8,https://www.insource.co.jp/ihl/ft_manager-requirements03.html,,2,https://www.insource.co.jp/kanrisyoku/kanrisyoku_top.html,/ihl/,/ihl/ft_manager-requirements03.html/,1554,https://www.insource.co.jp/ihl/ft_manager-requirements03.html,2026-09-03T02:52:09.069115+00:00,
https://www.insource.co.jp/ihl/250716_open-work-environment.html,"ハラスメント防止の次の段階～「関わるのが怖い」から抜け出すマネジメント｜社員研修,教育 職員研修 人材育成ならインソース",ハラスメント防止の次の段階～「関わるのが怖い」から抜け出すマネジメント,200,text/html; charset=UTF-8,https://www.insource.co.jp/ihl/250716_open-work-environment.html,,2,https://www.insource.co.jp/kanrisyoku/kanrisyoku_top.html,/ihl/,/ihl/250716_open-work-environment.html/,1935,https://www.insource.co.jp/ihl/250716_open-work-environment.html,2026-09-03T02:52:11.396983+00:00,
https://www.insource.co.jp/ihl/251118_point_taught.html,"管理職が伝えるべき「早く間違える・失敗することのメリット」～正解は一つ思考からの脱却と成長加速｜社員研修,教育 職員研修 人材育成ならインソース",管理職が伝えるべき「早く間違える・失敗することのメリット」～正解は一つ思考からの脱却と成長加速,200,text/html; charset=UTF-8,https://www.insource.co.jp/ihl/251118_point_taught.html,,2,https://www.insource.co.jp/kanrisyoku/kanrisyoku_top.html,/ihl/,/ihl/251118_point_taught.html/,876,https://www.insource.co.jp/ihl/251118_point_taught.html,2026-09-03T02:52:14.108280+00:00,
https://www.insource.co.jp/ihl/251106_assessment-hierarchy-test-option.html,"昇格試験をアセスメントで変える～公平な人事評価と管理職育成を両立させるための３ステップ｜社員研修,教育 職員研修 人材育成ならインソース",昇格試験をアセスメントで変える～公平な人事評価と管理職育成を両立させるための３ステップ,200,text/html; charset=UTF-8,https://www.insource.co.jp/ihl/251106_assessment-hierarchy-test-option.html,,2,https://www.insource.co.jp/kanrisyoku/kanrisyoku_top.html,/ihl/,/ihl/251106_assessment-hierarchy-test-option.html/,963,https://www.insource.co.jp/ihl/251106_assessment-hierarchy-test-option.html,2026-09-03T02:52:15.768365+00:00,
https://www.insource.co.jp/ihl/251216_chatgpt_utilization.html,"タイムマネジメントが生産性の核心を握る時代へ！生成ＡＩ活用と共に高密度な行動を生み出す実践思考｜社員研修,教育 職員研修 人材育成ならインソース",タイムマネジメントが生産性の核心を握る時代へ！生成ＡＩ活用と共に高密度な行動を生み出す実践思考,200,text/html; charset=UTF-8,https://www.insource.co.jp/ihl/251216_chatgpt_utilization.html,,2,https://www.insource.co.jp/kanrisyoku/kanrisyoku_top.html,/ihl/,/ihl/251216_chatgpt_utilization.html/,926,https://www.insource.co.jp/ihl/251216_chatgpt_utilization.html,2026-09-03T02:52:17.516079+00:00,
https://www.insource.co.jp/ihl/250528_bup_knowledge_manage.html,"成果のカギを握る「暗黙知」、職場に眠る宝を伝承するナレッジマネジメントとは｜社員研修,教育 職員研修 人材育成ならインソース",成果のカギを握る「暗黙知」、職場に眠る宝を伝承するナレッジマネジメントとは,200,text/html; charset=UTF-8,https://www.insource.co.jp/ihl/250528_bup_knowledge_manage.html,,2,https://www.insource.co.jp/kanrisyoku/kanrisyoku_top.html,/ihl/,/ihl/250528_bup_knowledge_manage.html/,1582,https://www.insource.co.jp/ihl/250528_bup_knowledge_manage.html,2026-09-03T02:52:19.218312+00:00,
https://www.insource.co.jp/ihl/250724_new-manager_first-evaluation.html,"新任マネージャー必見！公正な評価・目標管理・１対１面談で部下は必ず伸びる｜社員研修,教育 職員研修 人材育成ならインソース",新任マネージャー必見！公正な評価・目標管理・１対１面談で部下は必ず伸びる,200,text/html; charset=UTF-8,https://www.insource.co.jp/ihl/250724_new-manager_first-evaluation.html,,2,https://www.insource.co.jp/kanrisyoku/kanrisyoku_top.html,/ihl/,/ihl/250724_new-manager_first-evaluation.html/,1457,https://www.insource.co.jp/ihl/250724_new-manager_first-evaluation.html,2026-09-03T02:52:21.574238+00:00,
https://www.insource.co.jp/ihl/250512_eigyousosiki_management.html,"強い営業組織を作る現場マネジメントのコツ｜社員研修,教育 職員研修 人材育成ならインソース",強い営業組織を作る現場マネジメントのコツ,200,text/html; charset=UTF-8,https://www.insource.co.jp/ihl/250512_eigyousosiki_management.html,,2,https://www.insource.co.jp/kanrisyoku/kanrisyoku_top.html,/ihl/,/ihl/250512_eigyousosiki_management.html/,761,https://www.insource.co.jp/ihl/250512_eigyousosiki_management.html,2026-09-03T02:52:23.910543+00:00,
https://www.insource.co.jp/ihl/250613_kanrishoku8.html,"リスクマネジメントが機能しない原因と対策 ～ 管理職による「リスクの洗い出し」がカギ｜社員研修,教育 職員研修 人材育成ならインソース",リスクマネジメントが機能しない原因と対策 ～ 管理職による「リスクの洗い出し」がカギ,200,text/html; charset=UTF-8,https://www.insource.co.jp/ihl/250613_kanrishoku8.html,,2,https://www.insource.co.jp/kanrisyoku/kanrisyoku_top.html,/ihl/,/ihl/250613_kanrishoku8.html/,890,https://www.insource.co.jp/ihl/250613_kanrishoku8.html,2026-09-03T02:52:25.452660+00:00,
https://www.insource.co.jp/ihl/250418_post-corona-management.html,"テレワーク時代のマネジメント～見えない部下を動かす、ＫＰＩとメンタルケア｜社員研修,教育 職員研修 人材育成ならインソース",テレワーク時代のマネジメント～見えない部下を動かす、ＫＰＩとメンタルケア,200,text/html; charset=UTF-8,https://www.insource.co.jp/ihl/250418_post-corona-management.html,,2,https://www.insource.co.jp/kanrisyoku/kanrisyoku_top.html,/ihl/,/ihl/250418_post-corona-management.html/,722,https://www.insource.co.jp/ihl/250418_post-corona-management.html,2026-09-03T02:52:27.118159+00:00,
https://www.insource.co.jp/ihl/250807_vol032.html,"多様な働き方時代のマネジメント術 ～「攻め」と「守り」の両輪で職場環境を改善する｜社員研修,教育 職員研修 人材育成ならインソース",多様な働き方時代のマネジメント術 ～「攻め」と「守り」の両輪で職場環境を改善する,200,text/html; charset=UTF-8,https://www.insource.co.jp/ihl/250807_vol032.html,,2,https://www.insource.co.jp/kanrisyoku/kanrisyoku_top.html,/ihl/,/ihl/250807_vol032.html/,933,https://www.insource.co.jp/ihl/250807_vol032.html,2026-09-03T02:52:28.614364+00:00,
https://www.insource.co.jp/250610_psychological-safety_three-point.html,"部下が成果を出すためのチーム作りとは？負の感情をコントロールし、心理的安全性の高い職場に必要な３要素｜社員研修,教育 職員研修 人材育成ならインソース",部下が成果を出すためのチーム作りとは？負の感情をコントロールし、心理的安全性の高い職場に必要な３要素,200,text/html; charset=UTF-8,https://www.insource.co.jp/250610_psychological-safety_three-point.html,,2,https://www.insource.co.jp/kanrisyoku/kanrisyoku_top.html,/250610_psychological-safety_three-point.html/,,1543,https://www.insource.co.jp/250610_psychological-safety_three-point.html,2026-09-03T02:52:30.322863+00:00,
https://www.insource.co.jp/ihl/250902_business_kindness.html,"親切は「きれいごと」ではない～ビジネスに活かす気配り・共感・想像力の磨き方｜社員研修,教育 職員研修 人材育成ならインソース",親切は「きれいごと」ではない～ビジネスに活かす気配り・共感・想像力の磨き方,200,text/html; charset=UTF-8,https://www.insource.co.jp/ihl/250902_business_kindness.html,,2,https://www.insource.co.jp/kanrisyoku/kanrisyoku_top.html,/ihl/,/ihl/250902_business_kindness.html/,776,https://www.insource.co.jp/ihl/250902_business_kindness.html,2026-09-03T02:52:32.642151+00:00,
https://www.insource.co.jp/ihl/250812_vol035.html,"管理職に必要な「伝える力」とは～コミュニケーション・文書作成・ワンペーパー資料作成のコツを解説｜社員研修,教育 職員研修 人材育成ならインソース",管理職に必要な「伝える力」とは～コミュニケーション・文書作成・ワンペーパー資料作成のコツを解説,200,text/html; charset=UTF-8,https://www.insource.co.jp/ihl/250812_vol035.html,,2,https://www.insource.co.jp/kanrisyoku/kanrisyoku_top.html,/ihl/,/ihl/250812_vol035.html/,1019,https://www.insource.co.jp/ihl/250812_vol035.html,2026-09-03T02:52:34.192479+00:00,
https://www.insource.co.jp/bup/bup_presurvey-kanrishoku2.html,【研修セミナー公開講座】＜事前アンケート付き＞ＯＪＴ研修～部下・後輩指導の基本スキルを習得する- 株式会社インソース,＜事前アンケート付き＞ＯＪＴ研修～部下・後輩指導の基本スキルを習得する,200,text/html; charset=UTF-8,https://www.insource.co.jp/bup/bup_presurvey-kanrishoku2.html,,2,https://www.insource.co.jp/kanrisyoku/kanrisyoku_top.html,/bup/,/bup/bup_presurvey-kanrishoku2.html/,2237,https://www.insource.co.jp/bup/bup_presurvey-kanrishoku2.html,2026-09-03T02:52:36.137897+00:00,
https://www.insource.co.jp/bup/bup_presurvey-kanrishoku1.html,【研修セミナー公開講座】＜事前アンケート付き＞段取り研修～管理職としての基本的マネジメントスキルを理解する- 株式会社インソース,＜事前アンケート付き＞段取り研修～管理職としての基本的マネジメントスキルを理解する,200,text/html; charset=UTF-8,https://www.insource.co.jp/bup/bup_presurvey-kanrishoku1.html,,2,https://www.insource.co.jp/kanrisyoku/kanrisyoku_top.html,/bup/,/bup/bup_presurvey-kanrishoku1.html/,2456,https://www.insource.co.jp/bup/bup_presurvey-kanrishoku1.html,2026-09-03T02:52:39.313223+00:00,
https://www.insource.co.jp/bup/bup_situational-coaching.html,【研修セミナー公開講座】課題別コーチング研修～成果・キャリア・意欲・人間関係- 株式会社インソース,課題別コーチング研修～成果・キャリア・意欲・人間関係,200,text/html; charset=UTF-8,https://www.insource.co.jp/bup/bup_situational-coaching.html,,2,https://www.insource.co.jp/kanrisyoku/kanrisyoku_top.html,/bup/,/bup/bup_situational-coaching.html/,4508,https://www.insource.co.jp/bup/bup_situational-coaching.html,2026-09-03T02:52:42.656567+00:00,
https://www.insource.co.jp/bup/bup_excel-optimization.html,【研修セミナー公開講座】Excelで学ぶ数理最適化研修～意思決定のためのオペレーションズ・リサーチ- 株式会社インソース,Excelで学ぶ数理最適化研修～意思決定のためのオペレーションズ・リサーチ,200,text/html; charset=UTF-8,https://www.insource.co.jp/bup/bup_excel-optimization.html,,2,https://www.insource.co.jp/kanrisyoku/kanrisyoku_top.html,/bup/,/bup/bup_excel-optimization.html/,3960,https://www.insource.co.jp/bup/bup_excel-optimization.html,2026-09-03T02:52:48.182668+00:00,
https://www.insource.co.jp/dougahyakkaten/pm-project-promotion.html,【プロマネ養成シリーズ】「プロジェクト推進力」養成講座:eラーニング・動画教材での研修もインソース,【プロマネ養成シリーズ】「プロジェクト推進力」養成講座,200,text/html; charset=UTF-8,https://www.insource.co.jp/dougahyakkaten/pm-project-promotion.html,,2,https://www.insource.co.jp/kanrisyoku/kanrisyoku_top.html,/dougahyakkaten/,/dougahyakkaten/pm-project-promotion.html/,715,https://www.insource.co.jp/dougahyakkaten/pm-project-promotion.html,2026-09-03T02:52:53.029153+00:00,
https://www.insource.co.jp/dougahyakkaten/pm-stakeholder.html,【プロマネ養成シリーズ】「ステークホルダー対応力」養成講座:eラーニング・動画教材での研修もインソース,【プロマネ養成シリーズ】「ステークホルダー対応力」養成講座,200,text/html; charset=UTF-8,https://www.insource.co.jp/dougahyakkaten/pm-stakeholder.html,,2,https://www.insource.co.jp/kanrisyoku/kanrisyoku_top.html,/dougahyakkaten/,/dougahyakkaten/pm-stakeholder.html/,699,https://www.insource.co.jp/dougahyakkaten/pm-stakeholder.html,2026-09-03T02:52:54.533548+00:00,
https://www.insource.co.jp/dougahyakkaten/pm-team-management.html,【プロマネ養成シリーズ】「チーム編成・運営力」養成講座:eラーニング・動画教材での研修もインソース,【プロマネ養成シリーズ】「チーム編成・運営力」養成講座,200,text/html; charset=UTF-8,https://www.insource.co.jp/dougahyakkaten/pm-team-management.html,,2,https://www.insource.co.jp/kanrisyoku/kanrisyoku_top.html,/dougahyakkaten/,/dougahyakkaten/pm-team-management.html/,652,https://www.insource.co.jp/dougahyakkaten/pm-team-management.html,2026-09-03T02:52:56.022159+00:00,
https://www.insource.co.jp/ihl/260407_step-vol0028.html,"内気な性格はリーダーの武器になる！内向型を強みに変えるリーダーシップ・文書指導・電話応対の技術｜社員研修,教育 職員研修 人材育成ならインソース",内気な性格はリーダーの武器になる！内向型を強みに変えるリーダーシップ・文書指導・電話応対の技術,200,text/html; charset=UTF-8,https://www.insource.co.jp/ihl/260407_step-vol0028.html,,2,https://www.insource.co.jp/kanrisyoku/kanrisyoku_top.html,/ihl/,/ihl/260407_step-vol0028.html/,1945,https://www.insource.co.jp/ihl/260407_step-vol0028.html,2026-09-03T02:52:57.587176+00:00,
https://www.insource.co.jp/ihl/260323_passion_communication.html,"なぜあの人は覚悟を決められるのか？リーダーの前のめりな姿勢の背景にあるのは熱意と覚悟｜社員研修,教育 職員研修 人材育成ならインソース",なぜあの人は覚悟を決められるのか？リーダーの前のめりな姿勢の背景にあるのは熱意と覚悟,200,text/html; charset=UTF-8,https://www.insource.co.jp/ihl/260323_passion_communication.html,,2,https://www.insource.co.jp/kanrisyoku/kanrisyoku_top.html,/ihl/,/ihl/260323_passion_communication.html/,1735,https://www.insource.co.jp/ihl/260323_passion_communication.html,2026-09-03T02:53:00.308084+00:00,
https://www.insource.co.jp/ihl/260303_strengthening-introversion.html,"無理に外向的にならなくていい。内気な自分を武器にする３つの戦略｜社員研修,教育 職員研修 人材育成ならインソース",無理に外向的にならなくていい。内気な自分を武器にする３つの戦略,200,text/html; charset=UTF-8,https://www.insource.co.jp/ihl/260303_strengthening-introversion.html,,2,https://www.insource.co.jp/kanrisyoku/kanrisyoku_top.html,/ihl/,/ihl/260303_strengthening-introversion.html/,1839,https://www.insource.co.jp/ihl/260303_strengthening-introversion.html,2026-09-03T02:53:02.820276+00:00,
https://www.insource.co.jp/ihl/260213_bup_new_kanrisyoku2.html,"初めての管理職がつまずく３つの壁！業務・人材・リスクを整えて成果を出す方法｜社員研修,教育 職員研修 人材育成ならインソース",初めての管理職がつまずく３つの壁！業務・人材・リスクを整えて成果を出す方法,200,text/html; charset=UTF-8,https://www.insource.co.jp/ihl/260213_bup_new_kanrisyoku2.html,,2,https://www.insource.co.jp/kanrisyoku/kanrisyoku_top.html,/ihl/,/ihl/260213_bup_new_kanrisyoku2.html/,3519,https://www.insource.co.jp/ihl/260213_bup_new_kanrisyoku2.html,2026-09-03T02:53:05.453577+00:00,
https://www.insource.co.jp/ihl/260213_modern-management-position.html,"現代の管理職に求められる「個」を活かす技術～アンコンシャス・バイアスと心理的安全性｜社員研修,教育 職員研修 人材育成ならインソース",現代の管理職に求められる「個」を活かす技術～アンコンシャス・バイアスと心理的安全性,200,text/html; charset=UTF-8,https://www.insource.co.jp/ihl/260213_modern-management-position.html,,2,https://www.insource.co.jp/kanrisyoku/kanrisyoku_top.html,/ihl/,/ihl/260213_modern-management-position.html/,5377,https://www.insource.co.jp/ihl/260213_modern-management-position.html,2026-09-03T02:53:09.747152+00:00,
https://www.insource.co.jp/ihl/251224_bup_kanrishoku1.html,"はじめての管理職がつまずく４つの悩みと役割整理～チーム運営・育成・改善・リスク管理の基本と実践ポイント｜社員研修,教育 職員研修 人材育成ならインソース",はじめての管理職がつまずく４つの悩みと役割整理～チーム運営・育成・改善・リスク管理の基本と実践ポイント,200,text/html; charset=UTF-8,https://www.insource.co.jp/ihl/251224_bup_kanrishoku1.html,,2,https://www.insource.co.jp/kanrisyoku/kanrisyoku_top.html,/ihl/,/ihl/251224_bup_kanrishoku1.html/,10891,https://www.insource.co.jp/ihl/251224_bup_kanrishoku1.html,2026-09-03T02:53:15.899828+00:00,
https://www.insource.co.jp/digital-transformation/lead_improvement.html,管理職向けＤＸ研修～生成ＡＩで自部署の生産性を飛躍させる（１日間）:現場で使える研修ならインソース,管理職向けＤＸ研修～生成ＡＩで自部署の生産性を飛躍させる（１日間）,200,text/html; charset=UTF-8,https://www.insource.co.jp/digital-transformation/lead_improvement.html,,2,https://www.insource.co.jp/kanrisyoku/kanrisyoku_top.html,/digital-transformation/,/digital-transformation/lead_improvement.html/,43096,https://www.insource.co.jp/digital-transformation/lead_improvement.html,2026-09-03T02:53:27.568846+00:00,
https://www.insource.co.jp/gaiyo/news26071501.html,"2026.07.15 社内マニュアルからAIが自習教材を自動生成！「AI BOAT（アイボート）」提供開始 ～先着100社限定キャンペーン実施中【生成AIシリーズ９】 - 社員研修,教育 職員研修 人材育成ならインソース",社内マニュアルからAIが自習教材を自動生成！「AI BOAT（アイボート）」提供開始 ～先着100社限定キャンペーン実施中【生成AIシリーズ９】,200,text/html; charset=UTF-8,https://www.insource.co.jp/gaiyo/news26071501.html,,2,https://www.insource.co.jp/kanrisyoku/kanrisyoku_top.html,/gaiyo/,/gaiyo/news26071501.html/,69121,https://www.insource.co.jp/gaiyo/news26071501.html,2026-09-03T02:54:11.640351+00:00,
https://www.insource.co.jp/gaiyo/news26071301.html,"2026.07.13 AI時代をリードする「ネオゼネラリスト」養成研修を開発 ～構想力と分野横断力を備えた人材を育成、2026年８月から公開講座開始 - 社員研修,教育 職員研修 人材育成ならインソース",AI時代をリードする「ネオゼネラリスト」養成研修を開発 ～構想力と分野横断力を備えた人材を育成、2026年８月から公開講座開始,200,text/html; charset=UTF-8,https://www.insource.co.jp/gaiyo/news26071301.html,,2,https://www.insource.co.jp/kanrisyoku/kanrisyoku_top.html,/gaiyo/,/gaiyo/news26071301.html/,69108,https://www.insource.co.jp/gaiyo/news26071301.html,2026-09-03T02:55:21.511960+00:00,
https://www.insource.co.jp/gaiyo/news26070801.html,"2026.07.08 成果が出るまで伴走する、Forward Deployed型コンサルタント養成研修を開発 ～26年７月から公開講座で提供 - 社員研修,教育 職員研修 人材育成ならインソース",成果が出るまで伴走する、Forward Deployed型コンサルタント養成研修を開発 ～26年７月から公開講座で提供,200,text/html; charset=UTF-8,https://www.insource.co.jp/gaiyo/news26070801.html,,2,https://www.insource.co.jp/kanrisyoku/kanrisyoku_top.html,/gaiyo/,/gaiyo/news26070801.html/,69109,https://www.insource.co.jp/gaiyo/news26070801.html,2026-09-03T02:56:31.369782+00:00,
https://www.insource.co.jp/gaiyo/news26061201.html,"2026.06.12 中途採用者の早期戦力化を支援する研修シリーズを開発 ～「期待値の理解」を軸に、７月から新たに３研修を公開講座で開催 - 社員研修,教育 職員研修 人材育成ならインソース",中途採用者の早期戦力化を支援する研修シリーズを開発 ～「期待値の理解」を軸に、７月から新たに３研修を公開講座で開催,200,text/html; charset=UTF-8,https://www.insource.co.jp/gaiyo/news26061201.html,,2,https://www.insource.co.jp/kanrisyoku/kanrisyoku_top.html,/gaiyo/,/gaiyo/news26061201.html/,43115,https://www.insource.co.jp/gaiyo/news26061201.html,2026-09-03T02:57:41.229193+00:00,
https://www.insource.co.jp/gaiyo/news26052901.html,insource.co.jp | 522: Connection timed out,Connection timed out Error code 522,522,text/html; charset=UTF-8,,"noindex, nofollow",2,https://www.insource.co.jp/kanrisyoku/kanrisyoku_top.html,/gaiyo/,/gaiyo/news26052901.html/,19452,https://www.insource.co.jp/gaiyo/news26052901.html,2026-09-03T02:58:25.095625+00:00,
https://www.insource.co.jp/gaiyo/news26052701.html,"2026.05.27 「治療と仕事の両立支援」をテーマに新たに研修を３本開発 ～管理職向け体制づくり、支援担当者向け面談スキルなど、６月より公開講座で開催 - 社員研修,教育 職員研修 人材育成ならインソース",「治療と仕事の両立支援」をテーマに新たに研修を３本開発 ～管理職向け体制づくり、支援担当者向け面談スキルなど、６月より公開講座で開催,200,text/html; charset=UTF-8,https://www.insource.co.jp/gaiyo/news26052701.html,,2,https://www.insource.co.jp/kanrisyoku/kanrisyoku_top.html,/gaiyo/,/gaiyo/news26052701.html/,43063,https://www.insource.co.jp/gaiyo/news26052701.html,2026-09-03T02:58:45.251473+00:00,
https://www.insource.co.jp/gaiyo/news26052501.html,"2026.05.25 攻めの新卒採用を実現する新卒オファー型就活サービス「OfferBox」の 販売代理店契約締結に関するお知らせ - 社員研修,教育 職員研修 人材育成ならインソース",攻めの新卒採用を実現する新卒オファー型就活サービス「OfferBox」の 販売代理店契約締結に関するお知らせ,200,text/html; charset=UTF-8,https://www.insource.co.jp/gaiyo/news26052501.html,,2,https://www.insource.co.jp/kanrisyoku/kanrisyoku_top.html,/gaiyo/,/gaiyo/news26052501.html/,34274,https://www.insource.co.jp/gaiyo/news26052501.html,2026-09-03T02:59:29.066064+00:00,
https://www.insource.co.jp/bup/bup_new_kanrisyoku.html,【研修セミナー公開講座】新任管理職研修～自信を持ってマネジメントを始める編（２日間）- 株式会社インソース,新任管理職研修～自信を持ってマネジメントを始める編（２日間）,200,text/html; charset=UTF-8,https://www.insource.co.jp/bup/bup_new_kanrisyoku.html,,2,https://www.insource.co.jp/kanrisyoku/kanrisyoku_top.html,/bup/,/bup/bup_new_kanrisyoku.html/,16545,https://www.insource.co.jp/bup/bup_new_kanrisyoku.html,2026-09-03T03:00:04.088942+00:00,
https://www.insource.co.jp/bup/bup_genninkanrisyoku.html,【研修セミナー公開講座】管理職向け研修～マネージャーとしての課題を整理する- 株式会社インソース,管理職向け研修～マネージャーとしての課題を整理する,200,text/html; charset=UTF-8,https://www.insource.co.jp/bup/bup_genninkanrisyoku.html,,2,https://www.insource.co.jp/kanrisyoku/kanrisyoku_top.html,/bup/,/bup/bup_genninkanrisyoku.html/,2351,https://www.insource.co.jp/bup/bup_genninkanrisyoku.html,2026-09-03T03:00:21.659140+00:00,
https://www.insource.co.jp/bup/bup_kanri_settokuryoku.html,【研修セミナー公開講座】説明力向上研修～管理職が遭遇する、タフな状況での説明力を鍛える- 株式会社インソース,説明力向上研修～管理職が遭遇する、タフな状況での説明力を鍛える,200,text/html; charset=UTF-8,https://www.insource.co.jp/bup/bup_kanri_settokuryoku.html,,2,https://www.insource.co.jp/kanrisyoku/kanrisyoku_top.html,/bup/,/bup/bup_kanri_settokuryoku.html/,1811,https://www.insource.co.jp/bup/bup_kanri_settokuryoku.html,2026-09-03T03:00:24.909229+00:00,
https://www.insource.co.jp/bup/bup_subordinate_communication.html,【研修セミナー公開講座】部下とのコミュニケーション実践研修～多様化する部下への関わり方- 株式会社インソース,部下とのコミュニケーション実践研修～多様化する部下への関わり方,200,text/html; charset=UTF-8,https://www.insource.co.jp/bup/bup_subordinate_communication.html,,2,https://www.insource.co.jp/kanrisyoku/kanrisyoku_top.html,/bup/,/bup/bup_subordinate_communication.html/,2984,https://www.insource.co.jp/bup/bup_subordinate_communication.html,2026-09-03T03:00:27.639153+00:00,
https://www.insource.co.jp/bup/bup_kanri_harassment.html,【研修セミナー公開講座】管理職向けハラスメント防止研修～上司力を発揮して、ハラスメントが起きない組織を作る- 株式会社インソース,管理職向けハラスメント防止研修～上司力を発揮して、ハラスメントが起きない組織を作る,200,text/html; charset=UTF-8,https://www.insource.co.jp/bup/bup_kanri_harassment.html,,2,https://www.insource.co.jp/kanrisyoku/kanrisyoku_top.html,/bup/,/bup/bup_kanri_harassment.html/,1856,https://www.insource.co.jp/bup/bup_kanri_harassment.html,2026-09-03T03:00:31.732578+00:00,
https://www.insource.co.jp/bup/bup_manager-process-optimization.html,【研修セミナー公開講座】【現場と経営をつなぐシリーズ】マネージャー向け業務改善研修～全体最適と定着化を図る- 株式会社インソース,【現場と経営をつなぐシリーズ】マネージャー向け業務改善研修～全体最適と定着化を図る,200,text/html; charset=UTF-8,https://www.insource.co.jp/bup/bup_manager-process-optimization.html,,2,https://www.insource.co.jp/kanrisyoku/kanrisyoku_top.html,/bup/,/bup/bup_manager-process-optimization.html/,2033,https://www.insource.co.jp/bup/bup_manager-process-optimization.html,2026-09-03T03:00:34.498771+00:00,
https://www.insource.co.jp/bup/bup-interview-learning-cycle.html,【研修セミナー公開講座】部下の育て方研修～面談とフィードバックで経験学習サイクルを回す- 株式会社インソース,部下の育て方研修～面談とフィードバックで経験学習サイクルを回す,200,text/html; charset=UTF-8,https://www.insource.co.jp/bup/bup-interview-learning-cycle.html,,2,https://www.insource.co.jp/kanrisyoku/kanrisyoku_top.html,/bup/,/bup/bup-interview-learning-cycle.html/,1700,https://www.insource.co.jp/bup/bup-interview-learning-cycle.html,2026-09-03T03:00:37.564731+00:00,
https://www.insource.co.jp/bup/bup_roumu_manage.html,【研修セミナー公開講座】労務管理研修～働きやすい職場環境を整備する手法を学ぶ- 株式会社インソース,労務管理研修～働きやすい職場環境を整備する手法を学ぶ,200,text/html; charset=UTF-8,https://www.insource.co.jp/bup/bup_roumu_manage.html,,2,https://www.insource.co.jp/kanrisyoku/kanrisyoku_top.html,/bup/,/bup/bup_roumu_manage.html/,1818,https://www.insource.co.jp/bup/bup_roumu_manage.html,2026-09-03T03:00:41.188248+00:00,
https://www.insource.co.jp/bup/bup_kanrishoku_kazetoshi.html,【研修セミナー公開講座】管理職研修～「風通しのよい職場づくり」で職場環境を整える編- 株式会社インソース,管理職研修～「風通しのよい職場づくり」で職場環境を整える編,200,text/html; charset=UTF-8,https://www.insource.co.jp/bup/bup_kanrishoku_kazetoshi.html,,2,https://www.insource.co.jp/kanrisyoku/kanrisyoku_top.html,/bup/,/bup/bup_kanrishoku_kazetoshi.html/,2007,https://www.insource.co.jp/bup/bup_kanrishoku_kazetoshi.html,2026-09-03T03:00:44.031035+00:00,
https://www.insource.co.jp/bup/bup_trainingstrategy_leadership.html,【研修セミナー公開講座】経営戦略研修～次世代リーダーの参謀力を高める戦略の学び方- 株式会社インソース,経営戦略研修～次世代リーダーの参謀力を高める戦略の学び方,200,text/html; charset=UTF-8,https://www.insource.co.jp/bup/bup_trainingstrategy_leadership.html,,2,https://www.insource.co.jp/kanrisyoku/kanrisyoku_top.html,/bup/,/bup/bup_trainingstrategy_leadership.html/,1812,https://www.insource.co.jp/bup/bup_trainingstrategy_leadership.html,2026-09-03T03:00:46.969862+00:00,
https://www.insource.co.jp/bup/bup-kanri-simulation.html,【研修セミナー公開講座】管理職向けシミュレーション研修～マネジメントを学び、判断力を鍛える編- 株式会社インソース,管理職向けシミュレーション研修～マネジメントを学び、判断力を鍛える編,200,text/html; charset=UTF-8,https://www.insource.co.jp/bup/bup-kanri-simulation.html,,2,https://www.insource.co.jp/kanrisyoku/kanrisyoku_top.html,/bup/,/bup/bup-kanri-simulation.html/,1706,https://www.insource.co.jp/bup/bup-kanri-simulation.html,2026-09-03T03:00:49.673115+00:00,
https://www.insource.co.jp/bup/bup_hardclaim.html,【研修セミナー公開講座】ハードクレーム対応研修～「判断力」「適応力」「交渉力」で困難な苦情に対処する- 株式会社インソース,ハードクレーム対応研修～「判断力」「適応力」「交渉力」で困難な苦情に対処する,200,text/html; charset=UTF-8,https://www.insource.co.jp/bup/bup_hardclaim.html,,2,https://www.insource.co.jp/kanrisyoku/kanrisyoku_top.html,/bup/,/bup/bup_hardclaim.html/,1573,https://www.insource.co.jp/bup/bup_hardclaim.html,2026-09-03T03:00:52.414090+00:00,
https://www.insource.co.jp/bup/bup_zaimu.html,【研修セミナー公開講座】財務研修～４つの分析手法から財務諸表を読みこなす- 株式会社インソース,財務研修～４つの分析手法から財務諸表を読みこなす,200,text/html; charset=UTF-8,https://www.insource.co.jp/bup/bup_zaimu.html,,2,https://www.insource.co.jp/kanrisyoku/kanrisyoku_top.html,/bup/,/bup/bup_zaimu.html/,1887,https://www.insource.co.jp/bup/bup_zaimu.html,2026-09-03T03:00:54.852776+00:00,
https://www.insource.co.jp/bup/bup-kanri-budgetary_control.html,【研修セミナー公開講座】予算管理研修～計画達成を実現する予算編成と執行管理- 株式会社インソース,予算管理研修～計画達成を実現する予算編成と執行管理,200,text/html; charset=UTF-8,https://www.insource.co.jp/bup/bup-kanri-budgetary_control.html,,2,https://www.insource.co.jp/kanrisyoku/kanrisyoku_top.html,/bup/,/bup/bup-kanri-budgetary_control.html/,1765,https://www.insource.co.jp/bup/bup-kanri-budgetary_control.html,2026-09-03T03:00:57.805070+00:00,
https://www.insource.co.jp/kanrisyoku/ka_kanrisyoku_kanri.html,新任課長レベルアップ研修～迷いを払拭し、変化に挑む（１日間）:現場で使える研修ならインソース,新任課長レベルアップ研修～迷いを払拭し、変化に挑む（１日間）,200,text/html; charset=UTF-8,https://www.insource.co.jp/kanrisyoku/ka_kanrisyoku_kanri.html,,2,https://www.insource.co.jp/kanrisyoku/kanrisyoku_top.html,/kanrisyoku/,/kanrisyoku/ka_kanrisyoku_kanri.html/,869,https://www.insource.co.jp/kanrisyoku/ka_kanrisyoku_kanri.html,2026-09-03T03:01:00.470155+00:00,
https://www.insource.co.jp/grade/g_kanrisyoku.html,初級管理職研修～実績と受講者の声 - 株式会社インソース,初級管理職研修～実績と受講者の声,200,text/html; charset=UTF-8,https://www.insource.co.jp/grade/g_kanrisyoku.html,,2,https://www.insource.co.jp/kanrisyoku/kanrisyoku_top.html,/grade/,/grade/g_kanrisyoku.html/,614,https://www.insource.co.jp/grade/g_kanrisyoku.html,2026-09-03T03:01:02.183815+00:00,
https://www.insource.co.jp/package/next-leader.html,１年間で次期管理職としての意識・スキルを習得するプラン:現場で使える研修ならインソース,１年間で次期管理職としての意識・スキルを習得するプラン,200,text/html; charset=UTF-8,https://www.insource.co.jp/package/next-leader.html,,2,https://www.insource.co.jp/kanrisyoku/kanrisyoku_top.html,/package/,/package/next-leader.html/,684,https://www.insource.co.jp/package/next-leader.html,2026-09-03T03:01:03.550502+00:00,
https://www.insource.co.jp/package/middle-and-nextleader_3year.html,３年間で管理職候補の育成と中堅層の底上げを図るプラン:現場で使える研修ならインソース,３年間で管理職候補の育成と中堅層の底上げを図るプラン,200,text/html; charset=UTF-8,https://www.insource.co.jp/package/middle-and-nextleader_3year.html,,2,https://www.insource.co.jp/kanrisyoku/kanrisyoku_top.html,/package/,/package/middle-and-nextleader_3year.html/,647,https://www.insource.co.jp/package/middle-and-nextleader_3year.html,2026-09-03T03:01:04.995422+00:00,
https://www.insource.co.jp/package/jyoseikatsuyaku_3month.html,ガラスの天井を打破し、管理職を目指す女性を増やすプラン:現場で使える研修ならインソース,ガラスの天井を打破し、管理職を目指す女性を増やすプラン,200,text/html; charset=UTF-8,https://www.insource.co.jp/package/jyoseikatsuyaku_3month.html,,2,https://www.insource.co.jp/kanrisyoku/kanrisyoku_top.html,/package/,/package/jyoseikatsuyaku_3month.html/,631,https://www.insource.co.jp/package/jyoseikatsuyaku_3month.html,2026-09-03T03:01:06.405524+00:00,
https://www.insource.co.jp/package/manager_promotion.html,管理職の昇格試験前に、必要なスキルを徹底的に学ぶプラン:現場で使える研修ならインソース,管理職の昇格試験前に、必要なスキルを徹底的に学ぶプラン,200,text/html; charset=UTF-8,https://www.insource.co.jp/package/manager_promotion.html,,2,https://www.insource.co.jp/kanrisyoku/kanrisyoku_top.html,/package/,/package/manager_promotion.html/,631,https://www.insource.co.jp/package/manager_promotion.html,2026-09-03T03:01:07.923386+00:00,
https://www.insource.co.jp/package/shoukakusha_6month.html,６カ月で管理職に必要なスキルを０から学ばせる育成プラン:現場で使える研修ならインソース,６カ月で管理職に必要なスキルを０から学ばせる育成プラン,200,text/html; charset=UTF-8,https://www.insource.co.jp/package/shoukakusha_6month.html,,2,https://www.insource.co.jp/kanrisyoku/kanrisyoku_top.html,/package/,/package/shoukakusha_6month.html/,644,https://www.insource.co.jp/package/shoukakusha_6month.html,2026-09-03T03:01:09.315027+00:00,
https://www.insource.co.jp/package/management.html,６カ月で管理職の意識とマネジメント力を強化するプラン:現場で使える研修ならインソース,６カ月で管理職の意識とマネジメント力を強化するプラン,200,text/html; charset=UTF-8,https://www.insource.co.jp/package/management.html,,2,https://www.insource.co.jp/kanrisyoku/kanrisyoku_top.html,/package/,/package/management.html/,657,https://www.insource.co.jp/package/management.html,2026-09-03T03:01:10.719595+00:00,
https://www.insource.co.jp/package/management_oneyear.html,１年間で管理職がマネジメントスキルを体系的に学ぶプラン:現場で使える研修ならインソース,１年間で管理職がマネジメントスキルを体系的に学ぶプラン,200,text/html; charset=UTF-8,https://www.insource.co.jp/package/management_oneyear.html,,2,https://www.insource.co.jp/kanrisyoku/kanrisyoku_top.html,/package/,/package/management_oneyear.html/,27,https://www.insource.co.jp/package/management_oneyear.html,2026-09-03T03:01:12.137064+00:00,
https://www.insource.co.jp/package/improvement_kanrishoku_work-style-reform.html,現場管理職のための働き方改革スタートアッププラン:現場で使える研修ならインソース,現場管理職のための働き方改革スタートアッププラン,200,text/html; charset=UTF-8,https://www.insource.co.jp/package/improvement_kanrishoku_work-style-reform.html,,2,https://www.insource.co.jp/kanrisyoku/kanrisyoku_top.html,/package/,/package/improvement_kanrishoku_work-style-reform.html/,643,https://www.insource.co.jp/package/improvement_kanrishoku_work-style-reform.html,2026-09-03T03:01:12.928865+00:00,
https://www.insource.co.jp/package/kanrishoku_workshop_vision.html,全社視点、全体最適を意識できる管理職を育成するプラン:現場で使える研修ならインソース,全社視点、全体最適を意識できる管理職を育成するプラン,200,text/html; charset=UTF-8,https://www.insource.co.jp/package/kanrishoku_workshop_vision.html,,2,https://www.insource.co.jp/kanrisyoku/kanrisyoku_top.html,/package/,/package/kanrishoku_workshop_vision.html/,648,https://www.insource.co.jp/package/kanrishoku_workshop_vision.html,2026-09-03T03:01:14.332694+00:00,
https://www.insource.co.jp/package/improvement_jimumiss-manager.html,管理職が事務ミス防止の仕組みを考えるプラン:現場で使える研修ならインソース,管理職が事務ミス防止の仕組みを考えるプラン,200,text/html; charset=UTF-8,https://www.insource.co.jp/package/improvement_jimumiss-manager.html,,2,https://www.insource.co.jp/kanrisyoku/kanrisyoku_top.html,/package/,/package/improvement_jimumiss-manager.html/,663,https://www.insource.co.jp/package/improvement_jimumiss-manager.html,2026-09-03T03:01:15.742684+00:00,
https://www.insource.co.jp/package/iku-boss_diversity.html,育児や介護との両立を支援する管理職（イクボス）育成プラン:現場で使える研修ならインソース,育児や介護との両立を支援する管理職（イクボス）育成プラン,200,text/html; charset=UTF-8,https://www.insource.co.jp/package/iku-boss_diversity.html,,2,https://www.insource.co.jp/kanrisyoku/kanrisyoku_top.html,/package/,/package/iku-boss_diversity.html/,655,https://www.insource.co.jp/package/iku-boss_diversity.html,2026-09-03T03:01:17.170970+00:00,
https://www.insource.co.jp/package/harassment_executive-manager.html,役員・管理職がハラスメント防止への共通認識を持つプラン:現場で使える研修ならインソース,役員・管理職がハラスメント防止への共通認識を持つプラン,200,text/html; charset=UTF-8,https://www.insource.co.jp/package/harassment_executive-manager.html,,2,https://www.insource.co.jp/kanrisyoku/kanrisyoku_top.html,/package/,/package/harassment_executive-manager.html/,658,https://www.insource.co.jp/package/harassment_executive-manager.html,2026-09-03T03:01:18.586285+00:00,
https://www.insource.co.jp/bup/bup_management-process-improvement-workflow.html,【研修セミナー公開講座】管理職向け業務改善研修～業務フローを活用して現状を把握し、改善を推進する- 株式会社インソース,管理職向け業務改善研修～業務フローを活用して現状を把握し、改善を推進する,200,text/html; charset=UTF-8,https://www.insource.co.jp/bup/bup_management-process-improvement-workflow.html,,2,https://www.insource.co.jp/kanrisyoku/kanrisyoku_top.html,/bup/,/bup/bup_management-process-improvement-workflow.html/,1929,https://www.insource.co.jp/bup/bup_management-process-improvement-workflow.html,2026-09-03T03:01:20.133626+00:00,
https://www.insource.co.jp/harassment/fukihara_selfcheck.html,不機嫌ハラスメント（フキハラ）防止研修～発生原因の理解と留意すべき５つのポイント（半日間）:現場で使える研修ならインソース,不機嫌ハラスメント（フキハラ）防止研修～発生原因の理解と留意すべき５つのポイント（半日間）,200,text/html; charset=UTF-8,https://www.insource.co.jp/harassment/fukihara_selfcheck.html,,2,https://www.insource.co.jp/kanrisyoku/kanrisyoku_top.html,/harassment/,/harassment/fukihara_selfcheck.html/,1227,https://www.insource.co.jp/harassment/fukihara_selfcheck.html,2026-09-03T03:01:22.971842+00:00,
https://www.insource.co.jp/management/quality_improvement.html,品質向上のためのマイクロマネジメント研修（１日間）:現場で使える研修ならインソース,品質向上のためのマイクロマネジメント研修（１日間）,200,text/html; charset=UTF-8,https://www.insource.co.jp/management/quality_improvement.html,,2,https://www.insource.co.jp/kanrisyoku/kanrisyoku_top.html,/management/,/management/quality_improvement.html/,1202,https://www.insource.co.jp/management/quality_improvement.html,2026-09-03T03:01:25.058975+00:00,
https://www.insource.co.jp/bup/bup_manager-engagement.html,【研修セミナー公開講座】管理職向けエンゲージメント向上研修～心理的安全性、インクルージョン、ビロンギング- 株式会社インソース,管理職向けエンゲージメント向上研修～心理的安全性、インクルージョン、ビロンギング,200,text/html; charset=UTF-8,https://www.insource.co.jp/bup/bup_manager-engagement.html,,2,https://www.insource.co.jp/kanrisyoku/kanrisyoku_top.html,/bup/,/bup/bup_manager-engagement.html/,2094,https://www.insource.co.jp/bup/bup_manager-engagement.html,2026-09-03T03:01:27.237083+00:00,
https://www.insource.co.jp/ai-solution/manager_ai.html,管理職向け生成ＡＩ活用研修（１日間）:現場で使える研修ならインソース,管理職向け生成ＡＩ活用研修（１日間）,200,text/html; charset=UTF-8,https://www.insource.co.jp/ai-solution/manager_ai.html,,2,https://www.insource.co.jp/kanrisyoku/kanrisyoku_top.html,/ai-solution/,/ai-solution/manager_ai.html/,1530,https://www.insource.co.jp/ai-solution/manager_ai.html,2026-09-03T03:01:30.262877+00:00,
https://www.insource.co.jp/bup/bup_new_kanrisyoku2.html,【研修セミナー公開講座】新任管理職研修～求められる３つのマネジメント（人材、組織、業務）とリーダーシップ（２日間）- 株式会社インソース,新任管理職研修～求められる３つのマネジメント（人材、組織、業務）とリーダーシップ（２日間）,200,text/html; charset=UTF-8,https://www.insource.co.jp/bup/bup_new_kanrisyoku2.html,,2,https://www.insource.co.jp/kanrisyoku/kanrisyoku_top.html,/bup/,/bup/bup_new_kanrisyoku2.html/,1724,https://www.insource.co.jp/bup/bup_new_kanrisyoku2.html,2026-09-03T03:01:32.656218+00:00,
https://www.insource.co.jp/promotion-training/kanrisyoku_5days.html,管理職研修～役職者として早期に自覚を持つ（５日間）:現場で使える研修ならインソース,管理職研修～役職者として早期に自覚を持つ（５日間）,200,text/html; charset=UTF-8,https://www.insource.co.jp/promotion-training/kanrisyoku_5days.html,,2,https://www.insource.co.jp/kanrisyoku/kanrisyoku_top.html,/promotion-training/,/promotion-training/kanrisyoku_5days.html/,1147,https://www.insource.co.jp/promotion-training/kanrisyoku_5days.html,2026-09-03T03:01:35.400244+00:00,
https://www.insource.co.jp/kanrisyoku/assessor-for-kanrisyoku.html,アセッサー派遣型研修～管理職の基本的なマネジメントスキル編（１日間）:現場で使える研修ならインソース,アセッサー派遣型研修～管理職の基本的なマネジメントスキル編（１日間）,200,text/html; charset=UTF-8,https://www.insource.co.jp/kanrisyoku/assessor-for-kanrisyoku.html,,2,https://www.insource.co.jp/kanrisyoku/kanrisyoku_top.html,/kanrisyoku/,/kanrisyoku/assessor-for-kanrisyoku.html/,873,https://www.insource.co.jp/kanrisyoku/assessor-for-kanrisyoku.html,2026-09-03T03:01:37.418591+00:00,
https://www.insource.co.jp/bup/bup_chief_learn.html,【研修セミナー公開講座】３００人企業のための階層別研修～係長編- 株式会社インソース,３００人企業のための階層別研修～係長編,200,text/html; charset=UTF-8,https://www.insource.co.jp/bup/bup_chief_learn.html,,2,https://www.insource.co.jp/kanrisyoku/kanrisyoku_top.html,/bup/,/bup/bup_chief_learn.html/,1718,https://www.insource.co.jp/bup/bup_chief_learn.html,2026-09-03T03:01:39.133683+00:00,
https://www.insource.co.jp/bup/bup_sectionchief_learn.html,【研修セミナー公開講座】３００人企業のための階層別研修～課長編- 株式会社インソース,３００人企業のための階層別研修～課長編,200,text/html; charset=UTF-8,https://www.insource.co.jp/bup/bup_sectionchief_learn.html,,2,https://www.insource.co.jp/kanrisyoku/kanrisyoku_top.html,/bup/,/bup/bup_sectionchief_learn.html/,1681,https://www.insource.co.jp/bup/bup_sectionchief_learn.html,2026-09-03T03:01:41.728684+00:00,
https://www.insource.co.jp/bup/ojt-supervisor.html,【研修セミナー公開講座】ＯＪＴ監督者研修- 株式会社インソース,ＯＪＴ監督者研修,200,text/html; charset=UTF-8,https://www.insource.co.jp/bup/ojt-supervisor.html,,2,https://www.insource.co.jp/kanrisyoku/kanrisyoku_top.html,/bup/,/bup/ojt-supervisor.html/,1741,https://www.insource.co.jp/bup/ojt-supervisor.html,2026-09-03T03:01:44.416761+00:00,
https://www.insource.co.jp/communication/kanrisyoku_basic.html,管理職のためのコミュニケーション研修（１日間）:現場で使える研修ならインソース,管理職のためのコミュニケーション研修（１日間）,200,text/html; charset=UTF-8,https://www.insource.co.jp/communication/kanrisyoku_basic.html,,2,https://www.insource.co.jp/kanrisyoku/kanrisyoku_top.html,/communication/,/communication/kanrisyoku_basic.html/,1211,https://www.insource.co.jp/communication/kanrisyoku_basic.html,2026-09-03T03:01:47.044740+00:00,
https://www.insource.co.jp/bup/power-sexual-harassment.html,【研修セミナー公開講座】（半日研修）ハラスメント防止研修～セクハラ・パワハラの新常識- 株式会社インソース,（半日研修）ハラスメント防止研修～セクハラ・パワハラの新常識,200,text/html; charset=UTF-8,https://www.insource.co.jp/bup/power-sexual-harassment.html,,2,https://www.insource.co.jp/kanrisyoku/kanrisyoku_top.html,/bup/,/bup/power-sexual-harassment.html/,2063,https://www.insource.co.jp/bup/power-sexual-harassment.html,2026-09-03T03:01:49.118882+00:00,
https://www.insource.co.jp/bup/bup_gyoumukaizen_practice.html,【研修セミナー公開講座】プロジェクト推進研修～関係者を巻き込み業務改善を実現に導く- 株式会社インソース,プロジェクト推進研修～関係者を巻き込み業務改善を実現に導く,200,text/html; charset=UTF-8,https://www.insource.co.jp/bup/bup_gyoumukaizen_practice.html,,2,https://www.insource.co.jp/kanrisyoku/kanrisyoku_top.html,/bup/,/bup/bup_gyoumukaizen_practice.html/,2441,https://www.insource.co.jp/bup/bup_gyoumukaizen_practice.html,2026-09-03T03:01:52.283195+00:00,
https://www.insource.co.jp/bup/bup_productivity-improvement.html,【研修セミナー公開講座】管理職向け生産性向上研修～かんばん方式を応用し、５つのムダをなくす- 株式会社インソース,管理職向け生産性向上研修～かんばん方式を応用し、５つのムダをなくす,200,text/html; charset=UTF-8,https://www.insource.co.jp/bup/bup_productivity-improvement.html,,2,https://www.insource.co.jp/kanrisyoku/kanrisyoku_top.html,/bup/,/bup/bup_productivity-improvement.html/,2140,https://www.insource.co.jp/bup/bup_productivity-improvement.html,2026-09-03T03:01:55.666522+00:00,
https://www.insource.co.jp/kenshu/lack-of-human-resource.html,業務改善研修～人員不足を乗り越える編（半日間）:現場で使える研修ならインソース,業務改善研修～人員不足を乗り越える編（半日間）,200,text/html; charset=UTF-8,https://www.insource.co.jp/kenshu/lack-of-human-resource.html,,2,https://www.insource.co.jp/kanrisyoku/kanrisyoku_top.html,/kenshu/,/kenshu/lack-of-human-resource.html/,784,https://www.insource.co.jp/kenshu/lack-of-human-resource.html,2026-09-03T03:01:58.865204+00:00,
https://www.insource.co.jp/gyokai/ai-gyoumukaizen.html,ＡＩ・人工知能を使った業務改善研修（１日間）:現場で使える研修ならインソース,ＡＩ・人工知能を使った業務改善研修（１日間）,200,text/html; charset=UTF-8,https://www.insource.co.jp/gyokai/ai-gyoumukaizen.html,,2,https://www.insource.co.jp/kanrisyoku/kanrisyoku_top.html,/gyokai/,/gyokai/ai-gyoumukaizen.html/,1361,https://www.insource.co.jp/gyokai/ai-gyoumukaizen.html,2026-09-03T03:02:00.475790+00:00,
https://www.insource.co.jp/kanrisyoku/qc-leader-2days.html,ＱＣリーダー研修～ＱＣ活動の推進力を身につける（２日間）:現場で使える研修ならインソース,ＱＣリーダー研修～ＱＣ活動の推進力を身につける（２日間）,200,text/html; charset=UTF-8,https://www.insource.co.jp/kanrisyoku/qc-leader-2days.html,,2,https://www.insource.co.jp/kanrisyoku/kanrisyoku_top.html,/kanrisyoku/,/kanrisyoku/qc-leader-2days.html/,782,https://www.insource.co.jp/kanrisyoku/qc-leader-2days.html,2026-09-03T03:02:02.712103+00:00,
https://www.insource.co.jp/bup/bup_mistakeprevention_mgr.html,【研修セミナー公開講座】管理職向け事務ミス防止研修～ミスの起こらない仕組みづくり- 株式会社インソース,管理職向け事務ミス防止研修～ミスの起こらない仕組みづくり,200,text/html; charset=UTF-8,https://www.insource.co.jp/bup/bup_mistakeprevention_mgr.html,,2,https://www.insource.co.jp/kanrisyoku/kanrisyoku_top.html,/bup/,/bup/bup_mistakeprevention_mgr.html/,1638,https://www.insource.co.jp/bup/bup_mistakeprevention_mgr.html,2026-09-03T03:02:04.311515+00:00,
https://www.insource.co.jp/bup/management-strategy.html,【研修セミナー公開講座】業務改善研修～名著『トヨタ生産方式』に学ぶカイゼンの本質- 株式会社インソース,業務改善研修～名著『トヨタ生産方式』に学ぶカイゼンの本質,200,text/html; charset=UTF-8,https://www.insource.co.jp/bup/management-strategy.html,,2,https://www.insource.co.jp/kanrisyoku/kanrisyoku_top.html,/bup/,/bup/management-strategy.html/,2238,https://www.insource.co.jp/bup/management-strategy.html,2026-09-03T03:02:06.967462+00:00,
https://www.insource.co.jp/bup/bup_executive-genai-governance.html,【研修セミナー公開講座】（半日研修）経営幹部・管理職向け生成ＡＩ活用研修～リスクを理解し運用方針を決める- 株式会社インソース,（半日研修）経営幹部・管理職向け生成ＡＩ活用研修～リスクを理解し運用方針を決める,200,text/html; charset=UTF-8,https://www.insource.co.jp/bup/bup_executive-genai-governance.html,,2,https://www.insource.co.jp/kanrisyoku/kanrisyoku_top.html,/bup/,/bup/bup_executive-genai-governance.html/,2335,https://www.insource.co.jp/bup/bup_executive-genai-governance.html,2026-09-03T03:02:10.131160+00:00,
https://www.insource.co.jp/kanrisyoku/diversity-management.html,ダイバーシティ時代の管理職研修～３ステップで誰もが活躍できる職場をつくる（１日間）:現場で使える研修ならインソース,ダイバーシティ時代の管理職研修～３ステップで誰もが活躍できる職場をつくる（１日間）,200,text/html; charset=UTF-8,https://www.insource.co.jp/kanrisyoku/diversity-management.html,,2,https://www.insource.co.jp/kanrisyoku/kanrisyoku_top.html,/kanrisyoku/,/kanrisyoku/diversity-management.html/,743,https://www.insource.co.jp/kanrisyoku/diversity-management.html,2026-09-03T03:02:13.382554+00:00,
https://www.insource.co.jp/bup/bup-management-deib.html,【研修セミナー公開講座】現代管理職のためのＤＥＩ＆Ｂ推進研修- 株式会社インソース,現代管理職のためのＤＥＩ＆Ｂ推進研修,200,text/html; charset=UTF-8,https://www.insource.co.jp/bup/bup-management-deib.html,,2,https://www.insource.co.jp/kanrisyoku/kanrisyoku_top.html,/bup/,/bup/bup-management-deib.html/,1568,https://www.insource.co.jp/bup/bup-management-deib.html,2026-09-03T03:02:15.065106+00:00,
https://www.insource.co.jp/inclusion/work_assignment.html,業務采配の仕方研修～時短や育休など様々な働き方に対応する（１日間）:現場で使える研修ならインソース,業務采配の仕方研修～時短や育休など様々な働き方に対応する（１日間）,200,text/html; charset=UTF-8,https://www.insource.co.jp/inclusion/work_assignment.html,,2,https://www.insource.co.jp/kanrisyoku/kanrisyoku_top.html,/inclusion/,/inclusion/work_assignment.html/,896,https://www.insource.co.jp/inclusion/work_assignment.html,2026-09-03T03:02:17.497070+00:00,
https://www.insource.co.jp/kanrisyoku/women-management.html,管理職向け女性活躍推進研修～部下の成長と活躍を促すマネジメント力強化編（１日間）:現場で使える研修ならインソース,管理職向け女性活躍推進研修～部下の成長と活躍を促すマネジメント力強化編（１日間）,200,text/html; charset=UTF-8,https://www.insource.co.jp/kanrisyoku/women-management.html,,2,https://www.insource.co.jp/kanrisyoku/kanrisyoku_top.html,/kanrisyoku/,/kanrisyoku/women-management.html/,723,https://www.insource.co.jp/kanrisyoku/women-management.html,2026-09-03T03:02:19.236659+00:00,
https://www.insource.co.jp/bup/training_female_leaders.html,【研修セミナー公開講座】男性のための部下育成研修～女性リーダーの活躍を支援する- 株式会社インソース,男性のための部下育成研修～女性リーダーの活躍を支援する,200,text/html; charset=UTF-8,https://www.insource.co.jp/bup/training_female_leaders.html,,2,https://www.insource.co.jp/kanrisyoku/kanrisyoku_top.html,/bup/,/bup/training_female_leaders.html/,2272,https://www.insource.co.jp/bup/training_female_leaders.html,2026-09-03T03:02:20.773386+00:00,
https://www.insource.co.jp/bup/bup_employee_engagement.html,【研修セミナー公開講座】管理職向け従業員エンゲージメント向上研修～働きがいのある職場づくりでチームの活性化をはかる- 株式会社インソース,管理職向け従業員エンゲージメント向上研修～働きがいのある職場づくりでチームの活性化をはかる,200,text/html; charset=UTF-8,https://www.insource.co.jp/bup/bup_employee_engagement.html,,2,https://www.insource.co.jp/kanrisyoku/kanrisyoku_top.html,/bup/,/bup/bup_employee_engagement.html/,2283,https://www.insource.co.jp/bup/bup_employee_engagement.html,2026-09-03T03:02:24.134787+00:00,
https://www.insource.co.jp/bup/bup_risk-taking-leadership.html,【研修セミナー公開講座】（リーダー向け）リスクテイキング推進研修～部下の挑戦を促すチームづくり- 株式会社インソース,（リーダー向け）リスクテイキング推進研修～部下の挑戦を促すチームづくり,200,text/html; charset=UTF-8,https://www.insource.co.jp/bup/bup_risk-taking-leadership.html,,2,https://www.insource.co.jp/kanrisyoku/kanrisyoku_top.html,/bup/,/bup/bup_risk-taking-leadership.html/,1844,https://www.insource.co.jp/bup/bup_risk-taking-leadership.html,2026-09-03T03:02:27.390924+00:00,
https://www.insource.co.jp/bup/bup-remote-rule-making.html,【研修セミナー公開講座】テレワークにおける管理職研修～共通のルールづくりで成果をあげる- 株式会社インソース,テレワークにおける管理職研修～共通のルールづくりで成果をあげる,200,text/html; charset=UTF-8,https://www.insource.co.jp/bup/bup-remote-rule-making.html,,2,https://www.insource.co.jp/kanrisyoku/kanrisyoku_top.html,/bup/,/bup/bup-remote-rule-making.html/,1729,https://www.insource.co.jp/bup/bup-remote-rule-making.html,2026-09-03T03:02:30.304603+00:00,
https://www.insource.co.jp/mentor/reverse_mentoring.html,管理職向けメンティ研修～リバースメンタリングで学びなおす（１日間）:現場で使える研修ならインソース,管理職向けメンティ研修～リバースメンタリングで学びなおす（１日間）,200,text/html; charset=UTF-8,https://www.insource.co.jp/mentor/reverse_mentoring.html,,2,https://www.insource.co.jp/kanrisyoku/kanrisyoku_top.html,/mentor/,/mentor/reverse_mentoring.html/,1044,https://www.insource.co.jp/mentor/reverse_mentoring.html,2026-09-03T03:02:34.034160+00:00,
https://www.insource.co.jp/bup/bup_senior_favorable.html,【研修セミナー公開講座】管理職向けコミュニケーション研修～シニア人材と良好な関係を築く編- 株式会社インソース,管理職向けコミュニケーション研修～シニア人材と良好な関係を築く編,200,text/html; charset=UTF-8,https://www.insource.co.jp/bup/bup_senior_favorable.html,,2,https://www.insource.co.jp/kanrisyoku/kanrisyoku_top.html,/bup/,/bup/bup_senior_favorable.html/,2044,https://www.insource.co.jp/bup/bup_senior_favorable.html,2026-09-03T03:02:36.067183+00:00,
https://www.insource.co.jp/communication/type-of-subordinate.html,管理職向けコミュニケーション研修～部下との信頼関係づくり編（半日間）:現場で使える研修ならインソース,管理職向けコミュニケーション研修～部下との信頼関係づくり編（半日間）,200,text/html; charset=UTF-8,https://www.insource.co.jp/communication/type-of-subordinate.html,,2,https://www.insource.co.jp/kanrisyoku/kanrisyoku_top.html,/communication/,/communication/type-of-subordinate.html/,641,https://www.insource.co.jp/communication/type-of-subordinate.html,2026-09-03T03:02:39.090862+00:00,
https://www.insource.co.jp/harassment/bias.html,認知の違いから実感するハラスメント防止研修～認知のバイアスに気づき、よりよい職場を作る（半日間）:現場で使える研修ならインソース,認知の違いから実感するハラスメント防止研修～認知のバイアスに気づき、よりよい職場を作る（半日間）,200,text/html; charset=UTF-8,https://www.insource.co.jp/harassment/bias.html,,2,https://www.insource.co.jp/kanrisyoku/kanrisyoku_top.html,/harassment/,/harassment/bias.html/,799,https://www.insource.co.jp/harassment/bias.html,2026-09-03T03:02:40.533735+00:00,
https://www.insource.co.jp/bup/bup-hybrid-work.html,【研修セミナー公開講座】（管理職向け）ハイブリッドワーク運用研修～多様な働き方を叶える４つのポイント- 株式会社インソース,（管理職向け）ハイブリッドワーク運用研修～多様な働き方を叶える４つのポイント,200,text/html; charset=UTF-8,https://www.insource.co.jp/bup/bup-hybrid-work.html,,2,https://www.insource.co.jp/kanrisyoku/kanrisyoku_top.html,/bup/,/bup/bup-hybrid-work.html/,1773,https://www.insource.co.jp/bup/bup-hybrid-work.html,2026-09-03T03:02:42.291078+00:00,
https://www.insource.co.jp/kanrisyoku/ikuji-shokuba.html,管理職向け育児関連研修～無意識のバイアスを自覚し、ダイバーシティ時代の職場環境づくりを考える（半日間）:現場で使える研修ならインソース,管理職向け育児関連研修～無意識のバイアスを自覚し、ダイバーシティ時代の職場環境づくりを考える（半日間）,200,text/html; charset=UTF-8,https://www.insource.co.jp/kanrisyoku/ikuji-shokuba.html,,2,https://www.insource.co.jp/kanrisyoku/kanrisyoku_top.html,/kanrisyoku/,/kanrisyoku/ikuji-shokuba.html/,1101,https://www.insource.co.jp/kanrisyoku/ikuji-shokuba.html,2026-09-03T03:02:44.960191+00:00,
https://www.insource.co.jp/inclusion/pater_care.html,パタハラ・ケアハラ防止研修～誰もが安心して働ける職場づくり（半日間）:現場で使える研修ならインソース,パタハラ・ケアハラ防止研修～誰もが安心して働ける職場づくり（半日間）,200,text/html; charset=UTF-8,https://www.insource.co.jp/inclusion/pater_care.html,,2,https://www.insource.co.jp/kanrisyoku/kanrisyoku_top.html,/inclusion/,/inclusion/pater_care.html/,1450,https://www.insource.co.jp/inclusion/pater_care.html,2026-09-03T03:02:46.913169+00:00,
https://www.insource.co.jp/bup/bup_manager-womens-health.html,【研修セミナー公開講座】（半日研修）管理職研修～事例から学ぶ女性の健康課題- 株式会社インソース,（半日研修）管理職研修～事例から学ぶ女性の健康課題,200,text/html; charset=UTF-8,https://www.insource.co.jp/bup/bup_manager-womens-health.html,,2,https://www.insource.co.jp/kanrisyoku/kanrisyoku_top.html,/bup/,/bup/bup_manager-womens-health.html/,2005,https://www.insource.co.jp/bup/bup_manager-womens-health.html,2026-09-03T03:02:49.389686+00:00,
https://www.insource.co.jp/roumukanri/senior_rosaibousi.html,シニアの労働災害防止研修～安全で快適な職場環境を考える（半日間）:現場で使える研修ならインソース,シニアの労働災害防止研修～安全で快適な職場環境を考える（半日間）,200,text/html; charset=UTF-8,https://www.insource.co.jp/roumukanri/senior_rosaibousi.html,,2,https://www.insource.co.jp/kanrisyoku/kanrisyoku_top.html,/roumukanri/,/roumukanri/senior_rosaibousi.html/,1057,https://www.insource.co.jp/roumukanri/senior_rosaibousi.html,2026-09-03T03:02:52.305175+00:00,
https://www.insource.co.jp/organizational-development/boss_management.html,ボス・マネジメント研修～最も身近なキーパーソン「上司」を攻略する（１日間）:現場で使える研修ならインソース,ボス・マネジメント研修～最も身近なキーパーソン「上司」を攻略する（１日間）,200,text/html; charset=UTF-8,https://www.insource.co.jp/organizational-development/boss_management.html,,2,https://www.insource.co.jp/kanrisyoku/kanrisyoku_top.html,/organizational-development/,/organizational-development/boss_management.html/,1037,https://www.insource.co.jp/organizational-development/boss_management.html,2026-09-03T03:02:54.225540+00:00,
https://www.insource.co.jp/bup/bup_kanrishoku3.html,【研修セミナー公開講座】メンタルヘルス研修～ラインケア- 株式会社インソース,メンタルヘルス研修～ラインケア,200,text/html; charset=UTF-8,https://www.insource.co.jp/bup/bup_kanrishoku3.html,,2,https://www.insource.co.jp/kanrisyoku/kanrisyoku_top.html,/bup/,/bup/bup_kanrishoku3.html/,2029,https://www.insource.co.jp/bup/bup_kanrishoku3.html,2026-09-03T03:02:56.108565+00:00,
https://www.insource.co.jp/bup/bup-buka-mendanryoku.html,【研修セミナー公開講座】部下との面談力向上研修- 株式会社インソース,部下との面談力向上研修,200,text/html; charset=UTF-8,https://www.insource.co.jp/bup/bup-buka-mendanryoku.html,,2,https://www.insource.co.jp/kanrisyoku/kanrisyoku_top.html,/bup/,/bup/bup-buka-mendanryoku.html/,2133,https://www.insource.co.jp/bup/bup-buka-mendanryoku.html,2026-09-03T03:02:59.242884+00:00,
https://www.insource.co.jp/bup/bup_hardclaim_kanri.html,【研修セミナー公開講座】悪質クレーム対応研修～招かれざるお客さま・カスハラへの対応の仕方（管理職・責任者向け）- 株式会社インソース,悪質クレーム対応研修～招かれざるお客さま・カスハラへの対応の仕方（管理職・責任者向け）,200,text/html; charset=UTF-8,https://www.insource.co.jp/bup/bup_hardclaim_kanri.html,,2,https://www.insource.co.jp/kanrisyoku/kanrisyoku_top.html,/bup/,/bup/bup_hardclaim_kanri.html/,1566,https://www.insource.co.jp/bup/bup_hardclaim_kanri.html,2026-09-03T03:03:02.322398+00:00,
https://www.insource.co.jp/bup/bup_communication_troubleshooting.html,【研修セミナー公開講座】リーダーのためのコミュニケーション実践研修～トラブル解決編- 株式会社インソース,リーダーのためのコミュニケーション実践研修～トラブル解決編,200,text/html; charset=UTF-8,https://www.insource.co.jp/bup/bup_communication_troubleshooting.html,,2,https://www.insource.co.jp/kanrisyoku/kanrisyoku_top.html,/bup/,/bup/bup_communication_troubleshooting.html/,1763,https://www.insource.co.jp/bup/bup_communication_troubleshooting.html,2026-09-03T03:03:04.905859+00:00,
https://www.insource.co.jp/bup/manager-customer-harassment.html,【研修セミナー公開講座】管理職向けカスタマーハラスメント対策研修～従業員を守るための「判断基準」と「対応策」- 株式会社インソース,管理職向けカスタマーハラスメント対策研修～従業員を守るための「判断基準」と「対応策」,200,text/html; charset=UTF-8,https://www.insource.co.jp/bup/manager-customer-harassment.html,,2,https://www.insource.co.jp/kanrisyoku/kanrisyoku_top.html,/bup/,/bup/manager-customer-harassment.html/,1633,https://www.insource.co.jp/bup/manager-customer-harassment.html,2026-09-03T03:03:07.548511+00:00,
https://www.insource.co.jp/bup/bup_compliance_privacy.html,【研修セミナー公開講座】（半日研修）（管理職向け）コンプライアンス研修～組織における不祥事防止- 株式会社インソース,（半日研修）（管理職向け）コンプライアンス研修～組織における不祥事防止,200,text/html; charset=UTF-8,https://www.insource.co.jp/bup/bup_compliance_privacy.html,,2,https://www.insource.co.jp/kanrisyoku/kanrisyoku_top.html,/bup/,/bup/bup_compliance_privacy.html/,1951,https://www.insource.co.jp/bup/bup_compliance_privacy.html,2026-09-03T03:03:10.050817+00:00,
https://www.insource.co.jp/organizational-development/human_resources.html,ヒューマンリソース・マネジメント研修（１日間）:現場で使える研修ならインソース,ヒューマンリソース・マネジメント研修（１日間）,200,text/html; charset=UTF-8,https://www.insource.co.jp/organizational-development/human_resources.html,,2,https://www.insource.co.jp/kanrisyoku/kanrisyoku_top.html,/organizational-development/,/organizational-development/human_resources.html/,875,https://www.insource.co.jp/organizational-development/human_resources.html,2026-09-03T03:03:13.091567+00:00,
https://www.insource.co.jp/bup/bup-human-resource.html,【研修セミナー公開講座】（半日研修）非正規・委託人材活用の基本を学ぶ研修- 株式会社インソース,（半日研修）非正規・委託人材活用の基本を学ぶ研修,200,text/html; charset=UTF-8,https://www.insource.co.jp/bup/bup-human-resource.html,,2,https://www.insource.co.jp/kanrisyoku/kanrisyoku_top.html,/bup/,/bup/bup-human-resource.html/,1654,https://www.insource.co.jp/bup/bup-human-resource.html,2026-09-03T03:03:14.804914+00:00,
https://www.insource.co.jp/bup/moment-of-truth.html,【研修セミナー公開講座】変革リーダー研修～名著『真実の瞬間』に学ぶ顧客起点の組織づくり- 株式会社インソース,変革リーダー研修～名著『真実の瞬間』に学ぶ顧客起点の組織づくり,200,text/html; charset=UTF-8,https://www.insource.co.jp/bup/moment-of-truth.html,,2,https://www.insource.co.jp/kanrisyoku/kanrisyoku_top.html,/bup/,/bup/moment-of-truth.html/,2108,https://www.insource.co.jp/bup/moment-of-truth.html,2026-09-03T03:03:17.331104+00:00,
https://www.insource.co.jp/mokuhyokanri/okr_basic.html,目標管理（ＯＫＲ）研修（１日間）:現場で使える研修ならインソース,目標管理（ＯＫＲ）研修（１日間）,200,text/html; charset=UTF-8,https://www.insource.co.jp/mokuhyokanri/okr_basic.html,,2,https://www.insource.co.jp/kanrisyoku/kanrisyoku_top.html,/mokuhyokanri/,/mokuhyokanri/okr_basic.html/,896,https://www.insource.co.jp/mokuhyokanri/okr_basic.html,2026-09-03T03:03:20.515164+00:00,
https://www.insource.co.jp/management/managementstyle_theory.html,ミンツバーグから学ぶマネジメント研修～３つの活動と10の役割（半日間）:現場で使える研修ならインソース,ミンツバーグから学ぶマネジメント研修～３つの活動と10の役割（半日間）,200,text/html; charset=UTF-8,https://www.insource.co.jp/management/managementstyle_theory.html,,2,https://www.insource.co.jp/kanrisyoku/kanrisyoku_top.html,/management/,/management/managementstyle_theory.html/,1161,https://www.insource.co.jp/management/managementstyle_theory.html,2026-09-03T03:03:22.255132+00:00,
https://www.insource.co.jp/kanrisyoku/ka_kanrisyokukouho.html,管理職候補者向け研修～リーダーの役割と必要なスキル編（１日間）:現場で使える研修ならインソース,管理職候補者向け研修～リーダーの役割と必要なスキル編（１日間）,200,text/html; charset=UTF-8,https://www.insource.co.jp/kanrisyoku/ka_kanrisyokukouho.html,,2,https://www.insource.co.jp/kanrisyoku/kanrisyoku_top.html,/kanrisyoku/,/kanrisyoku/ka_kanrisyokukouho.html/,879,https://www.insource.co.jp/kanrisyoku/ka_kanrisyokukouho.html,2026-09-03T03:03:24.276589+00:00,
https://www.insource.co.jp/kanrisyoku/ka_chuken4.html,中堅社員研修～管理職になるためのステップアップ編(２日間):現場で使える研修ならインソース,中堅社員研修～管理職になるためのステップアップ編(２日間),200,text/html; charset=UTF-8,https://www.insource.co.jp/kanrisyoku/ka_chuken4.html,,2,https://www.insource.co.jp/kanrisyoku/kanrisyoku_top.html,/kanrisyoku/,/kanrisyoku/ka_chuken4.html/,1054,https://www.insource.co.jp/kanrisyoku/ka_chuken4.html,2026-09-03T03:03:25.994333+00:00,
https://www.insource.co.jp/transition/careerup_manager.html,キャリア意識向上研修～マネージャーを目指す人を増やす（１日間）:現場で使える研修ならインソース,キャリア意識向上研修～マネージャーを目指す人を増やす（１日間）,200,text/html; charset=UTF-8,https://www.insource.co.jp/transition/careerup_manager.html,,2,https://www.insource.co.jp/kanrisyoku/kanrisyoku_top.html,/transition/,/transition/careerup_manager.html/,1545,https://www.insource.co.jp/transition/careerup_manager.html,2026-09-03T03:03:28.087184+00:00,
https://www.insource.co.jp/kanrisyoku/kakaricho_kouho.html,係長候補者向け昇格前研修:現場で使える研修ならインソース,係長候補者向け昇格前研修,200,text/html; charset=UTF-8,https://www.insource.co.jp/kanrisyoku/kakaricho_kouho.html,,2,https://www.insource.co.jp/kanrisyoku/kanrisyoku_top.html,/kanrisyoku/,/kanrisyoku/kakaricho_kouho.html/,875,https://www.insource.co.jp/kanrisyoku/kakaricho_kouho.html,2026-09-03T03:03:30.515482+00:00,
https://www.insource.co.jp/kanrisyoku/next-manager.html,課長代理研修～管理職見習いとしてのアドバンテージを活かす（１日間）:現場で使える研修ならインソース,課長代理研修～管理職見習いとしてのアドバンテージを活かす（１日間）,200,text/html; charset=UTF-8,https://www.insource.co.jp/kanrisyoku/next-manager.html,,2,https://www.insource.co.jp/kanrisyoku/kanrisyoku_top.html,/kanrisyoku/,/kanrisyoku/next-manager.html/,818,https://www.insource.co.jp/kanrisyoku/next-manager.html,2026-09-03T03:03:32.241854+00:00,
https://www.insource.co.jp/follow-up/ka_kanrisyoku.html,初級管理職研修～「階層別テスト」の結果から、自身のマネジメントを振り返る（１日間）:現場で使える研修ならインソース,初級管理職研修～「階層別テスト」の結果から、自身のマネジメントを振り返る（１日間）,200,text/html; charset=UTF-8,https://www.insource.co.jp/follow-up/ka_kanrisyoku.html,,2,https://www.insource.co.jp/kanrisyoku/kanrisyoku_top.html,/follow-up/,/follow-up/ka_kanrisyoku.html/,846,https://www.insource.co.jp/follow-up/ka_kanrisyoku.html,2026-09-03T03:03:33.897260+00:00,
https://www.insource.co.jp/kanrisyoku/assessor-solution.html,アセッサー派遣型研修～初級管理職向け判断力・問題解決力強化編（１日間）:現場で使える研修ならインソース,アセッサー派遣型研修～初級管理職向け判断力・問題解決力強化編（１日間）,200,text/html; charset=UTF-8,https://www.insource.co.jp/kanrisyoku/assessor-solution.html,,2,https://www.insource.co.jp/kanrisyoku/kanrisyoku_top.html,/kanrisyoku/,/kanrisyoku/assessor-solution.html/,886,https://www.insource.co.jp/kanrisyoku/assessor-solution.html,2026-09-03T03:03:35.732655+00:00,
https://www.insource.co.jp/bup/new-senior-staff.html,【研修セミナー公開講座】新任主任研修～リーダーの自覚と責任- 株式会社インソース,新任主任研修～リーダーの自覚と責任,200,text/html; charset=UTF-8,https://www.insource.co.jp/bup/new-senior-staff.html,,2,https://www.insource.co.jp/kanrisyoku/kanrisyoku_top.html,/bup/,/bup/new-senior-staff.html/,1794,https://www.insource.co.jp/bup/new-senior-staff.html,2026-09-03T03:03:37.469630+00:00,
https://www.insource.co.jp/bup/new-senior-staff-levelup.html,【研修セミナー公開講座】主任レベルアップ研修～悩みを解決し、前進する- 株式会社インソース,主任レベルアップ研修～悩みを解決し、前進する,200,text/html; charset=UTF-8,https://www.insource.co.jp/bup/new-senior-staff-levelup.html,,2,https://www.insource.co.jp/kanrisyoku/kanrisyoku_top.html,/bup/,/bup/new-senior-staff-levelup.html/,1592,https://www.insource.co.jp/bup/new-senior-staff-levelup.html,2026-09-03T03:03:40.170785+00:00,
https://www.insource.co.jp/bup/new-chief-clerk-levelup.html,【研修セミナー公開講座】係長レベルアップ研修～改善を加速させる実行力- 株式会社インソース,係長レベルアップ研修～改善を加速させる実行力,200,text/html; charset=UTF-8,https://www.insource.co.jp/bup/new-chief-clerk-levelup.html,,2,https://www.insource.co.jp/kanrisyoku/kanrisyoku_top.html,/bup/,/bup/new-chief-clerk-levelup.html/,1624,https://www.insource.co.jp/bup/new-chief-clerk-levelup.html,2026-09-03T03:03:42.637810+00:00,
https://www.insource.co.jp/bup/new-section-chief-levelup.html,【研修セミナー公開講座】課長レベルアップ研修～迷いを払拭し、変化に挑む- 株式会社インソース,課長レベルアップ研修～迷いを払拭し、変化に挑む,200,text/html; charset=UTF-8,https://www.insource.co.jp/bup/new-section-chief-levelup.html,,2,https://www.insource.co.jp/kanrisyoku/kanrisyoku_top.html,/bup/,/bup/new-section-chief-levelup.html/,1668,https://www.insource.co.jp/bup/new-section-chief-levelup.html,2026-09-03T03:03:45.309934+00:00,
https://www.insource.co.jp/bup/bup_pdca_risk_innovation.html,【研修セミナー公開講座】中級（課長級）管理職研修～ＰＤＣＡ・突破力編- 株式会社インソース,中級（課長級）管理職研修～ＰＤＣＡ・突破力編,200,text/html; charset=UTF-8,https://www.insource.co.jp/bup/bup_pdca_risk_innovation.html,,2,https://www.insource.co.jp/kanrisyoku/kanrisyoku_top.html,/bup/,/bup/bup_pdca_risk_innovation.html/,1871,https://www.insource.co.jp/bup/bup_pdca_risk_innovation.html,2026-09-03T03:03:47.844544+00:00,
https://www.insource.co.jp/bup/bup_mentalhealth_genba_bukashidou.html,【研修セミナー公開講座】中級（課長級）管理職研修～課長としてのあり方・現場力編- 株式会社インソース,中級（課長級）管理職研修～課長としてのあり方・現場力編,200,text/html; charset=UTF-8,https://www.insource.co.jp/bup/bup_mentalhealth_genba_bukashidou.html,,2,https://www.insource.co.jp/kanrisyoku/kanrisyoku_top.html,/bup/,/bup/bup_mentalhealth_genba_bukashidou.html/,1806,https://www.insource.co.jp/bup/bup_mentalhealth_genba_bukashidou.html,2026-09-03T03:03:50.591814+00:00,
https://www.insource.co.jp/bup/new-deputy-director.html,【研修セミナー公開講座】新任次長研修～全体最適の調和力- 株式会社インソース,新任次長研修～全体最適の調和力,200,text/html; charset=UTF-8,https://www.insource.co.jp/bup/new-deputy-director.html,,2,https://www.insource.co.jp/kanrisyoku/kanrisyoku_top.html,/bup/,/bup/new-deputy-director.html/,1825,https://www.insource.co.jp/bup/new-deputy-director.html,2026-09-03T03:03:53.428481+00:00,
https://www.insource.co.jp/bup/new-deputy-director-levelup.html,【研修セミナー公開講座】次長レベルアップ研修～組織の要としての推進力- 株式会社インソース,次長レベルアップ研修～組織の要としての推進力,200,text/html; charset=UTF-8,https://www.insource.co.jp/bup/new-deputy-director-levelup.html,,2,https://www.insource.co.jp/kanrisyoku/kanrisyoku_top.html,/bup/,/bup/new-deputy-director-levelup.html/,1658,https://www.insource.co.jp/bup/new-deputy-director-levelup.html,2026-09-03T03:03:56.139661+00:00,
https://www.insource.co.jp/bup/new-division-manager.html,【研修セミナー公開講座】新任部長研修～経営視点の組織マネジメント- 株式会社インソース,新任部長研修～経営視点の組織マネジメント,200,text/html; charset=UTF-8,https://www.insource.co.jp/bup/new-division-manager.html,,2,https://www.insource.co.jp/kanrisyoku/kanrisyoku_top.html,/bup/,/bup/new-division-manager.html/,1822,https://www.insource.co.jp/bup/new-division-manager.html,2026-09-03T03:03:58.671132+00:00,
https://www.insource.co.jp/bup/bup_education-system.html,【研修セミナー公開講座】＜課題解決ワークセッション＞教育体系ツールをつくろう！（２日間）- 株式会社インソース,＜課題解決ワークセッション＞教育体系ツールをつくろう！（２日間）,200,text/html; charset=UTF-8,https://www.insource.co.jp/bup/bup_education-system.html,,2,https://www.insource.co.jp/kanrisyoku/kanrisyoku_top.html,/bup/,/bup/bup_education-system.html/,1651,https://www.insource.co.jp/bup/bup_education-system.html,2026-09-03T03:04:01.518398+00:00,
https://www.insource.co.jp/bup/bup_motivational-words.html,【研修セミナー公開講座】＜熱意と覚悟のマインドセット＞鼓舞する言葉徹底訓練ワークショップ- 株式会社インソース,＜熱意と覚悟のマインドセット＞鼓舞する言葉徹底訓練ワークショップ,200,text/html; charset=UTF-8,https://www.insource.co.jp/bup/bup_motivational-words.html,,2,https://www.insource.co.jp/kanrisyoku/kanrisyoku_top.html,/bup/,/bup/bup_motivational-words.html/,1944,https://www.insource.co.jp/bup/bup_motivational-words.html,2026-09-03T03:04:04.037611+00:00,
https://www.insource.co.jp/engagement/manager_workshop.html,管理職向けエンゲージメント向上ワークショップ（１日間）:現場で使える研修ならインソース,管理職向けエンゲージメント向上ワークショップ（１日間）,200,text/html; charset=UTF-8,https://www.insource.co.jp/engagement/manager_workshop.html,,2,https://www.insource.co.jp/kanrisyoku/kanrisyoku_top.html,/engagement/,/engagement/manager_workshop.html/,894,https://www.insource.co.jp/engagement/manager_workshop.html,2026-09-03T03:04:06.877575+00:00,
https://www.insource.co.jp/design-thinking/innovation_workshop.html,イノベーションの基礎理論とデザイン思考体感ワークショップ（１日間）:現場で使える研修ならインソース,イノベーションの基礎理論とデザイン思考体感ワークショップ（１日間）,200,text/html; charset=UTF-8,https://www.insource.co.jp/design-thinking/innovation_workshop.html,,2,https://www.insource.co.jp/kanrisyoku/kanrisyoku_top.html,/design-thinking/,/design-thinking/innovation_workshop.html/,836,https://www.insource.co.jp/design-thinking/innovation_workshop.html,2026-09-03T03:04:08.604686+00:00,
https://www.insource.co.jp/bup/bup_ai-ideathon.html,【研修セミナー公開講座】生成ＡＩを活用した企画立案ワークショップ～アイデアソンに取り組む- 株式会社インソース,生成ＡＩを活用した企画立案ワークショップ～アイデアソンに取り組む,200,text/html; charset=UTF-8,https://www.insource.co.jp/bup/bup_ai-ideathon.html,,2,https://www.insource.co.jp/kanrisyoku/kanrisyoku_top.html,/bup/,/bup/bup_ai-ideathon.html/,1682,https://www.insource.co.jp/bup/bup_ai-ideathon.html,2026-09-03T03:04:10.419298+00:00,
https://www.insource.co.jp/dougahyakkaten/management.html,マネジメントの原理原則講座:eラーニング・動画教材での研修もインソース,マネジメントの原理原則講座,200,text/html; charset=UTF-8,https://www.insource.co.jp/dougahyakkaten/management.html,,2,https://www.insource.co.jp/kanrisyoku/kanrisyoku_top.html,/dougahyakkaten/,/dougahyakkaten/management.html/,649,https://www.insource.co.jp/dougahyakkaten/management.html,2026-09-03T03:04:13.002960+00:00,
https://www.insource.co.jp/dougahyakkaten/roumukanri-kanrishoku.html,管理職のための労務管理研修～基礎知識を学び、快適な職場環境をつくる（冊子教材・テスト付き）:eラーニング・動画教材での研修もインソース,管理職のための労務管理研修～基礎知識を学び、快適な職場環境をつくる（冊子教材・テスト付き）,200,text/html; charset=UTF-8,https://www.insource.co.jp/dougahyakkaten/roumukanri-kanrishoku.html,,2,https://www.insource.co.jp/kanrisyoku/kanrisyoku_top.html,/dougahyakkaten/,/dougahyakkaten/roumukanri-kanrishoku.html/,643,https://www.insource.co.jp/dougahyakkaten/roumukanri-kanrishoku.html,2026-09-03T03:04:14.443540+00:00,
https://www.insource.co.jp/dougahyakkaten/mentalcare.html,メンタルヘルス（ラインケア）講座:eラーニング・動画教材での研修もインソース,メンタルヘルス（ラインケア）講座,200,text/html; charset=UTF-8,https://www.insource.co.jp/dougahyakkaten/mentalcare.html,,2,https://www.insource.co.jp/kanrisyoku/kanrisyoku_top.html,/dougahyakkaten/,/dougahyakkaten/mentalcare.html/,665,https://www.insource.co.jp/dougahyakkaten/mentalcare.html,2026-09-03T03:04:15.875975+00:00,
https://www.insource.co.jp/dougahyakkaten/good-place-to-work.html,管理職向け風通しのよい職場づくり講座（スライド付き）:eラーニング・動画教材での研修もインソース,管理職向け風通しのよい職場づくり講座（スライド付き）,200,text/html; charset=UTF-8,https://www.insource.co.jp/dougahyakkaten/good-place-to-work.html,,2,https://www.insource.co.jp/kanrisyoku/kanrisyoku_top.html,/dougahyakkaten/,/dougahyakkaten/good-place-to-work.html/,689,https://www.insource.co.jp/dougahyakkaten/good-place-to-work.html,2026-09-03T03:04:17.490738+00:00,
https://www.insource.co.jp/kataru/kanrisyoku_asesument.html,管理職アセスメントプログラムのポイントとは~研修を語る（研修解説） - 株式会社インソース,管理職アセスメントプログラムを語る,200,text/html; charset=UTF-8,https://www.insource.co.jp/kataru/kanrisyoku_asesument.html,,2,https://www.insource.co.jp/kanrisyoku/kanrisyoku_top.html,/kataru/,/kataru/kanrisyoku_asesument.html/,1016,https://www.insource.co.jp/kataru/kanrisyoku_asesument.html,2026-09-03T03:04:18.969632+00:00,
https://www.insource.co.jp/ihl/ft_methodology-of-communication03.html,"離職防止を実現する面談のコツ～不幸・失敗が９割の自己開示でスタート｜コミュニケーションの方法論３｜社員研修,教育 職員研修 人材育成ならインソース",離職防止を実現する面談のコツ～不幸・失敗が９割の自己開示でスタート｜コミュニケーションの方法論３,200,text/html; charset=UTF-8,https://www.insource.co.jp/ihl/ft_methodology-of-communication03.html,,2,https://www.insource.co.jp/kanrisyoku/kanrisyoku_top.html,/ihl/,/ihl/ft_methodology-of-communication03.html/,1168,https://www.insource.co.jp/ihl/ft_methodology-of-communication03.html,2026-09-03T03:04:20.816433+00:00,
https://www.insource.co.jp/keywords/360.html,「360度評価」とは？｜人事・労務キーワード集｜HR部門／トレンドワード／用語解説集,360度評価,200,text/html; charset=UTF-8,https://www.insource.co.jp/keywords/360.html,,2,https://www.insource.co.jp/kanrisyoku/kanrisyoku_top.html,/keywords/,/keywords/360.html/,645,https://www.insource.co.jp/keywords/360.html,2026-09-03T03:04:22.761809+00:00,
https://www.insource.co.jp/contents/column_hyokasyakokasya-towa.html,"研修の現場より 評価制度の浸透は「粘り強さ」がカギ - 社員研修,教育 職員研修 人材育成ならインソース",研修の現場より 評価制度の浸透は「粘り強さ」がカギ,200,text/html; charset=UTF-8,https://www.insource.co.jp/contents/column_hyokasyakokasya-towa.html,,2,https://www.insource.co.jp/kanrisyoku/kanrisyoku_top.html,/contents/,/contents/column_hyokasyakokasya-towa.html/,723,https://www.insource.co.jp/contents/column_hyokasyakokasya-towa.html,2026-09-03T03:04:24.171554+00:00,
https://www.insource.co.jp/contents/column_oodaloop.html,"OODAループをビジネスに活用する具体例～""前例踏襲""が通用しない時代を勝ち抜く！ - 社員研修,教育 職員研修 人材育成ならインソース","OODAループをビジネスに活用する具体例 ～""前例踏襲""が通用しない時代を勝ち抜く！",200,text/html; charset=UTF-8,https://www.insource.co.jp/contents/column_oodaloop.html,,2,https://www.insource.co.jp/kanrisyoku/kanrisyoku_top.html,/contents/,/contents/column_oodaloop.html/,833,https://www.insource.co.jp/contents/column_oodaloop.html,2026-09-03T03:04:26.920875+00:00,
https://www.insource.co.jp/contents/vml_top.html,経営・マネジメントのコツ ～バーチャルマネジメント研究所 トップ 新着情報 - 株式会社インソース,経営・マネジメントのコツ ～バーチャルマネジメント研究所 トップ 新着情報,200,text/html; charset=UTF-8,https://www.insource.co.jp/contents/vml_top.html,,2,https://www.insource.co.jp/kanrisyoku/kanrisyoku_top.html,/contents/,/contents/vml_top.html/,753,https://www.insource.co.jp/contents/vml_top.html,2026-09-03T03:04:28.563475+00:00,
https://www.insource.co.jp/contents/column_shido_veteran.html,"世代のギャップを乗り越え、部下の活躍につなげられる上司を目指す！ ～ベテラン世代の「複雑な感情」と、期待される役回りとは？ - 社員研修,教育 職員研修 人材育成ならインソース",世代のギャップを乗り越え、部下の活躍につなげられる上司を目指す！ ～ベテラン世代の「複雑な感情」と、期待される役回りとは？,200,text/html; charset=UTF-8,https://www.insource.co.jp/contents/column_shido_veteran.html,,2,https://www.insource.co.jp/kanrisyoku/kanrisyoku_top.html,/contents/,/contents/column_shido_veteran.html/,727,https://www.insource.co.jp/contents/column_shido_veteran.html,2026-09-03T03:04:30.107302+00:00,
https://www.insource.co.jp/contents/column_shido_wakate.html,"世代のギャップを乗り越え、部下の活躍につなげられる上司を目指す！ ～若手世代の「常識」と、力を引き出す接し方 とは？ - 社員研修,教育 職員研修 人材育成ならインソース",世代のギャップを乗り越え、部下の活躍につなげられる上司を目指す！ ～若手世代の「常識」と、力を引き出す接し方 とは？,200,text/html; charset=UTF-8,https://www.insource.co.jp/contents/column_shido_wakate.html,,2,https://www.insource.co.jp/kanrisyoku/kanrisyoku_top.html,/contents/,/contents/column_shido_wakate.html/,863,https://www.insource.co.jp/contents/column_shido_wakate.html,2026-09-03T03:04:31.620900+00:00,
https://www.insource.co.jp/kataru/dandori_1.html,段取り（管理職）研修のポイントとは~研修を語る（研修解説） - 株式会社インソース,段取り（管理職）研修を語る,200,text/html; charset=UTF-8,https://www.insource.co.jp/kataru/dandori_1.html,,2,https://www.insource.co.jp/kanrisyoku/kanrisyoku_top.html,/kataru/,/kataru/dandori_1.html/,276,https://www.insource.co.jp/kataru/dandori_1.html,2026-09-03T03:04:33.287786+00:00,
https://www.insource.co.jp/gam-batte/mgr/article/job_allocation.html,"管理職が知っておくべき、仕事の配分｜Gambatte｜ガンバッテ｜社員研修,教育 職員研修 人材育成ならインソース",管理職が知っておくべき、仕事の配分,200,text/html; charset=UTF-8,https://www.insource.co.jp/gam-batte/mgr/article/job_allocation.html,,2,https://www.insource.co.jp/kanrisyoku/kanrisyoku_top.html,/gam-batte/,/gam-batte/mgr/,1002,https://www.insource.co.jp/gam-batte/mgr/article/job_allocation.html,2026-09-03T03:04:34.353842+00:00,
https://www.insource.co.jp/gam-batte/mgr/article/goalsetting_follower.html,"部下の目標管理を上手に行うための５つのポイント｜Gambatte｜ガンバッテ｜社員研修,教育 職員研修 人材育成ならインソース",部下の目標管理を上手に行うための５つのポイント,200,text/html; charset=UTF-8,https://www.insource.co.jp/gam-batte/mgr/article/goalsetting_follower.html,,2,https://www.insource.co.jp/kanrisyoku/kanrisyoku_top.html,/gam-batte/,/gam-batte/mgr/,702,https://www.insource.co.jp/gam-batte/mgr/article/goalsetting_follower.html,2026-09-03T03:04:36.281161+00:00,
https://www.insource.co.jp/business-mind/perspective_up.html,視座を上げて主体性を発揮する研修～仕事をつくり出すビジネスパーソンになる（１日間）:現場で使える研修ならインソース,視座を上げて主体性を発揮する研修～仕事をつくり出すビジネスパーソンになる（１日間）,200,text/html; charset=UTF-8,https://www.insource.co.jp/business-mind/perspective_up.html,,2,https://www.insource.co.jp/kanrisyoku/chuken_top.html,/business-mind/,/business-mind/perspective_up.html/,1056,https://www.insource.co.jp/business-mind/perspective_up.html,2026-09-03T03:04:37.741762+00:00,
https://www.insource.co.jp/self-management/strategic_branding.html,セルフブランディング研修～強みの明確化と戦略的な発信で唯一無二を目指す（１日間）:現場で使える研修ならインソース,セルフブランディング研修～強みの明確化と戦略的な発信で唯一無二を目指す（１日間）,200,text/html; charset=UTF-8,https://www.insource.co.jp/self-management/strategic_branding.html,,2,https://www.insource.co.jp/kanrisyoku/chuken_top.html,/self-management/,/self-management/strategic_branding.html/,723,https://www.insource.co.jp/self-management/strategic_branding.html,2026-09-03T03:04:39.648039+00:00,
https://www.insource.co.jp/kanrisyoku/ka_syokuba_leader.html,リーダー育成研修～チームを率いる課題解決力を身につける（５日間）:現場で使える研修ならインソース,リーダー育成研修～チームを率いる課題解決力を身につける（５日間）,200,text/html; charset=UTF-8,https://www.insource.co.jp/kanrisyoku/ka_syokuba_leader.html,,2,https://www.insource.co.jp/kanrisyoku/chuken_top.html,/kanrisyoku/,/kanrisyoku/ka_syokuba_leader.html/,1350,https://www.insource.co.jp/kanrisyoku/ka_syokuba_leader.html,2026-09-03T03:04:41.200101+00:00,
https://www.insource.co.jp/kanrisyoku/ka_chuken.html,中堅社員研修～「階層別テスト」で自己を分析し、組織で活躍する人材になる（１日間）:現場で使える研修ならインソース,中堅社員研修～「階層別テスト」で自己を分析し、組織で活躍する人材になる（１日間）,200,text/html; charset=UTF-8,https://www.insource.co.jp/kanrisyoku/ka_chuken.html,,2,https://www.insource.co.jp/kanrisyoku/chuken_top.html,/kanrisyoku/,/kanrisyoku/ka_chuken.html/,799,https://www.insource.co.jp/kanrisyoku/ka_chuken.html,2026-09-03T03:04:43.421040+00:00,
https://www.insource.co.jp/sales/passion_customer_move.html,【熱意と覚悟のマインドセット】熱血営業でお客さまの心を動かす研修（１日間）:現場で使える研修ならインソース,【熱意と覚悟のマインドセット】熱血営業でお客さまの心を動かす研修（１日間）,200,text/html; charset=UTF-8,https://www.insource.co.jp/sales/passion_customer_move.html,,2,https://www.insource.co.jp/kanrisyoku/chuken_top.html,/sales/,/sales/passion_customer_move.html/,1051,https://www.insource.co.jp/sales/passion_customer_move.html,2026-09-03T03:04:45.199431+00:00,
https://www.insource.co.jp/z-generation/rule_development.html,放任しない部下指導研修～ルールと制約で若手の成長を促す（１日間）:現場で使える研修ならインソース,放任しない部下指導研修～ルールと制約で若手の成長を促す（１日間）,200,text/html; charset=UTF-8,https://www.insource.co.jp/z-generation/rule_development.html,,2,https://www.insource.co.jp/kanrisyoku/chuken_top.html,/z-generation/,/z-generation/rule_development.html/,895,https://www.insource.co.jp/z-generation/rule_development.html,2026-09-03T03:04:47.098854+00:00,
https://www.insource.co.jp/kenshu/job-crafting.html,ジョブ・クラフティング研修～目の前の仕事をやりがいのある仕事に変える（１日間）:現場で使える研修ならインソース,ジョブ・クラフティング研修～目の前の仕事をやりがいのある仕事に変える（１日間）,200,text/html; charset=UTF-8,https://www.insource.co.jp/kenshu/job-crafting.html,,2,https://www.insource.co.jp/kanrisyoku/chuken_top.html,/kenshu/,/kenshu/job-crafting.html/,890,https://www.insource.co.jp/kenshu/job-crafting.html,2026-09-03T03:04:48.843947+00:00,
https://www.insource.co.jp/risyokuboushi/career_shift.html,社内転職力強化研修～今の会社でキャリアシフトを実現する（１日間）:現場で使える研修ならインソース,社内転職力強化研修～今の会社でキャリアシフトを実現する（１日間）,200,text/html; charset=UTF-8,https://www.insource.co.jp/risyokuboushi/career_shift.html,,2,https://www.insource.co.jp/kanrisyoku/chuken_top.html,/risyokuboushi/,/risyokuboushi/career_shift.html/,848,https://www.insource.co.jp/risyokuboushi/career_shift.html,2026-09-03T03:04:50.567921+00:00,
https://www.insource.co.jp/judgement/decisiveness_improvement.html,決める力向上研修～先送りしないための考え方（半日間）:現場で使える研修ならインソース,決める力向上研修～先送りしないための考え方（半日間）,200,text/html; charset=UTF-8,https://www.insource.co.jp/judgement/decisiveness_improvement.html,,2,https://www.insource.co.jp/kanrisyoku/chuken_top.html,/judgement/,/judgement/decisiveness_improvement.html/,1187,https://www.insource.co.jp/judgement/decisiveness_improvement.html,2026-09-03T03:04:52.383803+00:00,
https://www.insource.co.jp/productivity-improvement/cs_work_efficiency.html,生産性向上研修～ＣＳ向上と業務効率化の両立を考える（１日間）:現場で使える研修ならインソース,生産性向上研修～ＣＳ向上と業務効率化の両立を考える（１日間）,200,text/html; charset=UTF-8,https://www.insource.co.jp/productivity-improvement/cs_work_efficiency.html,,2,https://www.insource.co.jp/kanrisyoku/chuken_top.html,/productivity-improvement/,/productivity-improvement/cs_work_efficiency.html/,1062,https://www.insource.co.jp/productivity-improvement/cs_work_efficiency.html,2026-09-03T03:04:54.420737+00:00,
https://www.insource.co.jp/chuken/positive_career.html,出世をポジティブに考える研修～影響力を高めて大きな仕事をする（１日間）:現場で使える研修ならインソース,出世をポジティブに考える研修～影響力を高めて大きな仕事をする（１日間）,200,text/html; charset=UTF-8,https://www.insource.co.jp/chuken/positive_career.html,,2,https://www.insource.co.jp/kanrisyoku/chuken_top.html,/chuken/,/chuken/positive_career.html/,1300,https://www.insource.co.jp/chuken/positive_career.html,2026-09-03T03:04:56.326249+00:00,
https://www.insource.co.jp/kenshu/ke_careerdesign.html,中堅社員研修～キャリア形成と役割認識（２日間）:現場で使える研修ならインソース,中堅社員研修～キャリア形成と役割認識（２日間）,200,text/html; charset=UTF-8,https://www.insource.co.jp/kenshu/ke_careerdesign.html,,2,https://www.insource.co.jp/kanrisyoku/chuken_top.html,/kenshu/,/kenshu/ke_careerdesign.html/,874,https://www.insource.co.jp/kenshu/ke_careerdesign.html,2026-09-03T03:04:58.502359+00:00,
https://www.insource.co.jp/chuken/practice_workshop.html,中堅社員向け実践力強化ワークショップ～悩みを共有し、みんなで成長する（１日間）:現場で使える研修ならインソース,中堅社員向け実践力強化ワークショップ～悩みを共有し、みんなで成長する（１日間）,200,text/html; charset=UTF-8,https://www.insource.co.jp/chuken/practice_workshop.html,,2,https://www.insource.co.jp/kanrisyoku/chuken_top.html,/chuken/,/chuken/practice_workshop.html/,794,https://www.insource.co.jp/chuken/practice_workshop.html,2026-09-03T03:05:00.366609+00:00,
https://www.insource.co.jp/bup/bup_mindset-core-talent.html,【研修セミナー公開講座】＜熱意と覚悟のマインドセット＞主力となる人のための仕事の進め方研修（２日間）- 株式会社インソース,＜熱意と覚悟のマインドセット＞主力となる人のための仕事の進め方研修（２日間）,200,text/html; charset=UTF-8,https://www.insource.co.jp/bup/bup_mindset-core-talent.html,,2,https://www.insource.co.jp/kanrisyoku/chuken_top.html,/bup/,/bup/bup_mindset-core-talent.html/,2490,https://www.insource.co.jp/bup/bup_mindset-core-talent.html,2026-09-03T03:05:01.987276+00:00,
https://www.insource.co.jp/bup/bup_ai-questioning-skills.html,【研修セミナー公開講座】ＡＩ時代の質問力向上研修～求められる「問題発見力」と「問いを立てる力」- 株式会社インソース,ＡＩ時代の質問力向上研修～求められる「問題発見力」と「問いを立てる力」,200,text/html; charset=UTF-8,https://www.insource.co.jp/bup/bup_ai-questioning-skills.html,,2,https://www.insource.co.jp/kanrisyoku/chuken_top.html,/bup/,/bup/bup_ai-questioning-skills.html/,1774,https://www.insource.co.jp/bup/bup_ai-questioning-skills.html,2026-09-03T03:05:05.429500+00:00,
https://www.insource.co.jp/bup/bup_leader-expectations.html,【研修セミナー公開講座】期待に応える中堅社員研修～次のステージに進むための自己点検- 株式会社インソース,期待に応える中堅社員研修～次のステージに進むための自己点検,200,text/html; charset=UTF-8,https://www.insource.co.jp/bup/bup_leader-expectations.html,,2,https://www.insource.co.jp/kanrisyoku/chuken_top.html,/bup/,/bup/bup_leader-expectations.html/,1809,https://www.insource.co.jp/bup/bup_leader-expectations.html,2026-09-03T03:05:08.283931+00:00,
https://www.insource.co.jp/dougahyakkaten/digital_cyuken.html,デジタル時代の中堅社員講座～デジタルを活用した業務効率化の推進:eラーニング・動画教材での研修もインソース,デジタル時代の中堅社員講座～デジタルを活用した業務効率化の推進,200,text/html; charset=UTF-8,https://www.insource.co.jp/dougahyakkaten/digital_cyuken.html,,2,https://www.insource.co.jp/kanrisyoku/chuken_top.html,/dougahyakkaten/,/dougahyakkaten/digital_cyuken.html/,658,https://www.insource.co.jp/dougahyakkaten/digital_cyuken.html,2026-09-03T03:05:10.993079+00:00,
https://www.insource.co.jp/dougahyakkaten/solution_critical_thinking.html,課題解決のためのクリティカルシンキング講座:eラーニング・動画教材での研修もインソース,課題解決のためのクリティカルシンキング講座,200,text/html; charset=UTF-8,https://www.insource.co.jp/dougahyakkaten/solution_critical_thinking.html,,2,https://www.insource.co.jp/kanrisyoku/chuken_top.html,/dougahyakkaten/,/dougahyakkaten/solution_critical_thinking.html/,663,https://www.insource.co.jp/dougahyakkaten/solution_critical_thinking.html,2026-09-03T03:05:12.443452+00:00,
https://www.insource.co.jp/dougahyakkaten/unlearning.html,アンラーニング講座～「学びほぐし」で組織と自身をアップデートする（スライド付き）:eラーニング・動画教材での研修もインソース,アンラーニング講座～「学びほぐし」で組織と自身をアップデートする（スライド付き）,200,text/html; charset=UTF-8,https://www.insource.co.jp/dougahyakkaten/unlearning.html,,2,https://www.insource.co.jp/kanrisyoku/chuken_top.html,/dougahyakkaten/,/dougahyakkaten/unlearning.html/,661,https://www.insource.co.jp/dougahyakkaten/unlearning.html,2026-09-03T03:05:13.895750+00:00,
https://www.insource.co.jp/dougahyakkaten/copilot_for_work_improvement.html,業務効率化のためのMicrosoft Copilot（コパイロット）活用講座～資料作成やアイデア出しを高速化する:eラーニング・動画教材での研修もインソース,業務効率化のためのMicrosoft Copilot（コパイロット）活用講座～資料作成やアイデア出しを高速化する,200,text/html; charset=UTF-8,https://www.insource.co.jp/dougahyakkaten/copilot_for_work_improvement.html,,2,https://www.insource.co.jp/kanrisyoku/chuken_top.html,/dougahyakkaten/,/dougahyakkaten/copilot_for_work_improvement.html/,651,https://www.insource.co.jp/dougahyakkaten/copilot_for_work_improvement.html,2026-09-03T03:05:15.348656+00:00,
https://www.insource.co.jp/dougahyakkaten/nyc_presentation_6C.html,【NYトッププロスピーカーが伝授シリーズ】プレゼンにおける戦略的ストーリー構成術～6つのC:eラーニング・動画教材での研修もインソース,【NYトッププロスピーカーが伝授シリーズ】プレゼンにおける戦略的ストーリー構成術～6つのC,200,text/html; charset=UTF-8,https://www.insource.co.jp/dougahyakkaten/nyc_presentation_6C.html,,2,https://www.insource.co.jp/kanrisyoku/chuken_top.html,/dougahyakkaten/,/dougahyakkaten/nyc_presentation_6C.html/,692,https://www.insource.co.jp/dougahyakkaten/nyc_presentation_6C.html,2026-09-03T03:05:16.940169+00:00,
https://www.insource.co.jp/dougahyakkaten/worker_childcare-and-nursing_system.html,働くみんなのための育児・介護を支える制度:eラーニング・動画教材での研修もインソース,働くみんなのための育児・介護を支える制度,200,text/html; charset=UTF-8,https://www.insource.co.jp/dougahyakkaten/worker_childcare-and-nursing_system.html,,2,https://www.insource.co.jp/kanrisyoku/chuken_top.html,/dougahyakkaten/,/dougahyakkaten/worker_childcare-and-nursing_system.html/,663,https://www.insource.co.jp/dougahyakkaten/worker_childcare-and-nursing_system.html,2026-09-03T03:05:18.422208+00:00,
https://www.insource.co.jp/dougahyakkaten/chidcare_and_nursing.html,育児介護との両立支援講座:eラーニング・動画教材での研修もインソース,育児介護との両立支援講座,200,text/html; charset=UTF-8,https://www.insource.co.jp/dougahyakkaten/chidcare_and_nursing.html,,2,https://www.insource.co.jp/kanrisyoku/chuken_top.html,/dougahyakkaten/,/dougahyakkaten/chidcare_and_nursing.html/,663,https://www.insource.co.jp/dougahyakkaten/chidcare_and_nursing.html,2026-09-03T03:05:19.877257+00:00,
https://www.insource.co.jp/dougahyakkaten/transaction_fairness_sec.html,短時間で学ぶ取適法:eラーニング・動画教材での研修もインソース,短時間で学ぶ取適法,200,text/html; charset=UTF-8,https://www.insource.co.jp/dougahyakkaten/transaction_fairness_sec.html,,2,https://www.insource.co.jp/kanrisyoku/chuken_top.html,/dougahyakkaten/,/dougahyakkaten/transaction_fairness_sec.html/,685,https://www.insource.co.jp/dougahyakkaten/transaction_fairness_sec.html,2026-09-03T03:05:21.331236+00:00,
https://www.insource.co.jp/ihl/250903_chuken_ownership.html,"業績優秀者の空回り～人間力は中堅のうちにつける｜社員研修,教育 職員研修 人材育成ならインソース",業績優秀者の空回り～人間力は中堅のうちにつける,200,text/html; charset=UTF-8,https://www.insource.co.jp/ihl/250903_chuken_ownership.html,,2,https://www.insource.co.jp/kanrisyoku/chuken_top.html,/ihl/,/ihl/250903_chuken_ownership.html/,924,https://www.insource.co.jp/ihl/250903_chuken_ownership.html,2026-09-03T03:05:22.808061+00:00,
https://www.insource.co.jp/gam-batte/mgr/article/mb_mgr-19.html,"「""攻め""にも""守り""にも強いリーダー」になるための４つの課題｜Gambatte｜ガンバッテ｜社員研修,教育 職員研修 人材育成ならインソース","「""攻め""にも""守り""にも強いリーダー」になるための４つの課題",200,text/html; charset=UTF-8,https://www.insource.co.jp/gam-batte/mgr/article/mb_mgr-19.html,,2,https://www.insource.co.jp/kanrisyoku/chuken_top.html,/gam-batte/,/gam-batte/mgr/,919,https://www.insource.co.jp/gam-batte/mgr/article/mb_mgr-19.html,2026-09-03T03:05:24.506520+00:00,
https://www.insource.co.jp/ihl/250605_bup_followership_twodays.html,"中堅社員に必要な４つの力とは～組織の中核者として協働する未来のリーダー候補に｜社員研修,教育 職員研修 人材育成ならインソース",中堅社員に必要な４つの力とは～組織の中核者として協働する未来のリーダー候補に,200,text/html; charset=UTF-8,https://www.insource.co.jp/ihl/250605_bup_followership_twodays.html,,2,https://www.insource.co.jp/kanrisyoku/chuken_top.html,/ihl/,/ihl/250605_bup_followership_twodays.html/,906,https://www.insource.co.jp/ihl/250605_bup_followership_twodays.html,2026-09-03T03:05:26.207344+00:00,
https://www.insource.co.jp/ihl/251218_chuken_level_up.html,"こなしている感はあるのに、満足度は高まらないあなたへ「仕事の景色が変わる」ジョブクラフティング入門｜社員研修,教育 職員研修 人材育成ならインソース",こなしている感はあるのに、満足度は高まらないあなたへ「仕事の景色が変わる」ジョブクラフティング入門,200,text/html; charset=UTF-8,https://www.insource.co.jp/ihl/251218_chuken_level_up.html,,2,https://www.insource.co.jp/kanrisyoku/chuken_top.html,/ihl/,/ihl/251218_chuken_level_up.html/,913,https://www.insource.co.jp/ihl/251218_chuken_level_up.html,2026-09-03T03:05:28.029894+00:00,
https://www.insource.co.jp/ihl/251117_over_the_wall_growth.html,"「このままでいい？」27歳の壁を乗り越える、ジョブ・クラフティング入門｜社員研修,教育 職員研修 人材育成ならインソース",「このままでいい？」27歳の壁を乗り越える、ジョブ・クラフティング入門,200,text/html; charset=UTF-8,https://www.insource.co.jp/ihl/251117_over_the_wall_growth.html,,2,https://www.insource.co.jp/kanrisyoku/chuken_top.html,/ihl/,/ihl/251117_over_the_wall_growth.html/,687,https://www.insource.co.jp/ihl/251117_over_the_wall_growth.html,2026-09-03T03:05:29.720118+00:00,
https://www.insource.co.jp/ihl/250625_make_fun.html,"人生100年時代、仕事は楽しんだもの勝ち～ikigaiの４要素を獲得するために｜社員研修,教育 職員研修 人材育成ならインソース",人生100年時代、仕事は楽しんだもの勝ち～ikigaiの４要素を獲得するために,200,text/html; charset=UTF-8,https://www.insource.co.jp/ihl/250625_make_fun.html,,2,https://www.insource.co.jp/kanrisyoku/chuken_top.html,/ihl/,/ihl/250625_make_fun.html/,893,https://www.insource.co.jp/ihl/250625_make_fun.html,2026-09-03T03:05:31.186693+00:00,
https://www.insource.co.jp/ihl/ft_manager-requirements01.html,"出世の要件～能力だけでは決まらない、出世するための基本ルールと戦略｜マネージャーの要件１｜社員研修,教育 職員研修 人材育成ならインソース",出世の要件～能力だけでは決まらない、出世するための基本ルールと戦略｜マネージャーの要件１,200,text/html; charset=UTF-8,https://www.insource.co.jp/ihl/ft_manager-requirements01.html,,2,https://www.insource.co.jp/kanrisyoku/chuken_top.html,/ihl/,/ihl/ft_manager-requirements01.html/,999,https://www.insource.co.jp/ihl/ft_manager-requirements01.html,2026-09-03T03:05:32.854130+00:00,
https://www.insource.co.jp/ihl/251106_assessment-hierarchy-test-middle.html,"中堅社員に必要な３つのスキル～統計からみる弱みと、個別アプローチの必要性｜社員研修,教育 職員研修 人材育成ならインソース",中堅社員に必要な３つのスキル～統計からみる弱みと、個別アプローチの必要性,200,text/html; charset=UTF-8,https://www.insource.co.jp/ihl/251106_assessment-hierarchy-test-middle.html,,2,https://www.insource.co.jp/kanrisyoku/chuken_top.html,/ihl/,/ihl/251106_assessment-hierarchy-test-middle.html/,970,https://www.insource.co.jp/ihl/251106_assessment-hierarchy-test-middle.html,2026-09-03T03:05:34.628529+00:00,
https://www.insource.co.jp/ihl/250828_jiatama_training.html,"地頭がよい人の特徴とは｜ビジネスで求められる「考える力」の鍛え方｜社員研修,教育 職員研修 人材育成ならインソース",地頭がよい人の特徴とは｜ビジネスで求められる「考える力」の鍛え方,200,text/html; charset=UTF-8,https://www.insource.co.jp/ihl/250828_jiatama_training.html,,2,https://www.insource.co.jp/kanrisyoku/chuken_top.html,/ihl/,/ihl/250828_jiatama_training.html/,811,https://www.insource.co.jp/ihl/250828_jiatama_training.html,2026-09-03T03:05:36.372044+00:00,
https://www.insource.co.jp/ihl/250924_midika_dx1.html,"小さな業務改善から始める、身近なＤＸ推進！文化定着のカギを動画で学ぶ「基礎知識・データ整理・Excel・情報活用」｜社員研修,教育 職員研修 人材育成ならインソース",小さな業務改善から始める、身近なＤＸ推進！文化定着のカギを動画で学ぶ「基礎知識・データ整理・Excel・情報活用」,200,text/html; charset=UTF-8,https://www.insource.co.jp/ihl/250924_midika_dx1.html,,2,https://www.insource.co.jp/kanrisyoku/chuken_top.html,/ihl/,/ihl/250924_midika_dx1.html/,887,https://www.insource.co.jp/ihl/250924_midika_dx1.html,2026-09-03T03:05:37.960357+00:00,
https://www.insource.co.jp/ihl/250821_motivation.html,"仕事に前向きになれない時の処方箋～ポジティブシンキングの実践方法｜社員研修,教育 職員研修 人材育成ならインソース",仕事に前向きになれない時の処方箋～ポジティブシンキングの実践方法,200,text/html; charset=UTF-8,https://www.insource.co.jp/ihl/250821_motivation.html,,2,https://www.insource.co.jp/kanrisyoku/chuken_top.html,/ihl/,/ihl/250821_motivation.html/,857,https://www.insource.co.jp/ihl/250821_motivation.html,2026-09-03T03:05:39.624072+00:00,
https://www.insource.co.jp/ihl/250825_imd_meta-thinking.html,"【スキマ時間で社会人力を磨く】視野を広げる思考の習慣～視点を養うコツ１｜社員研修,教育 職員研修 人材育成ならインソース",【スキマ時間で社会人力を磨く】視野を広げる思考の習慣～視点を養うコツ１,200,text/html; charset=UTF-8,https://webcons.insource.co.jp/staff-blog/17853/,,2,https://www.insource.co.jp/kanrisyoku/chuken_top.html,/ihl/,/ihl/250825_imd_meta-thinking.html/,806,https://www.insource.co.jp/ihl/250825_imd_meta-thinking.html,2026-09-03T03:05:41.407622+00:00,
https://www.insource.co.jp/ihl/260213_ojt-point_secret-of-genba.html,"ＯＪＴが成功する現場の秘密！新人の不安を見抜き実務と考え方を同時に育てる｜社員研修,教育 職員研修 人材育成ならインソース",ＯＪＴが成功する現場の秘密！新人の不安を見抜き実務と考え方を同時に育てる,200,text/html; charset=UTF-8,https://www.insource.co.jp/ihl/260213_ojt-point_secret-of-genba.html,,2,https://www.insource.co.jp/kanrisyoku/chuken_top.html,/ihl/,/ihl/260213_ojt-point_secret-of-genba.html/,934,https://www.insource.co.jp/ihl/260213_ojt-point_secret-of-genba.html,2026-09-03T03:05:42.989269+00:00,
https://www.insource.co.jp/ihl/251208_resilient-leadership.html,"逆境がリーダーを鍛えるのか？リーダーが逆境を引き寄せるのか？｜社員研修,教育 職員研修 人材育成ならインソース",逆境がリーダーを鍛えるのか？リーダーが逆境を引き寄せるのか？,200,text/html; charset=UTF-8,https://www.insource.co.jp/ihl/251208_resilient-leadership.html,,2,https://www.insource.co.jp/kanrisyoku/chuken_top.html,/ihl/,/ihl/251208_resilient-leadership.html/,925,https://www.insource.co.jp/ihl/251208_resilient-leadership.html,2026-09-03T03:05:44.698182+00:00,
https://www.insource.co.jp/ihl/260210_gyoumukaizen-4point.html,"業務改善が進む現場は何をしているのか～今日から変わる４つの見直しポイント｜社員研修,教育 職員研修 人材育成ならインソース",業務改善が進む現場は何をしているのか～今日から変わる４つの見直しポイント,200,text/html; charset=UTF-8,https://www.insource.co.jp/ihl/260210_gyoumukaizen-4point.html,,2,https://www.insource.co.jp/kanrisyoku/chuken_top.html,/ihl/,/ihl/260210_gyoumukaizen-4point.html/,767,https://www.insource.co.jp/ihl/260210_gyoumukaizen-4point.html,2026-09-03T03:05:46.399558+00:00,
https://www.insource.co.jp/ihl/260108_prompt_engineering.html,"「生成ＡＩに依存して思考を止める人」と、「生成ＡＩをパートナーにして自分の価値を拡張する人」～依存から活用へ｜社員研修,教育 職員研修 人材育成ならインソース",「生成ＡＩに依存して思考を止める人」と、「生成ＡＩをパートナーにして自分の価値を拡張する人」～依存から活用へ,200,text/html; charset=UTF-8,https://www.insource.co.jp/ihl/260108_prompt_engineering.html,,2,https://www.insource.co.jp/kanrisyoku/chuken_top.html,/ihl/,/ihl/260108_prompt_engineering.html/,820,https://www.insource.co.jp/ihl/260108_prompt_engineering.html,2026-09-03T03:05:47.946305+00:00,
https://www.insource.co.jp/ihl/260202_step-vol0308.html,"毎日繰り返している作業は自動化しよう～業務整理から始めるＲＰＡ活用｜社員研修,教育 職員研修 人材育成ならインソース",毎日繰り返している作業は自動化しよう～業務整理から始めるＲＰＡ活用,200,text/html; charset=UTF-8,https://www.insource.co.jp/ihl/260202_step-vol0308.html,,2,https://www.insource.co.jp/kanrisyoku/chuken_top.html,/ihl/,/ihl/260202_step-vol0308.html/,826,https://www.insource.co.jp/ihl/260202_step-vol0308.html,2026-09-03T03:05:49.543317+00:00,
https://www.insource.co.jp/ihl/260202_ka_shigoto_rule.html,"売上だけでは評価されない？「ただの営業」と「会社に必要な営業」の決定的な違いは、社内ルールの捉え方 ｜社員研修,教育 職員研修 人材育成ならインソース",売上だけでは評価されない？「ただの営業」と「会社に必要な営業」の決定的な違いは、社内ルールの捉え方,200,text/html; charset=UTF-8,https://www.insource.co.jp/ihl/260202_ka_shigoto_rule.html,,2,https://www.insource.co.jp/kanrisyoku/chuken_top.html,/ihl/,/ihl/260202_ka_shigoto_rule.html/,750,https://www.insource.co.jp/ihl/260202_ka_shigoto_rule.html,2026-09-03T03:05:51.145797+00:00,
https://www.insource.co.jp/bup/bup_time-management-short-work.html,【研修セミナー公開講座】時短勤務者向けタイムマネジメント研修～業務を強力に進めるために- 株式会社インソース,時短勤務者向けタイムマネジメント研修～業務を強力に進めるために,200,text/html; charset=UTF-8,https://www.insource.co.jp/bup/bup_time-management-short-work.html,,2,https://www.insource.co.jp/kanrisyoku/chuken_top.html,/bup/,/bup/bup_time-management-short-work.html/,1856,https://www.insource.co.jp/bup/bup_time-management-short-work.html,2026-09-03T03:05:52.826311+00:00,
https://www.insource.co.jp/dougahyakkaten/return-to-work_leaders-accept-reinstatement.html,職場復帰ナビ～受け入れるリーダー向け:eラーニング・動画教材での研修もインソース,職場復帰ナビ～受け入れるリーダー向け,200,text/html; charset=UTF-8,https://www.insource.co.jp/dougahyakkaten/return-to-work_leaders-accept-reinstatement.html,,2,https://www.insource.co.jp/kanrisyoku/chuken_top.html,/dougahyakkaten/,/dougahyakkaten/return-to-work_leaders-accept-reinstatement.html/,632,https://www.insource.co.jp/dougahyakkaten/return-to-work_leaders-accept-reinstatement.html,2026-09-03T03:05:56.777964+00:00,
https://www.insource.co.jp/dougahyakkaten/return-to-work_returner-after-childcareleave.html,職場復帰ナビ～育休・産休から復帰する方向け:eラーニング・動画教材での研修もインソース,職場復帰ナビ～育休・産休から復帰する方向け,200,text/html; charset=UTF-8,https://www.insource.co.jp/dougahyakkaten/return-to-work_returner-after-childcareleave.html,,2,https://www.insource.co.jp/kanrisyoku/chuken_top.html,/dougahyakkaten/,/dougahyakkaten/return-to-work_returner-after-childcareleave.html/,642,https://www.insource.co.jp/dougahyakkaten/return-to-work_returner-after-childcareleave.html,2026-09-03T03:05:58.200812+00:00,
https://www.insource.co.jp/dougahyakkaten/childcare-and-nursing-system_sec.html,短時間で学ぶ育児・介護を支える制度:eラーニング・動画教材での研修もインソース,短時間で学ぶ育児・介護を支える制度,200,text/html; charset=UTF-8,https://www.insource.co.jp/dougahyakkaten/childcare-and-nursing-system_sec.html,,2,https://www.insource.co.jp/kanrisyoku/chuken_top.html,/dougahyakkaten/,/dougahyakkaten/childcare-and-nursing-system_sec.html/,667,https://www.insource.co.jp/dougahyakkaten/childcare-and-nursing-system_sec.html,2026-09-03T03:05:59.782725+00:00,
https://www.insource.co.jp/ihl/260725_ai-learning-companion.html,"年間研修40,528回の実績から読み解く、2026年夏の教育トレンド～中堅の自律と全社ＡＩ活用（業務改善）が分かれ道｜社員研修,教育 職員研修 人材育成ならインソース","年間研修40,528回の実績から読み解く、2026年夏の教育トレンド～中堅の自律と全社ＡＩ活用（業務改善）が分かれ道",200,text/html; charset=UTF-8,https://www.insource.co.jp/ihl/260725_ai-learning-companion.html,,2,https://www.insource.co.jp/kanrisyoku/chuken_top.html,/ihl/,/ihl/260725_ai-learning-companion.html/,1426,https://www.insource.co.jp/ihl/260725_ai-learning-companion.html,2026-09-03T03:06:01.239055+00:00,
https://www.insource.co.jp/ihl/260406_step-vol0026.html,"賢い中堅社員の極意～期待に応えつつ、自分も組織も無理なく回す主導権の握りかた｜社員研修,教育 職員研修 人材育成ならインソース",賢い中堅社員の極意～期待に応えつつ、自分も組織も無理なく回す主導権の握りかた,200,text/html; charset=UTF-8,https://www.insource.co.jp/ihl/260406_step-vol0026.html,,2,https://www.insource.co.jp/kanrisyoku/chuken_top.html,/ihl/,/ihl/260406_step-vol0026.html/,972,https://www.insource.co.jp/ihl/260406_step-vol0026.html,2026-09-03T03:06:03.448464+00:00,
https://www.insource.co.jp/ihl/260403_step-vol0038.html,"上司と後輩の板挟みから脱却。中堅社員が身につけるべき３つのスキル「オーナーシップ」「論理的思考」「対話術」｜社員研修,教育 職員研修 人材育成ならインソース",上司と後輩の板挟みから脱却。中堅社員が身につけるべき３つのスキル「オーナーシップ」「論理的思考」「対話術」,200,text/html; charset=UTF-8,https://www.insource.co.jp/ihl/260403_step-vol0038.html,,2,https://www.insource.co.jp/kanrisyoku/chuken_top.html,/ihl/,/ihl/260403_step-vol0038.html/,955,https://www.insource.co.jp/ihl/260403_step-vol0038.html,2026-09-03T03:06:05.197283+00:00,
https://www.insource.co.jp/bup/bup_presurvey_subordinate_communication.html,【研修セミナー公開講座】＜事前アンケート付き＞部下とのコミュニケーション実践研修～多様化する部下への関わり方- 株式会社インソース,＜事前アンケート付き＞部下とのコミュニケーション実践研修～多様化する部下への関わり方,200,text/html; charset=UTF-8,https://www.insource.co.jp/bup/bup_presurvey_subordinate_communication.html,,2,https://www.insource.co.jp/kanrisyoku/chuken_top.html,/bup/,/bup/bup_presurvey_subordinate_communication.html/,2035,https://www.insource.co.jp/bup/bup_presurvey_subordinate_communication.html,2026-09-03T03:06:06.929547+00:00,
https://www.insource.co.jp/chuken/followership_top1.html,フォロワーシップ研修 | 現場で使える研修ならインソース,フォロワーシップ研修 | 現場で使える研修ならインソース,200,text/html; charset=UTF-8,https://www.insource.co.jp/chuken/followership_top1.html,,2,https://www.insource.co.jp/kanrisyoku/chuken_top.html,/chuken/,/chuken/followership_top1.html/,738,https://www.insource.co.jp/chuken/followership_top1.html,2026-09-03T03:06:10.065984+00:00,
https://www.insource.co.jp/bup/bup_followership.html,【研修セミナー公開講座】中堅社員研修～管理職を補佐し、部の成果を出す！- 株式会社インソース,中堅社員研修～管理職を補佐し、部の成果を出す！,200,text/html; charset=UTF-8,https://www.insource.co.jp/bup/bup_followership.html,,2,https://www.insource.co.jp/kanrisyoku/chuken_top.html,/bup/,/bup/bup_followership.html/,1889,https://www.insource.co.jp/bup/bup_followership.html,2026-09-03T03:06:11.615243+00:00,
https://www.insource.co.jp/bup/bup_leadership.html,【研修セミナー公開講座】はじめてのリーダーシップ研修～仕事力とコミュニケーション力強化編- 株式会社インソース,はじめてのリーダーシップ研修～仕事力とコミュニケーション力強化編,200,text/html; charset=UTF-8,https://www.insource.co.jp/bup/bup_leadership.html,,2,https://www.insource.co.jp/kanrisyoku/chuken_top.html,/bup/,/bup/bup_leadership.html/,1826,https://www.insource.co.jp/bup/bup_leadership.html,2026-09-03T03:06:14.416343+00:00,
https://www.insource.co.jp/kanrisyoku/ka_chuken_followsession.html,（中堅社員向け）巻き込み力向上研修～受け身の姿勢から脱却し、周囲に働きかける（１日間）:現場で使える研修ならインソース,（中堅社員向け）巻き込み力向上研修～受け身の姿勢から脱却し、周囲に働きかける（１日間）,200,text/html; charset=UTF-8,https://www.insource.co.jp/kanrisyoku/ka_chuken_followsession.html,,2,https://www.insource.co.jp/kanrisyoku/chuken_top.html,/kanrisyoku/,/kanrisyoku/ka_chuken_followsession.html/,1353,https://www.insource.co.jp/kanrisyoku/ka_chuken_followsession.html,2026-09-03T03:06:17.171894+00:00,
https://www.insource.co.jp/communication/chuken_basic.html,（中堅社員向け）ビジネスコミュニケーション研修（１日間）:現場で使える研修ならインソース,（中堅社員向け）ビジネスコミュニケーション研修（１日間）,200,text/html; charset=UTF-8,https://www.insource.co.jp/communication/chuken_basic.html,,2,https://www.insource.co.jp/kanrisyoku/chuken_top.html,/communication/,/communication/chuken_basic.html/,853,https://www.insource.co.jp/communication/chuken_basic.html,2026-09-03T03:06:19.587169+00:00,
https://www.insource.co.jp/kanrisyoku/chuken_ownership.html,中堅社員向けオーナーシップ研修～当事者意識をもって、周囲に働きかける（１日間）:現場で使える研修ならインソース,中堅社員向けオーナーシップ研修～当事者意識をもって、周囲に働きかける（１日間）,200,text/html; charset=UTF-8,https://www.insource.co.jp/kanrisyoku/chuken_ownership.html,,2,https://www.insource.co.jp/kanrisyoku/chuken_top.html,/kanrisyoku/,/kanrisyoku/chuken_ownership.html/,774,https://www.insource.co.jp/kanrisyoku/chuken_ownership.html,2026-09-03T03:06:21.274157+00:00,
https://www.insource.co.jp/kanrisyoku/chuken-ownership-dominodentetsu.html,中堅社員向けオーナーシップ研修～ビジネスゲーム「ドミノ電鉄」（１日間）:現場で使える研修ならインソース,中堅社員向けオーナーシップ研修～ビジネスゲーム「ドミノ電鉄」（１日間）,200,text/html; charset=UTF-8,https://www.insource.co.jp/kanrisyoku/chuken-ownership-dominodentetsu.html,,2,https://www.insource.co.jp/kanrisyoku/chuken_top.html,/kanrisyoku/,/kanrisyoku/chuken-ownership-dominodentetsu.html/,769,https://www.insource.co.jp/kanrisyoku/chuken-ownership-dominodentetsu.html,2026-09-03T03:06:22.871721+00:00,
https://www.insource.co.jp/kanrisyoku/ka_chuken_shokubashidou.html,中堅社員研修～チームを牽引するための後輩指導力を身につける（１日間）:現場で使える研修ならインソース,中堅社員研修～チームを牽引するための後輩指導力を身につける（１日間）,200,text/html; charset=UTF-8,https://www.insource.co.jp/kanrisyoku/ka_chuken_shokubashidou.html,,2,https://www.insource.co.jp/kanrisyoku/chuken_top.html,/kanrisyoku/,/kanrisyoku/ka_chuken_shokubashidou.html/,1221,https://www.insource.co.jp/kanrisyoku/ka_chuken_shokubashidou.html,2026-09-03T03:06:24.474049+00:00,
https://www.insource.co.jp/kanrisyoku/ka-critical-thinking.html,中堅社員研修～クリティカルシンキングで職場の課題を解決する編（１日間）:現場で使える研修ならインソース,中堅社員研修～クリティカルシンキングで職場の課題を解決する編（１日間）,200,text/html; charset=UTF-8,https://www.insource.co.jp/kanrisyoku/ka-critical-thinking.html,,2,https://www.insource.co.jp/kanrisyoku/chuken_top.html,/kanrisyoku/,/kanrisyoku/ka-critical-thinking.html/,776,https://www.insource.co.jp/kanrisyoku/ka-critical-thinking.html,2026-09-03T03:06:26.709447+00:00,
https://www.insource.co.jp/workshop/costreduction.html,コスト削減を考えるワークショップ（半日間）:現場で使える研修ならインソース,コスト削減を考えるワークショップ（半日間）,200,text/html; charset=UTF-8,https://www.insource.co.jp/workshop/costreduction.html,,2,https://www.insource.co.jp/kanrisyoku/chuken_top.html,/workshop/,/workshop/costreduction.html/,784,https://www.insource.co.jp/workshop/costreduction.html,2026-09-03T03:06:28.316265+00:00,
https://www.insource.co.jp/bup/bup_30_careerdesign.html,【研修セミナー公開講座】３０代向けキャリアデザイン研修～主体的かつ戦略的にキャリアを考える- 株式会社インソース,３０代向けキャリアデザイン研修～主体的かつ戦略的にキャリアを考える,200,text/html; charset=UTF-8,https://www.insource.co.jp/bup/bup_30_careerdesign.html,,2,https://www.insource.co.jp/kanrisyoku/chuken_top.html,/bup/,/bup/bup_30_careerdesign.html/,1736,https://www.insource.co.jp/bup/bup_30_careerdesign.html,2026-09-03T03:06:29.912402+00:00,
https://www.insource.co.jp/bup/bup_chuken_level_up.html,【研修セミナー公開講座】中堅社員向けジョブクラフティング研修～目の前の仕事が、やりがいのある仕事に変わる- 株式会社インソース,中堅社員向けジョブクラフティング研修～目の前の仕事が、やりがいのある仕事に変わる,200,text/html; charset=UTF-8,https://www.insource.co.jp/bup/bup_chuken_level_up.html,,2,https://www.insource.co.jp/kanrisyoku/chuken_top.html,/bup/,/bup/bup_chuken_level_up.html/,1726,https://www.insource.co.jp/bup/bup_chuken_level_up.html,2026-09-03T03:06:32.533792+00:00,
https://www.insource.co.jp/bup/bup_management_curiosity.html,【研修セミナー公開講座】マスターズ（ベテラン世代向け）研修～好奇心をもって仕事人としての「芸」を磨く- 株式会社インソース,マスターズ（ベテラン世代向け）研修～好奇心をもって仕事人としての「芸」を磨く,200,text/html; charset=UTF-8,https://www.insource.co.jp/bup/bup_management_curiosity.html,,2,https://www.insource.co.jp/kanrisyoku/chuken_top.html,/bup/,/bup/bup_management_curiosity.html/,1710,https://www.insource.co.jp/bup/bup_management_curiosity.html,2026-09-03T03:06:35.292249+00:00,
https://www.insource.co.jp/bup/bup_over_the_wall_growth.html,【研修セミナー公開講座】２７歳の壁を乗り越える研修～仕事の「慣れ」に打ち勝ち、成長を続ける- 株式会社インソース,２７歳の壁を乗り越える研修～仕事の「慣れ」に打ち勝ち、成長を続ける,200,text/html; charset=UTF-8,https://www.insource.co.jp/bup/bup_over_the_wall_growth.html,,2,https://www.insource.co.jp/kanrisyoku/chuken_top.html,/bup/,/bup/bup_over_the_wall_growth.html/,1936,https://www.insource.co.jp/bup/bup_over_the_wall_growth.html,2026-09-03T03:06:37.898693+00:00,
https://www.insource.co.jp/bup/bup_over_the_wall_career.html,【研修セミナー公開講座】３０歳の壁を乗り越える研修～キャリアの不安にスキルアップで備える- 株式会社インソース,３０歳の壁を乗り越える研修～キャリアの不安にスキルアップで備える,200,text/html; charset=UTF-8,https://www.insource.co.jp/bup/bup_over_the_wall_career.html,,2,https://www.insource.co.jp/kanrisyoku/chuken_top.html,/bup/,/bup/bup_over_the_wall_career.html/,1725,https://www.insource.co.jp/bup/bup_over_the_wall_career.html,2026-09-03T03:06:40.754378+00:00,
https://www.insource.co.jp/bup/eikyouryoku.html,【研修セミナー公開講座】リーダー育成研修～周囲を巻き込む影響力・対応力強化編（２日間）- 株式会社インソース,リーダー育成研修～周囲を巻き込む影響力・対応力強化編（２日間）,200,text/html; charset=UTF-8,https://www.insource.co.jp/bup/eikyouryoku.html,,2,https://www.insource.co.jp/kanrisyoku/chuken_top.html,/bup/,/bup/eikyouryoku.html/,2152,https://www.insource.co.jp/bup/eikyouryoku.html,2026-09-03T03:06:43.533768+00:00,
https://www.insource.co.jp/bup/jisedaileader-skillup.html,【研修セミナー公開講座】次世代リーダー研修～安定力・思考力・指導力を身に付ける- 株式会社インソース,次世代リーダー研修～安定力・思考力・指導力を身に付ける,200,text/html; charset=UTF-8,https://www.insource.co.jp/bup/jisedaileader-skillup.html,,2,https://www.insource.co.jp/kanrisyoku/chuken_top.html,/bup/,/bup/jisedaileader-skillup.html/,1463,https://www.insource.co.jp/bup/jisedaileader-skillup.html,2026-09-03T03:06:46.634345+00:00,
https://www.insource.co.jp/bup/bup_kanrishoku2.html,【研修セミナー公開講座】ＯＪＴ研修～部下・後輩指導の基本スキルを習得する- 株式会社インソース,ＯＪＴ研修～部下・後輩指導の基本スキルを習得する,200,text/html; charset=UTF-8,https://www.insource.co.jp/bup/bup_kanrishoku2.html,,2,https://www.insource.co.jp/kanrisyoku/chuken_top.html,/bup/,/bup/bup_kanrishoku2.html/,1811,https://www.insource.co.jp/bup/bup_kanrishoku2.html,2026-09-03T03:06:49.142750+00:00,
https://www.insource.co.jp/bup/bup_jishucoaching.html,【研修セミナー公開講座】コーチング研修～部下の主体性を引き出すスキルを習得する- 株式会社インソース,コーチング研修～部下の主体性を引き出すスキルを習得する,200,text/html; charset=UTF-8,https://www.insource.co.jp/bup/bup_jishucoaching.html,,2,https://www.insource.co.jp/kanrisyoku/chuken_top.html,/bup/,/bup/bup_jishucoaching.html/,2004,https://www.insource.co.jp/bup/bup_jishucoaching.html,2026-09-03T03:06:51.923598+00:00,
https://www.insource.co.jp/bup/bup_task_planning.html,【研修セミナー公開講座】リーダーのための仕事の進め方研修～部署をまたぐプロジェクトを進める- 株式会社インソース,リーダーのための仕事の進め方研修～部署をまたぐプロジェクトを進める,200,text/html; charset=UTF-8,https://www.insource.co.jp/bup/bup_task_planning.html,,2,https://www.insource.co.jp/kanrisyoku/chuken_top.html,/bup/,/bup/bup_task_planning.html/,2257,https://www.insource.co.jp/bup/bup_task_planning.html,2026-09-03T03:06:54.884566+00:00,
https://www.insource.co.jp/bup/bup_chuken_involve.html,【研修セミナー公開講座】（中堅社員向け）巻き込み力向上研修～受け身の姿勢から脱却し、周囲に働きかける- 株式会社インソース,（中堅社員向け）巻き込み力向上研修～受け身の姿勢から脱却し、周囲に働きかける,200,text/html; charset=UTF-8,https://www.insource.co.jp/bup/bup_chuken_involve.html,,2,https://www.insource.co.jp/kanrisyoku/chuken_top.html,/bup/,/bup/bup_chuken_involve.html/,2085,https://www.insource.co.jp/bup/bup_chuken_involve.html,2026-09-03T03:06:58.281346+00:00,
https://www.insource.co.jp/kanrisyoku/ka-hourensou-for-chuken.html,ホウ・レン・ソウスキル強化研修～中堅社員向け（１日間）:現場で使える研修ならインソース,ホウ・レン・ソウスキル強化研修～中堅社員向け（１日間）,200,text/html; charset=UTF-8,https://www.insource.co.jp/kanrisyoku/ka-hourensou-for-chuken.html,,2,https://www.insource.co.jp/kanrisyoku/chuken_top.html,/kanrisyoku/,/kanrisyoku/ka-hourensou-for-chuken.html/,831,https://www.insource.co.jp/kanrisyoku/ka-hourensou-for-chuken.html,2026-09-03T03:07:01.318968+00:00,
https://www.insource.co.jp/bup/bup_shigoto_susumekata.html,【研修セミナー公開講座】タイムマネジメント研修～マルチタスク術で実現する仕事の生産性向上- 株式会社インソース,タイムマネジメント研修～マルチタスク術で実現する仕事の生産性向上,200,text/html; charset=UTF-8,https://www.insource.co.jp/bup/bup_shigoto_susumekata.html,,2,https://www.insource.co.jp/kanrisyoku/chuken_top.html,/bup/,/bup/bup_shigoto_susumekata.html/,1689,https://www.insource.co.jp/bup/bup_shigoto_susumekata.html,2026-09-03T03:07:02.981486+00:00,
https://www.insource.co.jp/bup/bup_work_productivity.html,【研修セミナー公開講座】仕事の生産性向上研修～「デキる人」に共通する時間の使い方・習慣を取り入れる- 株式会社インソース,仕事の生産性向上研修～「デキる人」に共通する時間の使い方・習慣を取り入れる,200,text/html; charset=UTF-8,https://www.insource.co.jp/bup/bup_work_productivity.html,,2,https://www.insource.co.jp/kanrisyoku/chuken_top.html,/bup/,/bup/bup_work_productivity.html/,1938,https://www.insource.co.jp/bup/bup_work_productivity.html,2026-09-03T03:07:05.736968+00:00,
https://www.insource.co.jp/bup/over_the_wall_workshop.html,【研修セミナー公開講座】壁を乗り越えるワークショップ～レゴRブロックを通じて深い内省から明日からの行動を考える- 株式会社インソース,壁を乗り越えるワークショップ～レゴRブロックを通じて深い内省から明日からの行動を考える,200,text/html; charset=UTF-8,https://www.insource.co.jp/bup/over_the_wall_workshop.html,,2,https://www.insource.co.jp/kanrisyoku/chuken_top.html,/bup/,/bup/over_the_wall_workshop.html/,1905,https://www.insource.co.jp/bup/over_the_wall_workshop.html,2026-09-03T03:07:08.637072+00:00,
https://www.insource.co.jp/bup/bup_resilience.html,【研修セミナー公開講座】レジリエンス研修～しなやかにストレスと向き合い、回復力を身につける- 株式会社インソース,レジリエンス研修～しなやかにストレスと向き合い、回復力を身につける,200,text/html; charset=UTF-8,https://www.insource.co.jp/bup/bup_resilience.html,,2,https://www.insource.co.jp/kanrisyoku/chuken_top.html,/bup/,/bup/bup_resilience.html/,2199,https://www.insource.co.jp/bup/bup_resilience.html,2026-09-03T03:07:11.583829+00:00,
https://www.insource.co.jp/bup/taijin_taioryoku.html,【研修セミナー公開講座】対人関係構築研修～円滑なコミュニケーションのためのスキルを習得する- 株式会社インソース,対人関係構築研修～円滑なコミュニケーションのためのスキルを習得する,200,text/html; charset=UTF-8,https://www.insource.co.jp/bup/taijin_taioryoku.html,,2,https://www.insource.co.jp/kanrisyoku/chuken_top.html,/bup/,/bup/taijin_taioryoku.html/,1748,https://www.insource.co.jp/bup/taijin_taioryoku.html,2026-09-03T03:07:14.749090+00:00,
https://www.insource.co.jp/bup/bup_motivation.html,【研修セミナー公開講座】仕事の意欲向上研修～ポジティブシンキングを仕事に活用する- 株式会社インソース,仕事の意欲向上研修～ポジティブシンキングを仕事に活用する,200,text/html; charset=UTF-8,https://www.insource.co.jp/bup/bup_motivation.html,,2,https://www.insource.co.jp/kanrisyoku/chuken_top.html,/bup/,/bup/bup_motivation.html/,2173,https://www.insource.co.jp/bup/bup_motivation.html,2026-09-03T03:07:17.397741+00:00,
https://www.insource.co.jp/grade/g_chuken.html,中堅社員研修～実績と受講者の声 - 株式会社インソース,中堅社員研修～実績と受講者の声,200,text/html; charset=UTF-8,https://www.insource.co.jp/grade/g_chuken.html,,2,https://www.insource.co.jp/kanrisyoku/chuken_top.html,/grade/,/grade/g_chuken.html/,817,https://www.insource.co.jp/grade/g_chuken.html,2026-09-03T03:07:20.675736+00:00,
https://www.insource.co.jp/package/chuken_solution.html,中堅社員が中心となって、部内の課題解決を推進するプラン:現場で使える研修ならインソース,中堅社員が中心となって、部内の課題解決を推進するプラン,200,text/html; charset=UTF-8,https://www.insource.co.jp/package/chuken_solution.html,,2,https://www.insource.co.jp/kanrisyoku/chuken_top.html,/package/,/package/chuken_solution.html/,643,https://www.insource.co.jp/package/chuken_solution.html,2026-09-03T03:07:22.368623+00:00,
https://www.insource.co.jp/package/middleclass_basicskill.html,中堅社員が上司をサポートするスキルの底上げを図るプラン:現場で使える研修ならインソース,中堅社員が上司をサポートするスキルの底上げを図るプラン,200,text/html; charset=UTF-8,https://www.insource.co.jp/package/middleclass_basicskill.html,,2,https://www.insource.co.jp/kanrisyoku/chuken_top.html,/package/,/package/middleclass_basicskill.html/,661,https://www.insource.co.jp/package/middleclass_basicskill.html,2026-09-03T03:07:23.773588+00:00,
https://www.insource.co.jp/package/teammanagement_for_young-and-middleclass.html,１年でリーダーの関係構築力や仕事の進め方を鍛えるプラン:現場で使える研修ならインソース,１年でリーダーの関係構築力や仕事の進め方を鍛えるプラン,200,text/html; charset=UTF-8,https://www.insource.co.jp/package/teammanagement_for_young-and-middleclass.html,,2,https://www.insource.co.jp/kanrisyoku/chuken_top.html,/package/,/package/teammanagement_for_young-and-middleclass.html/,686,https://www.insource.co.jp/package/teammanagement_for_young-and-middleclass.html,2026-09-03T03:07:25.196322+00:00,
https://www.insource.co.jp/package/otherthinkings.html,これまでと異なる思考法を取り入れ、再成長を図るプラン:現場で使える研修ならインソース,これまでと異なる思考法を取り入れ、再成長を図るプラン,200,text/html; charset=UTF-8,https://www.insource.co.jp/package/otherthinkings.html,,2,https://www.insource.co.jp/kanrisyoku/chuken_top.html,/package/,/package/otherthinkings.html/,617,https://www.insource.co.jp/package/otherthinkings.html,2026-09-03T03:07:26.642565+00:00,
https://www.insource.co.jp/gyoumukaizen/ve_utilization.html,ＶＥ活用研修～手法を理解して自業務の価値を上げる（１日間）:現場で使える研修ならインソース,ＶＥ活用研修～手法を理解して自業務の価値を上げる（１日間）,200,text/html; charset=UTF-8,https://www.insource.co.jp/gyoumukaizen/ve_utilization.html,,2,https://www.insource.co.jp/kanrisyoku/chuken_top.html,/gyoumukaizen/,/gyoumukaizen/ve_utilization.html/,1054,https://www.insource.co.jp/gyoumukaizen/ve_utilization.html,2026-09-03T03:07:28.019210+00:00,
https://www.insource.co.jp/timemanagement/psychological_approach.html,タイムマネジメント研修～心理学で仕事を前に進める（１日間）:現場で使える研修ならインソース,タイムマネジメント研修～心理学で仕事を前に進める（１日間）,200,text/html; charset=UTF-8,https://www.insource.co.jp/timemanagement/psychological_approach.html,,2,https://www.insource.co.jp/kanrisyoku/chuken_top.html,/timemanagement/,/timemanagement/psychological_approach.html/,982,https://www.insource.co.jp/timemanagement/psychological_approach.html,2026-09-03T03:07:30.075507+00:00,
https://www.insource.co.jp/bup/bup_ai-assisted-facilitation.html,【研修セミナー公開講座】【ＡＩと働く】ファシリテーション研修～ＡＩ活用で会議の停滞を防ぐ- 株式会社インソース,【ＡＩと働く】ファシリテーション研修～ＡＩ活用で会議の停滞を防ぐ,200,text/html; charset=UTF-8,https://www.insource.co.jp/bup/bup_ai-assisted-facilitation.html,,2,https://www.insource.co.jp/kanrisyoku/chuken_top.html,/bup/,/bup/bup_ai-assisted-facilitation.html/,1720,https://www.insource.co.jp/bup/bup_ai-assisted-facilitation.html,2026-09-03T03:07:31.914725+00:00,
https://www.insource.co.jp/kanrisyoku/ka_chuken_decision.html,中堅社員研修～判断力を鍛え、現場力を向上させる編（１日間）:現場で使える研修ならインソース,中堅社員研修～判断力を鍛え、現場力を向上させる編（１日間）,200,text/html; charset=UTF-8,https://www.insource.co.jp/kanrisyoku/ka_chuken_decision.html,,2,https://www.insource.co.jp/kanrisyoku/chuken_top.html,/kanrisyoku/,/kanrisyoku/ka_chuken_decision.html/,819,https://www.insource.co.jp/kanrisyoku/ka_chuken_decision.html,2026-09-03T03:07:34.580154+00:00,
https://www.insource.co.jp/bup/bup_chuken_activity.html,【研修セミナー公開講座】４ＳＨＩＰ研修～視座を高め、組織的に活躍する４方向の意識と行動- 株式会社インソース,４ＳＨＩＰ研修～視座を高め、組織的に活躍する４方向の意識と行動,200,text/html; charset=UTF-8,https://www.insource.co.jp/bup/bup_chuken_activity.html,,2,https://www.insource.co.jp/kanrisyoku/chuken_top.html,/bup/,/bup/bup_chuken_activity.html/,2230,https://www.insource.co.jp/bup/bup_chuken_activity.html,2026-09-03T03:07:36.376196+00:00,
https://www.insource.co.jp/jichitai/chuken_casestudy.html,（行政向け）ケースで学ぶ中堅職員研修（１日間）:現場で使える研修ならインソース,（行政向け）ケースで学ぶ中堅職員研修（１日間）,200,text/html; charset=UTF-8,https://www.insource.co.jp/jichitai/chuken_casestudy.html,,2,https://www.insource.co.jp/kanrisyoku/chuken_top.html,/jichitai/,/jichitai/chuken_casestudy.html/,664,https://www.insource.co.jp/jichitai/chuken_casestudy.html,2026-09-03T03:07:39.570990+00:00,
https://www.insource.co.jp/leadership/for_nonmanagerial.html,中堅社員研修～ＳＱＣＤとリスク管理で仕事の質を高める（１日間）:現場で使える研修ならインソース,中堅社員研修～ＳＱＣＤとリスク管理で仕事の質を高める（１日間）,200,text/html; charset=UTF-8,https://www.insource.co.jp/leadership/for_nonmanagerial.html,,2,https://www.insource.co.jp/kanrisyoku/chuken_top.html,/leadership/,/leadership/for_nonmanagerial.html/,723,https://www.insource.co.jp/leadership/for_nonmanagerial.html,2026-09-03T03:07:41.036865+00:00,
https://www.insource.co.jp/kanrisyoku/assessment-communication.html,アセッサー派遣型研修～中堅社員向けコミュニケーション力強化編（１日間）:現場で使える研修ならインソース,アセッサー派遣型研修～中堅社員向けコミュニケーション力強化編（１日間）,200,text/html; charset=UTF-8,https://www.insource.co.jp/kanrisyoku/assessment-communication.html,,2,https://www.insource.co.jp/kanrisyoku/chuken_top.html,/kanrisyoku/,/kanrisyoku/assessment-communication.html/,710,https://www.insource.co.jp/kanrisyoku/assessment-communication.html,2026-09-03T03:07:42.570922+00:00,
https://www.insource.co.jp/kanrisyoku/ka_follower_yakuwari.html,中堅社員研修～フォロワーシップと部下指導編（１日間）:現場で使える研修ならインソース,中堅社員研修～フォロワーシップと部下指導編（１日間）,200,text/html; charset=UTF-8,https://www.insource.co.jp/kanrisyoku/ka_follower_yakuwari.html,,2,https://www.insource.co.jp/kanrisyoku/chuken_top.html,/kanrisyoku/,/kanrisyoku/ka_follower_yakuwari.html/,792,https://www.insource.co.jp/kanrisyoku/ka_follower_yakuwari.html,2026-09-03T03:07:44.224369+00:00,
https://www.insource.co.jp/kanrisyoku/ka_chuken_followership_jisoryoku.html,中堅社員研修～フォロワーシップ向上編（１日間）:現場で使える研修ならインソース,中堅社員研修～フォロワーシップ向上編（１日間）,200,text/html; charset=UTF-8,https://www.insource.co.jp/kanrisyoku/ka_chuken_followership_jisoryoku.html,,2,https://www.insource.co.jp/kanrisyoku/chuken_top.html,/kanrisyoku/,/kanrisyoku/ka_chuken_followership_jisoryoku.html/,703,https://www.insource.co.jp/kanrisyoku/ka_chuken_followership_jisoryoku.html,2026-09-03T03:07:45.848380+00:00,
https://www.insource.co.jp/chuken/followership_ippan.html,フォロワーシップ研修～一般職向け（１日間） :現場で使える研修ならインソース,フォロワーシップ研修～一般職向け（１日間）,200,text/html; charset=UTF-8,https://www.insource.co.jp/chuken/followership_ippan.html,,2,https://www.insource.co.jp/kanrisyoku/chuken_top.html,/chuken/,/chuken/followership_ippan.html/,709,https://www.insource.co.jp/chuken/followership_ippan.html,2026-09-03T03:07:48.601687+00:00,
https://www.insource.co.jp/kanrisyoku/ka_chuken_followership.html,フォロワーシップ研修～コミュニケーション強化と問題解決編（１日間）:現場で使える研修ならインソース,フォロワーシップ研修～コミュニケーション強化と問題解決編（１日間）,200,text/html; charset=UTF-8,https://www.insource.co.jp/kanrisyoku/ka_chuken_followership.html,,2,https://www.insource.co.jp/kanrisyoku/chuken_top.html,/kanrisyoku/,/kanrisyoku/ka_chuken_followership.html/,735,https://www.insource.co.jp/kanrisyoku/ka_chuken_followership.html,2026-09-03T03:07:50.127538+00:00,
https://www.insource.co.jp/jichitai/followership_for_shuji.html,（官公庁・自治体向け）主事級職員（一般職上級）研修～フォロワーシップを発揮する（１日間）:現場で使える研修ならインソース,（官公庁・自治体向け）主事級職員（一般職上級）研修～フォロワーシップを発揮する（１日間）,200,text/html; charset=UTF-8,https://www.insource.co.jp/jichitai/followership_for_shuji.html,,2,https://www.insource.co.jp/kanrisyoku/chuken_top.html,/jichitai/,/jichitai/followership_for_shuji.html/,722,https://www.insource.co.jp/jichitai/followership_for_shuji.html,2026-09-03T03:07:51.825217+00:00,
https://www.insource.co.jp/kanrisyoku/ojt-for-corestaff.html,中堅社員向けＯＪＴ研修～組織全体から個へのアプローチを学ぶ（１日間）:現場で使える研修ならインソース,中堅社員向けＯＪＴ研修～組織全体から個へのアプローチを学ぶ（１日間）,200,text/html; charset=UTF-8,https://www.insource.co.jp/kanrisyoku/ojt-for-corestaff.html,,2,https://www.insource.co.jp/kanrisyoku/chuken_top.html,/kanrisyoku/,/kanrisyoku/ojt-for-corestaff.html/,734,https://www.insource.co.jp/kanrisyoku/ojt-for-corestaff.html,2026-09-03T03:07:53.360802+00:00,
https://www.insource.co.jp/bup/bup-reliable-senior.html,【研修セミナー公開講座】後輩サポート力研修～「頼れる先輩」に求められる３つのスキル- 株式会社インソース,後輩サポート力研修～「頼れる先輩」に求められる３つのスキル,200,text/html; charset=UTF-8,https://www.insource.co.jp/bup/bup-reliable-senior.html,,2,https://www.insource.co.jp/kanrisyoku/chuken_top.html,/bup/,/bup/bup-reliable-senior.html/,1864,https://www.insource.co.jp/bup/bup-reliable-senior.html,2026-09-03T03:07:54.918752+00:00,
https://www.insource.co.jp/bup/bup_leadership_beginner.html,【研修セミナー公開講座】リーダーシップ研修～サーバント・リーダーシップで部下の成長を促進する- 株式会社インソース,リーダーシップ研修～サーバント・リーダーシップで部下の成長を促進する,200,text/html; charset=UTF-8,https://www.insource.co.jp/bup/bup_leadership_beginner.html,,2,https://www.insource.co.jp/kanrisyoku/chuken_top.html,/bup/,/bup/bup_leadership_beginner.html/,1846,https://www.insource.co.jp/bup/bup_leadership_beginner.html,2026-09-03T03:07:57.706163+00:00,
https://www.insource.co.jp/bup/bup_chuken_ownership.html,【研修セミナー公開講座】中堅社員向けオーナーシップ研修～当事者意識をもって、周囲に働きかける存在になる- 株式会社インソース,中堅社員向けオーナーシップ研修～当事者意識をもって、周囲に働きかける存在になる,200,text/html; charset=UTF-8,https://www.insource.co.jp/bup/bup_chuken_ownership.html,,2,https://www.insource.co.jp/kanrisyoku/chuken_top.html,/bup/,/bup/bup_chuken_ownership.html/,1854,https://www.insource.co.jp/bup/bup_chuken_ownership.html,2026-09-03T03:08:00.590924+00:00,
https://www.insource.co.jp/kenshu/ownership-counseling.html,オーナーシップ研修～相談力を高めて主体的に動く（１日間）:現場で使える研修ならインソース,オーナーシップ研修～相談力を高めて主体的に動く（１日間）,200,text/html; charset=UTF-8,https://www.insource.co.jp/kenshu/ownership-counseling.html,,2,https://www.insource.co.jp/kanrisyoku/chuken_top.html,/kenshu/,/kenshu/ownership-counseling.html/,755,https://www.insource.co.jp/kenshu/ownership-counseling.html,2026-09-03T03:08:03.352109+00:00,
https://www.insource.co.jp/bup/bup-ownership.html,【研修セミナー公開講座】オーナーシップ研修（ベテラン向け）～組織に対する当事者意識を高め、率先力を身につける- 株式会社インソース,オーナーシップ研修（ベテラン向け）～組織に対する当事者意識を高め、率先力を身につける,200,text/html; charset=UTF-8,https://www.insource.co.jp/bup/bup-ownership.html,,2,https://www.insource.co.jp/kanrisyoku/chuken_top.html,/bup/,/bup/bup-ownership.html/,1527,https://www.insource.co.jp/bup/bup-ownership.html,2026-09-03T03:08:04.926195+00:00,
https://www.insource.co.jp/bup/bup_logical.html,【研修セミナー公開講座】ロジカルシンキング研修（実践編）～論理的思考による問題解決- 株式会社インソース,ロジカルシンキング研修（実践編）～論理的思考による問題解決,200,text/html; charset=UTF-8,https://www.insource.co.jp/bup/bup_logical.html,,2,https://www.insource.co.jp/kanrisyoku/chuken_top.html,/bup/,/bup/bup_logical.html/,1920,https://www.insource.co.jp/bup/bup_logical.html,2026-09-03T03:08:07.468732+00:00,
https://www.insource.co.jp/kanrisyoku/ka_problemsolving_basic2.html,問題解決フォローアップ研修（半日間）:現場で使える研修ならインソース,問題解決フォローアップ研修（半日間）,200,text/html; charset=UTF-8,https://www.insource.co.jp/kanrisyoku/ka_problemsolving_basic2.html,,2,https://www.insource.co.jp/kanrisyoku/chuken_top.html,/kanrisyoku/,/kanrisyoku/ka_problemsolving_basic2.html/,952,https://www.insource.co.jp/kanrisyoku/ka_problemsolving_basic2.html,2026-09-03T03:08:10.341173+00:00,
https://www.insource.co.jp/bup/bup-mondaikaiketu-mind.html,【研修セミナー公開講座】課題設定力研修～主体的な問題解決のための手法とマインド- 株式会社インソース,課題設定力研修～主体的な問題解決のための手法とマインド,200,text/html; charset=UTF-8,https://www.insource.co.jp/bup/bup-mondaikaiketu-mind.html,,2,https://www.insource.co.jp/kanrisyoku/chuken_top.html,/bup/,/bup/bup-mondaikaiketu-mind.html/,1848,https://www.insource.co.jp/bup/bup-mondaikaiketu-mind.html,2026-09-03T03:08:12.140692+00:00,
https://www.insource.co.jp/bup/bup_gyoumukaizen.html,【研修セミナー公開講座】業務改善研修- 株式会社インソース,業務改善研修,200,text/html; charset=UTF-8,https://www.insource.co.jp/bup/bup_gyoumukaizen.html,,2,https://www.insource.co.jp/kanrisyoku/chuken_top.html,/bup/,/bup/bup_gyoumukaizen.html/,2098,https://www.insource.co.jp/bup/bup_gyoumukaizen.html,2026-09-03T03:08:15.057076+00:00,
https://www.insource.co.jp/bup/improve-business-efficiency.html,【研修セミナー公開講座】（半日研修）業務効率化のためのChatGPT活用研修- 株式会社インソース,（半日研修）業務効率化のためのChatGPT活用研修,200,text/html; charset=UTF-8,https://www.insource.co.jp/bup/improve-business-efficiency.html,,2,https://www.insource.co.jp/kanrisyoku/chuken_top.html,/bup/,/bup/improve-business-efficiency.html/,1832,https://www.insource.co.jp/bup/improve-business-efficiency.html,2026-09-03T03:08:18.122169+00:00,
https://www.insource.co.jp/bup/new-senior-staff_t.html,【研修セミナー公開講座】新任主任研修～リーダーの自覚と責任（２日間）- 株式会社インソース,新任主任研修～リーダーの自覚と責任（２日間）,200,text/html; charset=UTF-8,https://www.insource.co.jp/bup/new-senior-staff_t.html,,2,https://www.insource.co.jp/kanrisyoku/chuken_top.html,/bup/,/bup/new-senior-staff_t.html/,1767,https://www.insource.co.jp/bup/new-senior-staff_t.html,2026-09-03T03:08:20.836573+00:00,
https://www.insource.co.jp/bup/senior-staff-follow-up.html,【研修セミナー公開講座】（２時間研修）主任フォローアップ研修- 株式会社インソース,（２時間研修）主任フォローアップ研修,200,text/html; charset=UTF-8,https://www.insource.co.jp/bup/senior-staff-follow-up.html,,2,https://www.insource.co.jp/kanrisyoku/chuken_top.html,/bup/,/bup/senior-staff-follow-up.html/,1649,https://www.insource.co.jp/bup/senior-staff-follow-up.html,2026-09-03T03:08:23.672558+00:00,
https://www.insource.co.jp/dougahyakkaten/ownership_initiative_mission_passion.html,オーナーシップ講座～当事者意識をもち、率先して成果を出す:eラーニング・動画教材での研修もインソース,オーナーシップ講座～当事者意識をもち、率先して成果を出す,200,text/html; charset=UTF-8,https://www.insource.co.jp/dougahyakkaten/ownership_initiative_mission_passion.html,,2,https://www.insource.co.jp/kanrisyoku/chuken_top.html,/dougahyakkaten/,/dougahyakkaten/ownership_initiative_mission_passion.html/,645,https://www.insource.co.jp/dougahyakkaten/ownership_initiative_mission_passion.html,2026-09-03T03:08:26.195783+00:00,
https://www.insource.co.jp/dougahyakkaten/shunin-hosa-seika.html,（官公庁・自治体向け）主任級研修～管理職を補佐し、部の成果を出す（冊子教材・テスト付き）:eラーニング・動画教材での研修もインソース,（官公庁・自治体向け）主任級研修～管理職を補佐し、部の成果を出す（冊子教材・テスト付き）,200,text/html; charset=UTF-8,https://www.insource.co.jp/dougahyakkaten/shunin-hosa-seika.html,,2,https://www.insource.co.jp/kanrisyoku/chuken_top.html,/dougahyakkaten/,/dougahyakkaten/shunin-hosa-seika.html/,621,https://www.insource.co.jp/dougahyakkaten/shunin-hosa-seika.html,2026-09-03T03:08:27.630446+00:00,
https://www.insource.co.jp/dougahyakkaten/followership.html,フォロワーシップ～リーダーとともに組織目標を達成するパートナーとなる:eラーニング・動画教材での研修もインソース,フォロワーシップ～リーダーとともに組織目標を達成するパートナーとなる,200,text/html; charset=UTF-8,https://www.insource.co.jp/dougahyakkaten/followership.html,,2,https://www.insource.co.jp/kanrisyoku/chuken_top.html,/dougahyakkaten/,/dougahyakkaten/followership.html/,647,https://www.insource.co.jp/dougahyakkaten/followership.html,2026-09-03T03:08:29.038792+00:00,
https://www.insource.co.jp/dougahyakkaten/hourensou_chuken.html,（中堅社員向け）ホウ・レン・ソウ強化講座:eラーニング・動画教材での研修もインソース,（中堅社員向け）ホウ・レン・ソウ強化講座,200,text/html; charset=UTF-8,https://www.insource.co.jp/dougahyakkaten/hourensou_chuken.html,,2,https://www.insource.co.jp/kanrisyoku/chuken_top.html,/dougahyakkaten/,/dougahyakkaten/hourensou_chuken.html/,638,https://www.insource.co.jp/dougahyakkaten/hourensou_chuken.html,2026-09-03T03:08:30.473018+00:00,
https://www.insource.co.jp/dougahyakkaten/coach.html,コーチング講座:eラーニング・動画教材での研修もインソース,コーチング講座,200,text/html; charset=UTF-8,https://www.insource.co.jp/dougahyakkaten/coach.html,,2,https://www.insource.co.jp/kanrisyoku/chuken_top.html,/dougahyakkaten/,/dougahyakkaten/coach.html/,637,https://www.insource.co.jp/dougahyakkaten/coach.html,2026-09-03T03:08:32.040805+00:00,
https://www.insource.co.jp/ihl/250324_chuken_involve.html,"中堅社員を戦力化するための「巻き込み力」～信頼感・段取り力・人を動かす力を鍛える｜社員研修,教育 職員研修 人材育成ならインソース",中堅社員を戦力化するための「巻き込み力」～信頼感・段取り力・人を動かす力を鍛える,200,text/html; charset=UTF-8,https://www.insource.co.jp/ihl/250324_chuken_involve.html,,2,https://www.insource.co.jp/kanrisyoku/chuken_top.html,/ihl/,/ihl/250324_chuken_involve.html/,933,https://www.insource.co.jp/ihl/250324_chuken_involve.html,2026-09-03T03:08:33.467955+00:00,
https://www.insource.co.jp/ihl/250318_chuken_ownership.html,"「頼れる中堅社員」へ～仕事を「自分事」に捉え、影響力を発揮する｜社員研修,教育 職員研修 人材育成ならインソース",「頼れる中堅社員」へ～仕事を「自分事」に捉え、影響力を発揮する,200,text/html; charset=UTF-8,https://www.insource.co.jp/ihl/250318_chuken_ownership.html,,2,https://www.insource.co.jp/kanrisyoku/chuken_top.html,/ihl/,/ihl/250318_chuken_ownership.html/,1054,https://www.insource.co.jp/ihl/250318_chuken_ownership.html,2026-09-03T03:08:35.177469+00:00,
https://www.insource.co.jp/kanrisyoku/ka_follow_kanriryoku.html,中堅社員研修～リーダーとフォロワーの役割編（１日間）:現場で使える研修ならインソース,中堅社員研修～リーダーとフォロワーの役割編（１日間）,200,text/html; charset=UTF-8,https://www.insource.co.jp/kanrisyoku/ka_follow_kanriryoku.html,,2,https://www.insource.co.jp/kanrisyoku/chuken_top.html,/kanrisyoku/,/kanrisyoku/ka_follow_kanriryoku.html/,761,https://www.insource.co.jp/kanrisyoku/ka_follow_kanriryoku.html,2026-09-03T03:08:37.004613+00:00,
https://www.insource.co.jp/kanrisyoku/ka_ojt2.html,Ｚ世代の育て方研修（1日間）:現場で使える研修ならインソース,Ｚ世代の育て方研修（1日間）,200,text/html; charset=UTF-8,https://www.insource.co.jp/kanrisyoku/ka_ojt2.html,,2,https://www.insource.co.jp/kanrisyoku/chuken_top.html,/kanrisyoku/,/kanrisyoku/ka_ojt2.html/,970,https://www.insource.co.jp/kanrisyoku/ka_ojt2.html,2026-09-03T03:08:38.586160+00:00,
https://www.insource.co.jp/chuken/iyoku_career.html,中堅社員研修～意欲を高め、キャリアを考える編（１日間）:現場で使える研修ならインソース,中堅社員研修～意欲を高め、キャリアを考える編（１日間）,200,text/html; charset=UTF-8,https://www.insource.co.jp/chuken/iyoku_career.html,,2,https://www.insource.co.jp/kanrisyoku/chuken_top.html,/chuken/,/chuken/iyoku_career.html/,749,https://www.insource.co.jp/chuken/iyoku_career.html,2026-09-03T03:08:40.400627+00:00,
https://www.insource.co.jp/contents/ins_koukasokutei_b1.html,研修効果向上 現場と研修を近づけて、モチベーションアップさせるひと工夫！ 事前課題アンケート:研修会社インソース～講師派遣研修／公開講座の研修,,200,text/html; charset=UTF-8,https://www.insource.co.jp/contents/ins_koukasokutei_b1.html,,2,https://www.insource.co.jp/kanrisyoku/chuken_top.html,/contents/,/contents/ins_koukasokutei_b1.html/,679,https://www.insource.co.jp/contents/ins_koukasokutei_b1.html,2026-09-03T03:08:42.099267+00:00,
https://www.insource.co.jp/kyoiku/faq/middle_kanrisyoku_chuken_top.html,中堅社員研修 全力Q&A:現場で使える研修ならインソース,,200,text/html; charset=UTF-8,https://www.insource.co.jp/kyoiku/faq/middle_kanrisyoku_chuken_top.html,,2,https://www.insource.co.jp/kanrisyoku/chuken_top.html,/kyoiku/,/kyoiku/faq/,646,https://www.insource.co.jp/kyoiku/faq/middle_kanrisyoku_chuken_top.html,2026-09-03T03:08:43.533321+00:00,
https://www.insource.co.jp/sh_shigotonosusumekata/using_memos.html,メモから始める仕事の進め方研修（１日間）:現場で使える研修ならインソース,メモから始める仕事の進め方研修（１日間）,200,text/html; charset=UTF-8,https://www.insource.co.jp/sh_shigotonosusumekata/using_memos.html,,2,https://www.insource.co.jp/wakate/index.html,/sh_shigotonosusumekata/,/sh_shigotonosusumekata/using_memos.html/,1253,https://www.insource.co.jp/sh_shigotonosusumekata/using_memos.html,2026-09-03T03:08:44.920442+00:00,
https://www.insource.co.jp/kenshu/ke_career_woman.html,女性活躍推進研修～ライフプランに備えた仕事の進め方を身につける（１日間）:現場で使える研修ならインソース,女性活躍推進研修～ライフプランに備えた仕事の進め方を身につける（１日間）,200,text/html; charset=UTF-8,https://www.insource.co.jp/kenshu/ke_career_woman.html,,2,https://www.insource.co.jp/wakate/index.html,/kenshu/,/kenshu/ke_career_woman.html/,860,https://www.insource.co.jp/kenshu/ke_career_woman.html,2026-09-03T03:08:47.031558+00:00,
https://www.insource.co.jp/shinjin/sh-shigotonosusumekata-salesassistant.html,「気が利く人」と評価される仕事の進め方研修～営業アシスタント向け編（１日間）:現場で使える研修ならインソース,「気が利く人」と評価される仕事の進め方研修～営業アシスタント向け編（１日間）,200,text/html; charset=UTF-8,https://www.insource.co.jp/shinjin/sh-shigotonosusumekata-salesassistant.html,,2,https://www.insource.co.jp/wakate/index.html,/shinjin/,/shinjin/sh-shigotonosusumekata-salesassistant.html/,863,https://www.insource.co.jp/shinjin/sh-shigotonosusumekata-salesassistant.html,2026-09-03T03:08:48.716351+00:00,
https://www.insource.co.jp/kenshu/game-newcomer-followup.html,新人フォロー研修～ドミノ電鉄で仕事の進め方を再確認し悩みを解決する（１日間）:現場で使える研修ならインソース,新人フォロー研修～ドミノ電鉄で仕事の進め方を再確認し悩みを解決する（１日間）,200,text/html; charset=UTF-8,https://www.insource.co.jp/kenshu/game-newcomer-followup.html,,2,https://www.insource.co.jp/wakate/index.html,/kenshu/,/kenshu/game-newcomer-followup.html/,984,https://www.insource.co.jp/kenshu/game-newcomer-followup.html,2026-09-03T03:08:50.539881+00:00,
https://www.insource.co.jp/career40/veteran_consultant.html,ベテラン向け仕事の進め方研修～社内コンサルタントとして活躍する（１日間）:現場で使える研修ならインソース,ベテラン向け仕事の進め方研修～社内コンサルタントとして活躍する（１日間）,200,text/html; charset=UTF-8,https://www.insource.co.jp/career40/veteran_consultant.html,,2,https://www.insource.co.jp/wakate/index.html,/career40/,/career40/veteran_consultant.html/,875,https://www.insource.co.jp/career40/veteran_consultant.html,2026-09-03T03:08:52.366373+00:00,
https://www.insource.co.jp/wakate/kisoryoku_koujou.html,若手向け研修～社会人基礎力向上編（３日間）:現場で使える研修ならインソース,若手向け研修～社会人基礎力向上編（３日間）,200,text/html; charset=UTF-8,https://www.insource.co.jp/wakate/kisoryoku_koujou.html,,2,https://www.insource.co.jp/wakate/index.html,/wakate/,/wakate/kisoryoku_koujou.html/,1020,https://www.insource.co.jp/wakate/kisoryoku_koujou.html,2026-09-03T03:08:54.081815+00:00,
https://www.insource.co.jp/kanrisyoku/ka_timemanagement_genjyobunseki.html,タイムマネジメント研修～時間の使い方を分析し、最適な時間管理を考える編（１日間）:現場で使える研修ならインソース,タイムマネジメント研修～時間の使い方を分析し、最適な時間管理を考える編（１日間）,200,text/html; charset=UTF-8,https://www.insource.co.jp/kanrisyoku/ka_timemanagement_genjyobunseki.html,,2,https://www.insource.co.jp/wakate/index.html,/kanrisyoku/,/kanrisyoku/ka_timemanagement_genjyobunseki.html/,681,https://www.insource.co.jp/kanrisyoku/ka_timemanagement_genjyobunseki.html,2026-09-03T03:08:55.954334+00:00,
https://www.insource.co.jp/kenshu/productivity-improvement.html,生産性向上研修～自工程完結を推進し「確認」「修正」「管理」業務を削減する（１日間）:現場で使える研修ならインソース,生産性向上研修～自工程完結を推進し「確認」「修正」「管理」業務を削減する（１日間）,200,text/html; charset=UTF-8,https://www.insource.co.jp/kenshu/productivity-improvement.html,,2,https://www.insource.co.jp/wakate/index.html,/kenshu/,/kenshu/productivity-improvement.html/,802,https://www.insource.co.jp/kenshu/productivity-improvement.html,2026-09-03T03:08:57.454926+00:00,
https://www.insource.co.jp/m_stresscheck_management/joshibuka_communication.html,管理職向けコミュニケーション研修～経営層の上司や部下と協働する（１日間）:現場で使える研修ならインソース,管理職向けコミュニケーション研修～経営層の上司や部下と協働する（１日間）,200,text/html; charset=UTF-8,https://www.insource.co.jp/m_stresscheck_management/joshibuka_communication.html,,2,https://www.insource.co.jp/wakate/index.html,/m_stresscheck_management/,/m_stresscheck_management/joshibuka_communication.html/,729,https://www.insource.co.jp/m_stresscheck_management/joshibuka_communication.html,2026-09-03T03:08:59.220311+00:00,
https://www.insource.co.jp/kenshu/get-over-27yearsold.html,２７歳の壁を乗り越える研修～仕事の「慣れ」に打ち勝ち、成長を続ける（１日間）:現場で使える研修ならインソース,２７歳の壁を乗り越える研修～仕事の「慣れ」に打ち勝ち、成長を続ける（１日間）,200,text/html; charset=UTF-8,https://www.insource.co.jp/kenshu/get-over-27yearsold.html,,2,https://www.insource.co.jp/wakate/index.html,/kenshu/,/kenshu/get-over-27yearsold.html/,1035,https://www.insource.co.jp/kenshu/get-over-27yearsold.html,2026-09-03T03:09:00.762931+00:00,
https://www.insource.co.jp/ai-solution/job_entrust.html,生成ＡＩへの仕事の任せ方ワークショップ～120％のポテンシャルを発揮する（１日間）:現場で使える研修ならインソース,生成ＡＩへの仕事の任せ方ワークショップ～120％のポテンシャルを発揮する（１日間）,200,text/html; charset=UTF-8,https://www.insource.co.jp/ai-solution/job_entrust.html,,2,https://www.insource.co.jp/wakate/index.html,/ai-solution/,/ai-solution/job_entrust.html/,765,https://www.insource.co.jp/ai-solution/job_entrust.html,2026-09-03T03:09:02.654231+00:00,
https://www.insource.co.jp/compliance/raise_our_voices.html,声を上げるコンプライアンス研修～違和感を行動に変えリスクを見逃さない（１日間）:現場で使える研修ならインソース,声を上げるコンプライアンス研修～違和感を行動に変えリスクを見逃さない（１日間）,200,text/html; charset=UTF-8,https://www.insource.co.jp/compliance/raise_our_voices.html,,2,https://www.insource.co.jp/wakate/index.html,/compliance/,/compliance/raise_our_voices.html/,746,https://www.insource.co.jp/compliance/raise_our_voices.html,2026-09-03T03:09:04.248318+00:00,
https://www.insource.co.jp/career-lineup/wakate_mentor.html,若手向けキャリアアップ研修～メンター経験を昇華させる（半日間）:現場で使える研修ならインソース,若手向けキャリアアップ研修～メンター経験を昇華させる（半日間）,200,text/html; charset=UTF-8,https://www.insource.co.jp/career-lineup/wakate_mentor.html,,2,https://www.insource.co.jp/wakate/index.html,/career-lineup/,/career-lineup/wakate_mentor.html/,1246,https://www.insource.co.jp/career-lineup/wakate_mentor.html,2026-09-03T03:09:05.816145+00:00,
https://www.insource.co.jp/psychological-safety/receive_consultation.html,相談力向上研修～気づき・声かけ・改善の３ステップで職場をよくする（半日間）:現場で使える研修ならインソース,相談力向上研修～気づき・声かけ・改善の３ステップで職場をよくする（半日間）,200,text/html; charset=UTF-8,https://www.insource.co.jp/psychological-safety/receive_consultation.html,,2,https://www.insource.co.jp/wakate/index.html,/psychological-safety/,/psychological-safety/receive_consultation.html/,823,https://www.insource.co.jp/psychological-safety/receive_consultation.html,2026-09-03T03:09:08.052175+00:00,
https://www.insource.co.jp/2nenme/business_knowledge.html,若手向け仕事力向上研修～業務知識を増やして活躍の幅を広げる（１日間）:現場で使える研修ならインソース,若手向け仕事力向上研修～業務知識を増やして活躍の幅を広げる（１日間）,200,text/html; charset=UTF-8,https://www.insource.co.jp/2nenme/business_knowledge.html,,2,https://www.insource.co.jp/wakate/index.html,/2nenme/,/2nenme/business_knowledge.html/,1184,https://www.insource.co.jp/2nenme/business_knowledge.html,2026-09-03T03:09:09.704259+00:00,
https://www.insource.co.jp/simulation/mondaikaiketu_2.html,【ケースで学ぶシリーズ】入社２年目向け問題解決ワークショップ（１日間）:現場で使える研修ならインソース,【ケースで学ぶシリーズ】入社２年目向け問題解決ワークショップ（１日間）,200,text/html; charset=UTF-8,https://www.insource.co.jp/simulation/mondaikaiketu_2.html,,2,https://www.insource.co.jp/wakate/index.html,/simulation/,/simulation/mondaikaiketu_2.html/,856,https://www.insource.co.jp/simulation/mondaikaiketu_2.html,2026-09-03T03:09:11.745029+00:00,
https://www.insource.co.jp/simulation/mondaikaiketu_3.html,【ケースで学ぶシリーズ】入社３年目向け問題解決ワークショップ（１日間）:現場で使える研修ならインソース,【ケースで学ぶシリーズ】入社３年目向け問題解決ワークショップ（１日間）,200,text/html; charset=UTF-8,https://www.insource.co.jp/simulation/mondaikaiketu_3.html,,2,https://www.insource.co.jp/wakate/index.html,/simulation/,/simulation/mondaikaiketu_3.html/,849,https://www.insource.co.jp/simulation/mondaikaiketu_3.html,2026-09-03T03:09:13.441216+00:00,
https://www.insource.co.jp/simulation/mondaikaiketu_4.html,【ケースで学ぶシリーズ】入社４年目向け問題解決ワークショップ（１日間）:現場で使える研修ならインソース,【ケースで学ぶシリーズ】入社４年目向け問題解決ワークショップ（１日間）,200,text/html; charset=UTF-8,https://www.insource.co.jp/simulation/mondaikaiketu_4.html,,2,https://www.insource.co.jp/wakate/index.html,/simulation/,/simulation/mondaikaiketu_4.html/,907,https://www.insource.co.jp/simulation/mondaikaiketu_4.html,2026-09-03T03:09:15.306249+00:00,
https://www.insource.co.jp/sh_shigotonosusumekata/passion_pdca.html,【熱意と覚悟のマインドセット】主力となる人のための仕事の進め方研修（１日間）:現場で使える研修ならインソース,【熱意と覚悟のマインドセット】主力となる人のための仕事の進め方研修（１日間）,200,text/html; charset=UTF-8,https://www.insource.co.jp/sh_shigotonosusumekata/passion_pdca.html,,2,https://www.insource.co.jp/wakate/index.html,/sh_shigotonosusumekata/,/sh_shigotonosusumekata/passion_pdca.html/,788,https://www.insource.co.jp/sh_shigotonosusumekata/passion_pdca.html,2026-09-03T03:09:17.057868+00:00,
https://www.insource.co.jp/sh_shigotonosusumekata/habituation.html,目標達成のための習慣化研修～やる気に頼らず仕組みで回す３ステップ（１日間）:現場で使える研修ならインソース,目標達成のための習慣化研修～やる気に頼らず仕組みで回す３ステップ（１日間）,200,text/html; charset=UTF-8,https://www.insource.co.jp/sh_shigotonosusumekata/habituation.html,,2,https://www.insource.co.jp/wakate/index.html,/sh_shigotonosusumekata/,/sh_shigotonosusumekata/habituation.html/,1210,https://www.insource.co.jp/sh_shigotonosusumekata/habituation.html,2026-09-03T03:09:18.672316+00:00,
https://www.insource.co.jp/sh_shigotonosusumekata/my_manual.html,仕事の進め方研修～マニュアル作成で段取り力を磨く（２日間）:現場で使える研修ならインソース,仕事の進め方研修～マニュアル作成で段取り力を磨く（２日間）,200,text/html; charset=UTF-8,https://www.insource.co.jp/sh_shigotonosusumekata/my_manual.html,,2,https://www.insource.co.jp/wakate/index.html,/sh_shigotonosusumekata/,/sh_shigotonosusumekata/my_manual.html/,1131,https://www.insource.co.jp/sh_shigotonosusumekata/my_manual.html,2026-09-03T03:09:20.740329+00:00,
https://www.insource.co.jp/sh_shigotonosusumekata/proceed_work.html,新人のための仕事の進め方研修～何から始めるか分からないを解決する（１日間）:現場で使える研修ならインソース,新人のための仕事の進め方研修～何から始めるか分からないを解決する（１日間）,200,text/html; charset=UTF-8,https://www.insource.co.jp/sh_shigotonosusumekata/proceed_work.html,,2,https://www.insource.co.jp/wakate/index.html,/sh_shigotonosusumekata/,/sh_shigotonosusumekata/proceed_work.html/,1079,https://www.insource.co.jp/sh_shigotonosusumekata/proceed_work.html,2026-09-03T03:09:22.884321+00:00,
https://www.insource.co.jp/pdca/passion_work.html,【熱意と覚悟のマインドセット】主力となる人のための仕事の進め方研修（２日間）:現場で使える研修ならインソース,【熱意と覚悟のマインドセット】主力となる人のための仕事の進め方研修（２日間）,200,text/html; charset=UTF-8,https://www.insource.co.jp/pdca/passion_work.html,,2,https://www.insource.co.jp/wakate/index.html,/pdca/,/pdca/passion_work.html/,1012,https://www.insource.co.jp/pdca/passion_work.html,2026-09-03T03:09:26.077478+00:00,
https://www.insource.co.jp/bup/bup_shigoto1.html,【研修セミナー公開講座】（若手向け）仕事の進め方研修～ＰＤＣＡを強化する- 株式会社インソース,（若手向け）仕事の進め方研修～ＰＤＣＡを強化する,200,text/html; charset=UTF-8,https://www.insource.co.jp/bup/bup_shigoto1.html,,2,https://www.insource.co.jp/wakate/index.html,/bup/,/bup/bup_shigoto1.html/,1721,https://www.insource.co.jp/bup/bup_shigoto1.html,2026-09-03T03:09:27.933188+00:00,
https://www.insource.co.jp/bup/recurrenteducation_jimusyoku.html,【研修セミナー公開講座】仕事の進め方研修（事務職・復職者向け）- 株式会社インソース,仕事の進め方研修（事務職・復職者向け）,200,text/html; charset=UTF-8,https://www.insource.co.jp/bup/recurrenteducation_jimusyoku.html,,2,https://www.insource.co.jp/wakate/index.html,/bup/,/bup/recurrenteducation_jimusyoku.html/,1704,https://www.insource.co.jp/bup/recurrenteducation_jimusyoku.html,2026-09-03T03:09:30.715556+00:00,
https://www.insource.co.jp/bup/bup_agilecommunication.html,【研修セミナー公開講座】変化の時代の仕事の進め方研修～アジャイルに働くコミュニケーション術- 株式会社インソース,変化の時代の仕事の進め方研修～アジャイルに働くコミュニケーション術,200,text/html; charset=UTF-8,https://www.insource.co.jp/bup/bup_agilecommunication.html,,2,https://www.insource.co.jp/wakate/index.html,/bup/,/bup/bup_agilecommunication.html/,1942,https://www.insource.co.jp/bup/bup_agilecommunication.html,2026-09-03T03:09:33.291823+00:00,
https://www.insource.co.jp/bup/bup-shinjin-communication.html,【研修セミナー公開講座】社会人１年目・２年目ステップアップ研修～コミュニケーション力向上編- 株式会社インソース,社会人１年目・２年目ステップアップ研修～コミュニケーション力向上編,200,text/html; charset=UTF-8,https://www.insource.co.jp/bup/bup-shinjin-communication.html,,2,https://www.insource.co.jp/wakate/index.html,/bup/,/bup/bup-shinjin-communication.html/,1778,https://www.insource.co.jp/bup/bup-shinjin-communication.html,2026-09-03T03:09:36.149873+00:00,
https://www.insource.co.jp/bup/bup_time_performance.html,【研修セミナー公開講座】タイムマネジメント研修～「タイパ」向上で成果を最大化させる実践ノウハウ- 株式会社インソース,タイムマネジメント研修～「タイパ」向上で成果を最大化させる実践ノウハウ,200,text/html; charset=UTF-8,https://www.insource.co.jp/bup/bup_time_performance.html,,2,https://www.insource.co.jp/wakate/index.html,/bup/,/bup/bup_time_performance.html/,2063,https://www.insource.co.jp/bup/bup_time_performance.html,2026-09-03T03:09:38.982912+00:00,
https://www.insource.co.jp/bup/bup_japanese-communication-training.html,【研修セミナー公開講座】（半日研修）（外国人向け）ゲンバで使える日本語コミュニケーション研修（全１２回／事後課題つき）- 株式会社インソース,（半日研修）（外国人向け）ゲンバで使える日本語コミュニケーション研修（全１２回／事後課題つき）,200,text/html; charset=UTF-8,https://www.insource.co.jp/bup/bup_japanese-communication-training.html,,2,https://www.insource.co.jp/wakate/index.html,/bup/,/bup/bup_japanese-communication-training.html/,1720,https://www.insource.co.jp/bup/bup_japanese-communication-training.html,2026-09-03T03:09:41.983329+00:00,
https://www.insource.co.jp/bup/bup-business-mind.html,【研修セミナー公開講座】【偉人に学ぶ】志を立て、運命を開拓する～渋沢栄一の生き様から考える仕事の向き合い方- 株式会社インソース,【偉人に学ぶ】志を立て、運命を開拓する～渋沢栄一の生き様から考える仕事の向き合い方,200,text/html; charset=UTF-8,https://www.insource.co.jp/bup/bup-business-mind.html,,2,https://www.insource.co.jp/wakate/index.html,/bup/,/bup/bup-business-mind.html/,2212,https://www.insource.co.jp/bup/bup-business-mind.html,2026-09-03T03:09:44.585490+00:00,
https://www.insource.co.jp/bup/bup_problemsolving_fifthyear.html,【研修セミナー公開講座】【ケースで学ぶシリーズ】入社５年目向け問題解決ワークショップ- 株式会社インソース,【ケースで学ぶシリーズ】入社５年目向け問題解決ワークショップ,200,text/html; charset=UTF-8,https://www.insource.co.jp/bup/bup_problemsolving_fifthyear.html,,2,https://www.insource.co.jp/wakate/index.html,/bup/,/bup/bup_problemsolving_fifthyear.html/,1627,https://www.insource.co.jp/bup/bup_problemsolving_fifthyear.html,2026-09-03T03:09:47.926375+00:00,
https://www.insource.co.jp/bup/bup_emotional-resilience.html,【研修セミナー公開講座】心の整え方研修～感情を味方につけてレジリエンスを高める- 株式会社インソース,心の整え方研修～感情を味方につけてレジリエンスを高める,200,text/html; charset=UTF-8,https://www.insource.co.jp/bup/bup_emotional-resilience.html,,2,https://www.insource.co.jp/wakate/index.html,/bup/,/bup/bup_emotional-resilience.html/,1732,https://www.insource.co.jp/bup/bup_emotional-resilience.html,2026-09-03T03:09:50.439190+00:00,
https://www.insource.co.jp/bup/bup_perspective-initiative.html,【研修セミナー公開講座】視座を上げて主体性を発揮する研修～仕事をつくり出すビジネスパーソンになる- 株式会社インソース,視座を上げて主体性を発揮する研修～仕事をつくり出すビジネスパーソンになる,200,text/html; charset=UTF-8,https://www.insource.co.jp/bup/bup_perspective-initiative.html,,2,https://www.insource.co.jp/wakate/index.html,/bup/,/bup/bup_perspective-initiative.html/,1725,https://www.insource.co.jp/bup/bup_perspective-initiative.html,2026-09-03T03:09:53.054930+00:00,
https://www.insource.co.jp/bup/bup_eigyokiso.html,【研修セミナー公開講座】（若手向け）営業基礎研修～営業のいろはを知り、営業活動の流れを学ぶ- 株式会社インソース,（若手向け）営業基礎研修～営業のいろはを知り、営業活動の流れを学ぶ,200,text/html; charset=UTF-8,https://www.insource.co.jp/bup/bup_eigyokiso.html,,2,https://www.insource.co.jp/wakate/index.html,/bup/,/bup/bup_eigyokiso.html/,1821,https://www.insource.co.jp/bup/bup_eigyokiso.html,2026-09-03T03:09:55.827171+00:00,
https://www.insource.co.jp/bup/bup_proactive-behavior.html,【研修セミナー公開講座】主体性発揮研修～６つの行動で仕事の向き合い方を変える- 株式会社インソース,主体性発揮研修～６つの行動で仕事の向き合い方を変える,200,text/html; charset=UTF-8,https://www.insource.co.jp/bup/bup_proactive-behavior.html,,2,https://www.insource.co.jp/wakate/index.html,/bup/,/bup/bup_proactive-behavior.html/,2064,https://www.insource.co.jp/bup/bup_proactive-behavior.html,2026-09-03T03:09:58.550597+00:00,
https://www.insource.co.jp/bup/chatgpt-biz-document.html,【研修セミナー公開講座】ChatGPTを活用したビジネス文書研修～文書作成の新スタンダードを学ぶ- 株式会社インソース,ChatGPTを活用したビジネス文書研修～文書作成の新スタンダードを学ぶ,200,text/html; charset=UTF-8,https://www.insource.co.jp/bup/chatgpt-biz-document.html,,2,https://www.insource.co.jp/wakate/index.html,/bup/,/bup/chatgpt-biz-document.html/,1629,https://www.insource.co.jp/bup/chatgpt-biz-document.html,2026-09-03T03:10:01.532311+00:00,
https://www.insource.co.jp/bup/bup_ojt_hazimete.html,【研修セミナー公開講座】はじめてのＯＪＴ研修～指導における不安を解消し、自信を持って新人・後輩指導を行う- 株式会社インソース,はじめてのＯＪＴ研修～指導における不安を解消し、自信を持って新人・後輩指導を行う,200,text/html; charset=UTF-8,https://www.insource.co.jp/bup/bup_ojt_hazimete.html,,2,https://www.insource.co.jp/wakate/index.html,/bup/,/bup/bup_ojt_hazimete.html/,1749,https://www.insource.co.jp/bup/bup_ojt_hazimete.html,2026-09-03T03:10:04.176212+00:00,
https://www.insource.co.jp/dougahyakkaten/shigoto-susumekata-pdca.html,仕事の進め方とPDCA講座:eラーニング・動画教材での研修もインソース,仕事の進め方とPDCA講座,200,text/html; charset=UTF-8,https://www.insource.co.jp/dougahyakkaten/shigoto-susumekata-pdca.html,,2,https://www.insource.co.jp/wakate/index.html,/dougahyakkaten/,/dougahyakkaten/shigoto-susumekata-pdca.html/,665,https://www.insource.co.jp/dougahyakkaten/shigoto-susumekata-pdca.html,2026-09-03T03:10:06.840753+00:00,
https://www.insource.co.jp/dougahyakkaten/12minutes_hou_ren_so.html,12分でわかる新人としての報告・連絡・相談のコツ:eラーニング・動画教材での研修もインソース,12分でわかる新人としての報告・連絡・相談のコツ,200,text/html; charset=UTF-8,https://www.insource.co.jp/dougahyakkaten/12minutes_hou_ren_so.html,,2,https://www.insource.co.jp/wakate/index.html,/dougahyakkaten/,/dougahyakkaten/12minutes_hou_ren_so.html/,648,https://www.insource.co.jp/dougahyakkaten/12minutes_hou_ren_so.html,2026-09-03T03:10:08.298163+00:00,
https://www.insource.co.jp/dougahyakkaten/shigotonosusumekata_teamkouken.html,チームに貢献する仕事の進め方～質・量・精度を上げる:eラーニング・動画教材での研修もインソース,チームに貢献する仕事の進め方～質・量・精度を上げる,200,text/html; charset=UTF-8,https://www.insource.co.jp/dougahyakkaten/shigotonosusumekata_teamkouken.html,,2,https://www.insource.co.jp/wakate/index.html,/dougahyakkaten/,/dougahyakkaten/shigotonosusumekata_teamkouken.html/,659,https://www.insource.co.jp/dougahyakkaten/shigotonosusumekata_teamkouken.html,2026-09-03T03:10:09.738794+00:00,
https://www.insource.co.jp/dougahyakkaten/self-management_create-value.html,自己管理力講座～プラスアルファの成果を生む仕事の進め方:eラーニング・動画教材での研修もインソース,自己管理力講座～プラスアルファの成果を生む仕事の進め方,200,text/html; charset=UTF-8,https://www.insource.co.jp/dougahyakkaten/self-management_create-value.html,,2,https://www.insource.co.jp/wakate/index.html,/dougahyakkaten/,/dougahyakkaten/self-management_create-value.html/,680,https://www.insource.co.jp/dougahyakkaten/self-management_create-value.html,2026-09-03T03:10:11.187424+00:00,
https://www.insource.co.jp/dougahyakkaten/multitask_productivity-improvement.html,マルチタスク講座～生産性向上のための明日から使える仕事術:eラーニング・動画教材での研修もインソース,マルチタスク講座～生産性向上のための明日から使える仕事術,200,text/html; charset=UTF-8,https://www.insource.co.jp/dougahyakkaten/multitask_productivity-improvement.html,,2,https://www.insource.co.jp/wakate/index.html,/dougahyakkaten/,/dougahyakkaten/multitask_productivity-improvement.html/,646,https://www.insource.co.jp/dougahyakkaten/multitask_productivity-improvement.html,2026-09-03T03:10:12.658422+00:00,
https://www.insource.co.jp/dougahyakkaten/shuji-gishi-shutaisei.html,（官公庁・自治体向け）主事・技師級研修～主体性の発揮（冊子教材・テスト付き）:eラーニング・動画教材での研修もインソース,（官公庁・自治体向け）主事・技師級研修～主体性の発揮（冊子教材・テスト付き）,200,text/html; charset=UTF-8,https://www.insource.co.jp/dougahyakkaten/shuji-gishi-shutaisei.html,,2,https://www.insource.co.jp/wakate/index.html,/dougahyakkaten/,/dougahyakkaten/shuji-gishi-shutaisei.html/,620,https://www.insource.co.jp/dougahyakkaten/shuji-gishi-shutaisei.html,2026-09-03T03:10:14.269638+00:00,
https://www.insource.co.jp/dougahyakkaten/dekiruhito_4framework.html,「お！仕事ができるね！」と評価される人が意識している４つのフレームワーク:eラーニング・動画教材での研修もインソース,「お！仕事ができるね！」と評価される人が意識している４つのフレームワーク,200,text/html; charset=UTF-8,https://www.insource.co.jp/dougahyakkaten/dekiruhito_4framework.html,,2,https://www.insource.co.jp/wakate/index.html,/dougahyakkaten/,/dougahyakkaten/dekiruhito_4framework.html/,662,https://www.insource.co.jp/dougahyakkaten/dekiruhito_4framework.html,2026-09-03T03:10:15.680938+00:00,
https://www.insource.co.jp/dougahyakkaten/dashikata-tsutaekata.html,在宅勤務に求められる「成果」の出し方・見せ方研修（冊子教材付き）:eラーニング・動画教材での研修もインソース,在宅勤務に求められる「成果」の出し方・見せ方研修（冊子教材付き）,200,text/html; charset=UTF-8,https://www.insource.co.jp/dougahyakkaten/dashikata-tsutaekata.html,,2,https://www.insource.co.jp/wakate/index.html,/dougahyakkaten/,/dougahyakkaten/dashikata-tsutaekata.html/,643,https://www.insource.co.jp/dougahyakkaten/dashikata-tsutaekata.html,2026-09-03T03:10:17.133820+00:00,
https://www.insource.co.jp/dougahyakkaten/judgement_eightpoint.html,判断力強化研修～判断の８つの観点と決断の心構え（冊子教材・テスト付き）:eラーニング・動画教材での研修もインソース,判断力強化研修～判断の８つの観点と決断の心構え（冊子教材・テスト付き）,200,text/html; charset=UTF-8,https://www.insource.co.jp/dougahyakkaten/judgement_eightpoint.html,,2,https://www.insource.co.jp/wakate/index.html,/dougahyakkaten/,/dougahyakkaten/judgement_eightpoint.html/,706,https://www.insource.co.jp/dougahyakkaten/judgement_eightpoint.html,2026-09-03T03:10:18.569374+00:00,
https://www.insource.co.jp/dougahyakkaten/global-mind.html,グローバルマインド講座～文化の違いを理解しながら、「外国人とともに働く」を実現する編:eラーニング・動画教材での研修もインソース,グローバルマインド講座～文化の違いを理解しながら、「外国人とともに働く」を実現する編,200,text/html; charset=UTF-8,https://www.insource.co.jp/dougahyakkaten/global-mind.html,,2,https://www.insource.co.jp/wakate/index.html,/dougahyakkaten/,/dougahyakkaten/global-mind.html/,647,https://www.insource.co.jp/dougahyakkaten/global-mind.html,2026-09-03T03:10:20.069729+00:00,
https://www.insource.co.jp/dougahyakkaten/compliance-basic.html,新人・若手向けコンプライアンス講座:eラーニング・動画教材での研修もインソース,新人・若手向けコンプライアンス講座,200,text/html; charset=UTF-8,https://www.insource.co.jp/dougahyakkaten/compliance-basic.html,,2,https://www.insource.co.jp/wakate/index.html,/dougahyakkaten/,/dougahyakkaten/compliance-basic.html/,653,https://www.insource.co.jp/dougahyakkaten/compliance-basic.html,2026-09-03T03:10:21.505948+00:00,
https://www.insource.co.jp/dougahyakkaten/bengoshi_basic-law.html,【弁護士監修・ドラマで学ぶシリーズ】若手ビジネスパーソンのための法律知識（テスト付き）:eラーニング・動画教材での研修もインソース,【弁護士監修・ドラマで学ぶシリーズ】若手ビジネスパーソンのための法律知識（テスト付き）,200,text/html; charset=UTF-8,https://www.insource.co.jp/dougahyakkaten/bengoshi_basic-law.html,,2,https://www.insource.co.jp/wakate/index.html,/dougahyakkaten/,/dougahyakkaten/bengoshi_basic-law.html/,686,https://www.insource.co.jp/dougahyakkaten/bengoshi_basic-law.html,2026-09-03T03:10:22.948700+00:00,
https://www.insource.co.jp/dougahyakkaten/active-motivation.html,アクティブモチベーション講座～ポジティブな考え方で意欲をセルフコントロールする（スライド付き）:eラーニング・動画教材での研修もインソース,アクティブモチベーション講座～ポジティブな考え方で意欲をセルフコントロールする（スライド付き）,200,text/html; charset=UTF-8,https://www.insource.co.jp/dougahyakkaten/active-motivation.html,,2,https://www.insource.co.jp/wakate/index.html,/dougahyakkaten/,/dougahyakkaten/active-motivation.html/,689,https://www.insource.co.jp/dougahyakkaten/active-motivation.html,2026-09-03T03:10:24.611837+00:00,
https://www.insource.co.jp/dougahyakkaten/resilience-contents_column.html,レジリエンスを鍛える３つのポイント～折れない心でストレスと向き合う:eラーニング・動画教材での研修もインソース,レジリエンスを鍛える３つのポイント～折れない心でストレスと向き合う,200,text/html; charset=UTF-8,https://www.insource.co.jp/dougahyakkaten/resilience-contents_column.html,,2,https://www.insource.co.jp/wakate/index.html,/dougahyakkaten/,/dougahyakkaten/resilience-contents_column.html/,704,https://www.insource.co.jp/dougahyakkaten/resilience-contents_column.html,2026-09-03T03:10:26.096808+00:00,
https://www.insource.co.jp/dougahyakkaten/financial_literacy.html,金融・生活リテラシー講座～お金の基礎知識を学び、ライフプランを考える:eラーニング・動画教材での研修もインソース,金融・生活リテラシー講座～お金の基礎知識を学び、ライフプランを考える,200,text/html; charset=UTF-8,https://www.insource.co.jp/dougahyakkaten/financial_literacy.html,,2,https://www.insource.co.jp/wakate/index.html,/dougahyakkaten/,/dougahyakkaten/financial_literacy.html/,673,https://www.insource.co.jp/dougahyakkaten/financial_literacy.html,2026-09-03T03:10:27.597951+00:00,
https://www.insource.co.jp/dougahyakkaten/20career_must_can_will.html,20代向けキャリアデザイン研修～Ｍｕｓｔ・Ｃａｎ・Ｗｉｌｌでキャリアを考える（冊子教材付き）:eラーニング・動画教材での研修もインソース,20代向けキャリアデザイン研修～Ｍｕｓｔ・Ｃａｎ・Ｗｉｌｌでキャリアを考える（冊子教材付き）,200,text/html; charset=UTF-8,https://www.insource.co.jp/dougahyakkaten/20career_must_can_will.html,,2,https://www.insource.co.jp/wakate/index.html,/dougahyakkaten/,/dougahyakkaten/20career_must_can_will.html/,658,https://www.insource.co.jp/dougahyakkaten/20career_must_can_will.html,2026-09-03T03:10:29.060531+00:00,
https://www.insource.co.jp/dougahyakkaten/independence_shyness.html,強みを活かす主体性発揮講座～内向的でも視点を変えて活躍する:eラーニング・動画教材での研修もインソース,強みを活かす主体性発揮講座～内向的でも視点を変えて活躍する,200,text/html; charset=UTF-8,https://www.insource.co.jp/dougahyakkaten/independence_shyness.html,,2,https://www.insource.co.jp/wakate/index.html,/dougahyakkaten/,/dougahyakkaten/independence_shyness.html/,657,https://www.insource.co.jp/dougahyakkaten/independence_shyness.html,2026-09-03T03:10:30.511911+00:00,
https://www.insource.co.jp/dougahyakkaten/learning-cycle_young.html,若手社員講座～経験学習サイクルを回し、自己成長を加速させる:eラーニング・動画教材での研修もインソース,若手社員講座～経験学習サイクルを回し、自己成長を加速させる,200,text/html; charset=UTF-8,https://www.insource.co.jp/dougahyakkaten/learning-cycle_young.html,,2,https://www.insource.co.jp/wakate/index.html,/dougahyakkaten/,/dougahyakkaten/learning-cycle_young.html/,663,https://www.insource.co.jp/dougahyakkaten/learning-cycle_young.html,2026-09-03T03:10:31.962394+00:00,
https://www.insource.co.jp/dougahyakkaten/12minutes_email.html,12分でわかる相手にとって読みやすいEメールの書き方講座:eラーニング・動画教材での研修もインソース,12分でわかる相手にとって読みやすいEメールの書き方講座,200,text/html; charset=UTF-8,https://www.insource.co.jp/dougahyakkaten/12minutes_email.html,,2,https://www.insource.co.jp/wakate/index.html,/dougahyakkaten/,/dougahyakkaten/12minutes_email.html/,702,https://www.insource.co.jp/dougahyakkaten/12minutes_email.html,2026-09-03T03:10:33.414646+00:00,
https://www.insource.co.jp/dougahyakkaten/productivity-improvement_visualize.html,生産性向上講座～仕事の見える化でムダなく成果につなげる（スライド付き）:eラーニング・動画教材での研修もインソース,生産性向上講座～仕事の見える化でムダなく成果につなげる（スライド付き）,200,text/html; charset=UTF-8,https://www.insource.co.jp/dougahyakkaten/productivity-improvement_visualize.html,,2,https://www.insource.co.jp/wakate/index.html,/dougahyakkaten/,/dougahyakkaten/productivity-improvement_visualize.html/,652,https://www.insource.co.jp/dougahyakkaten/productivity-improvement_visualize.html,2026-09-03T03:10:35.089650+00:00,
https://www.insource.co.jp/set/businessmanar_tsushintensaku_gaiyo.html,（内定者・新社会人向け）確認テスト付きビジネス基礎講座テキスト販売:現場で使える研修ならインソース,（内定者・新社会人向け）確認テスト付きビジネス基礎講座テキスト販売,200,text/html; charset=UTF-8,https://www.insource.co.jp/set/businessmanar_tsushintensaku_gaiyo.html,,2,https://www.insource.co.jp/wakate/index.html,/set/,/set/businessmanar_tsushintensaku_gaiyo.html/,635,https://www.insource.co.jp/set/businessmanar_tsushintensaku_gaiyo.html,2026-09-03T03:10:36.535118+00:00,
https://www.insource.co.jp/edusolution/thirtycont_6.html,短時間で成果を上げる仕事の進め方:研修会社インソース,短時間で成果を上げる仕事の進め方,200,text/html; charset=UTF-8,https://www.insource.co.jp/edusolution/thirtycont_6.html,,2,https://www.insource.co.jp/wakate/index.html,/edusolution/,/edusolution/thirtycont_6.html/,649,https://www.insource.co.jp/edusolution/thirtycont_6.html,2026-09-03T03:10:37.931896+00:00,
https://www.insource.co.jp/contents/time-management-contents.html,"タイムマネジメントの方法・原則～なぜあの人の仕事は早いのか？ - 社員研修,教育 職員研修 人材育成ならインソース",,200,text/html; charset=UTF-8,https://www.insource.co.jp/contents/time-management-contents.html,,2,https://www.insource.co.jp/wakate/index.html,/contents/,/contents/time-management-contents.html/,648,https://www.insource.co.jp/contents/time-management-contents.html,2026-09-03T03:10:39.342698+00:00,
https://www.insource.co.jp/hatara-column/article-no37176.html,意外と徹底できていない？！報連相の目的・重要性・方法とは？｜はたらコラム,,200,text/html; charset=UTF-8,https://www.insource.co.jp/hatara-column/article-no37176.html,,2,https://www.insource.co.jp/wakate/index.html,/hatara-column/,/hatara-column/article-no37176.html/,981,https://www.insource.co.jp/hatara-column/article-no37176.html,2026-09-03T03:10:40.774447+00:00,
https://www.insource.co.jp/hatara-column/article-no25924.html,PDCAを活用して仕事のデキる人を目指そう【PDCA活用例】｜はたらコラム,,200,text/html; charset=UTF-8,https://www.insource.co.jp/hatara-column/article-no25924.html,,2,https://www.insource.co.jp/wakate/index.html,/hatara-column/,/hatara-column/article-no25924.html/,708,https://www.insource.co.jp/hatara-column/article-no25924.html,2026-09-03T03:10:42.571582+00:00,
https://www.insource.co.jp/contents/column_four-walls.html,"新人がぶつかりやすい「４つの壁」～新入社員の６か月間の成長ストーリー - 社員研修,教育 職員研修 人材育成ならインソース",新人がぶつかりやすい「４つの壁」 ～新入社員の６か月間の成長ストーリー,200,text/html; charset=UTF-8,https://www.insource.co.jp/contents/column_four-walls.html,,2,https://www.insource.co.jp/wakate/index.html,/contents/,/contents/column_four-walls.html/,794,https://www.insource.co.jp/contents/column_four-walls.html,2026-09-03T03:10:44.069210+00:00,
https://www.insource.co.jp/contents/column_experiential_learning_cycle.html,"仕事における経験学習サイクルとは～４つのステップを回し、経験をノウハウに変えて成長する - 社員研修,教育 職員研修 人材育成ならインソース",仕事における経験学習サイクルとは ～４つのステップを回し、経験をノウハウに変えて成長する,200,text/html; charset=UTF-8,https://www.insource.co.jp/contents/column_experiential_learning_cycle.html,,2,https://www.insource.co.jp/wakate/index.html,/contents/,/contents/column_experiential_learning_cycle.html/,808,https://www.insource.co.jp/contents/column_experiential_learning_cycle.html,2026-09-03T03:10:45.827167+00:00,
https://www.insource.co.jp/contents/column_makasekata.html,"部下の成長を促す「上手な仕事の任せ方」～任せる前の準備と自己効力感の引き出し方 - 社員研修,教育 職員研修 人材育成ならインソース",部下の成長を促す「上手な仕事の任せ方」～任せる前の準備と自己効力感の引き出し方,200,text/html; charset=UTF-8,https://www.insource.co.jp/contents/column_makasekata.html,,2,https://www.insource.co.jp/wakate/index.html,/contents/,/contents/column_makasekata.html/,955,https://www.insource.co.jp/contents/column_makasekata.html,2026-09-03T03:10:47.434192+00:00,
https://www.insource.co.jp/businessbunsho/dailyreport.html,上司が“唸る”日報の書き方｜２つの目的や具体例、記載すべき内容をご紹介 - 株式会社インソース,上司が“唸る”日報の書き方｜２つの目的や具体例、記載すべき内容をご紹介,200,text/html; charset=UTF-8,https://www.insource.co.jp/businessbunsho/dailyreport.html,,2,https://www.insource.co.jp/wakate/index.html,/businessbunsho/,/businessbunsho/dailyreport.html/,715,https://www.insource.co.jp/businessbunsho/dailyreport.html,2026-09-03T03:10:49.198261+00:00,
https://www.insource.co.jp/ihl/250730_neweigyo-basicskill.html,"営業は誰しも不安を抱えた「新人」からスタートするもの！自信を持って第一歩を踏み出し、未来を切り拓く｜社員研修,教育 職員研修 人材育成ならインソース",営業は誰しも不安を抱えた「新人」からスタートするもの！自信を持って第一歩を踏み出し、未来を切り拓く,200,text/html; charset=UTF-8,https://www.insource.co.jp/ihl/250730_neweigyo-basicskill.html,,2,https://www.insource.co.jp/wakate/index.html,/ihl/,/ihl/250730_neweigyo-basicskill.html/,874,https://www.insource.co.jp/ihl/250730_neweigyo-basicskill.html,2026-09-03T03:10:50.703249+00:00,
https://www.insource.co.jp/ihl/250630_bup_follow.html,"指示待ちからの脱却！上司から「デキる」と評価される若手社員の仕事術６選｜社員研修,教育 職員研修 人材育成ならインソース",指示待ちからの脱却！上司から「デキる」と評価される若手社員の仕事術６選,200,text/html; charset=UTF-8,https://www.insource.co.jp/ihl/250630_bup_follow.html,,2,https://www.insource.co.jp/wakate/index.html,/ihl/,/ihl/250630_bup_follow.html/,910,https://www.insource.co.jp/ihl/250630_bup_follow.html,2026-09-03T03:10:52.375475+00:00,
https://www.insource.co.jp/ihl/250618_agile_work.html,"迷っても、ブレてもいい。アジャイルなチームは、そこから強くなる｜社員研修,教育 職員研修 人材育成ならインソース",迷っても、ブレてもいい。アジャイルなチームは、そこから強くなる,200,text/html; charset=UTF-8,https://www.insource.co.jp/ihl/250618_agile_work.html,,2,https://www.insource.co.jp/wakate/index.html,/ihl/,/ihl/250618_agile_work.html/,801,https://www.insource.co.jp/ihl/250618_agile_work.html,2026-09-03T03:10:54.063101+00:00,
https://www.insource.co.jp/ihl/250530_youngperson_work.html,"若手の育成は組織の未来をつくる投資～ＰＤＣＡサイクルで成長し続ける土台をつくる｜社員研修,教育 職員研修 人材育成ならインソース",若手の育成は組織の未来をつくる投資～ＰＤＣＡサイクルで成長し続ける土台をつくる,200,text/html; charset=UTF-8,https://www.insource.co.jp/ihl/250530_youngperson_work.html,,2,https://www.insource.co.jp/wakate/index.html,/ihl/,/ihl/250530_youngperson_work.html/,774,https://www.insource.co.jp/ihl/250530_youngperson_work.html,2026-09-03T03:10:55.638926+00:00,
https://www.insource.co.jp/ihl/250618_entrust_levelup.html,"「仕事を任せたいのに任せられない」上司のための処方箋～部下が負担を感じる３つの要因とその対処法｜社員研修,教育 職員研修 人材育成ならインソース",「仕事を任せたいのに任せられない」上司のための処方箋～部下が負担を感じる３つの要因とその対処法,200,text/html; charset=UTF-8,https://www.insource.co.jp/ihl/250618_entrust_levelup.html,,2,https://www.insource.co.jp/wakate/index.html,/ihl/,/ihl/250618_entrust_levelup.html/,961,https://www.insource.co.jp/ihl/250618_entrust_levelup.html,2026-09-03T03:10:57.186620+00:00,
https://www.insource.co.jp/ihl/250625_copilot_optimization.html,"１人から始められる業務効率化～Copilot Chatで事務作業のコストを削減する｜社員研修,教育 職員研修 人材育成ならインソース",１人から始められる業務効率化～Copilot Chatで事務作業のコストを削減する,200,text/html; charset=UTF-8,https://www.insource.co.jp/ihl/250625_copilot_optimization.html,,2,https://www.insource.co.jp/wakate/index.html,/ihl/,/ihl/250625_copilot_optimization.html/,878,https://www.insource.co.jp/ihl/250625_copilot_optimization.html,2026-09-03T03:10:59.085104+00:00,
https://www.insource.co.jp/ihl/250701_office-work-performance.html,"生成ＡＩに代替されない３つのスキル～生き抜く鍵は？｜社員研修,教育 職員研修 人材育成ならインソース",生成ＡＩに代替されない３つのスキル～生き抜く鍵は？,200,text/html; charset=UTF-8,https://www.insource.co.jp/ihl/250701_office-work-performance.html,,2,https://www.insource.co.jp/wakate/index.html,/ihl/,/ihl/250701_office-work-performance.html/,886,https://www.insource.co.jp/ihl/250701_office-work-performance.html,2026-09-03T03:11:02.068072+00:00,
https://www.insource.co.jp/ihl/250908_digital-young2.html,"もう待ちの姿勢は許されない！？―デジタル時代の若手に求められるキャリア自律と主体的学習｜社員研修,教育 職員研修 人材育成ならインソース",もう待ちの姿勢は許されない！？―デジタル時代の若手に求められるキャリア自律と主体的学習,200,text/html; charset=UTF-8,https://www.insource.co.jp/ihl/250908_digital-young2.html,,2,https://www.insource.co.jp/wakate/index.html,/ihl/,/ihl/250908_digital-young2.html/,892,https://www.insource.co.jp/ihl/250908_digital-young2.html,2026-09-03T03:11:03.729756+00:00,
https://www.insource.co.jp/ihl/251017_problemsolving_thirdyear.html,"社会人３年目は飛躍の年！チームの中心として活躍するための４つの役割｜社員研修,教育 職員研修 人材育成ならインソース",社会人３年目は飛躍の年！チームの中心として活躍するための４つの役割,200,text/html; charset=UTF-8,https://www.insource.co.jp/ihl/251017_problemsolving_thirdyear.html,,2,https://www.insource.co.jp/wakate/index.html,/ihl/,/ihl/251017_problemsolving_thirdyear.html/,942,https://www.insource.co.jp/ihl/251017_problemsolving_thirdyear.html,2026-09-03T03:11:05.397413+00:00,
https://www.insource.co.jp/ihl/251217_new-employee-follow-Initiative.html,"３年目社員は「役割が変わる」から伸びる！～仕事の点と線をつなぐことで成長が加速する｜社員研修,教育 職員研修 人材育成ならインソース",３年目社員は「役割が変わる」から伸びる！～仕事の点と線をつなぐことで成長が加速する,200,text/html; charset=UTF-8,https://www.insource.co.jp/ihl/251217_new-employee-follow-Initiative.html,,2,https://www.insource.co.jp/wakate/index.html,/ihl/,/ihl/251217_new-employee-follow-Initiative.html/,957,https://www.insource.co.jp/ihl/251217_new-employee-follow-Initiative.html,2026-09-03T03:11:07.114530+00:00,
https://www.insource.co.jp/ihl/250625_problem-solving-by-case.html,"自分で考えて動ける新人・若手の育成～年次ごとに遭遇しやすいケースで問題解決力を高める｜社員研修,教育 職員研修 人材育成ならインソース",自分で考えて動ける新人・若手の育成～年次ごとに遭遇しやすいケースで問題解決力を高める,200,text/html; charset=UTF-8,https://www.insource.co.jp/ihl/250625_problem-solving-by-case.html,,2,https://www.insource.co.jp/wakate/index.html,/ihl/,/ihl/250625_problem-solving-by-case.html/,925,https://www.insource.co.jp/ihl/250625_problem-solving-by-case.html,2026-09-03T03:11:08.849479+00:00,
https://www.insource.co.jp/ihl/250530_senpai_skill.html,"後輩から頼られる先輩になるための３つのスキル～ティーチング・メンタリング・モチベート｜社員研修,教育 職員研修 人材育成ならインソース",後輩から頼られる先輩になるための３つのスキル～ティーチング・メンタリング・モチベート,200,text/html; charset=UTF-8,https://www.insource.co.jp/ihl/250530_senpai_skill.html,,2,https://www.insource.co.jp/wakate/index.html,/ihl/,/ihl/250530_senpai_skill.html/,872,https://www.insource.co.jp/ihl/250530_senpai_skill.html,2026-09-03T03:11:10.710202+00:00,
https://www.insource.co.jp/ihl/250625_20s-future-vision.html,"若手社員が「なりたい姿」へ主体的に近づく３つのスキル～自己成長のサイクル・ストレス対策・キャリア設計術｜社員研修,教育 職員研修 人材育成ならインソース",若手社員が「なりたい姿」へ主体的に近づく３つのスキル～自己成長のサイクル・ストレス対策・キャリア設計術,200,text/html; charset=UTF-8,https://www.insource.co.jp/ihl/250625_20s-future-vision.html,,2,https://www.insource.co.jp/wakate/index.html,/ihl/,/ihl/250625_20s-future-vision.html/,1141,https://www.insource.co.jp/ihl/250625_20s-future-vision.html,2026-09-03T03:11:12.357669+00:00,
https://www.insource.co.jp/ihl/250806_over_the_wall_growth.html,"キャリアに迷う20代の方へ～自分らしい働き方を見つける「Must・Can・Will」思考法｜社員研修,教育 職員研修 人材育成ならインソース",キャリアに迷う20代の方へ～自分らしい働き方を見つける「Must・Can・Will」思考法,200,text/html; charset=UTF-8,https://www.insource.co.jp/ihl/250806_over_the_wall_growth.html,,2,https://www.insource.co.jp/wakate/index.html,/ihl/,/ihl/250806_over_the_wall_growth.html/,868,https://www.insource.co.jp/ihl/250806_over_the_wall_growth.html,2026-09-03T03:11:14.276162+00:00,
https://www.insource.co.jp/ihl/250623_get_over_27yearsold.html,"離職したい気持ちを乗り越えるには？27歳の壁の正体｜社員研修,教育 職員研修 人材育成ならインソース",離職したい気持ちを乗り越えるには？27歳の壁の正体,200,text/html; charset=UTF-8,https://www.insource.co.jp/ihl/250623_get_over_27yearsold.html,,2,https://www.insource.co.jp/wakate/index.html,/ihl/,/ihl/250623_get_over_27yearsold.html/,923,https://www.insource.co.jp/ihl/250623_get_over_27yearsold.html,2026-09-03T03:11:15.919857+00:00,
https://www.insource.co.jp/python-gakuin/mail-backnumber/vol45.html,"【プロンプトあり】ChatGPTの活用事例をご紹介！～文章・画像生成から企画まで - Python学院メールマガジン 社員研修,教育 職員研修 人材育成ならインソース",【プロンプトあり】ChatGPTの活用事例をご紹介！ ～文章・画像生成から企画まで,200,text/html; charset=UTF-8,https://www.insource.co.jp/python-gakuin/mail-backnumber/vol45.html,,2,https://www.insource.co.jp/wakate/index.html,/python-gakuin/,/python-gakuin/mail-backnumber/,694,https://www.insource.co.jp/python-gakuin/mail-backnumber/vol45.html,2026-09-03T03:11:17.619380+00:00,
https://www.insource.co.jp/ihl/250902_eigyokiso.html,"営業は「断られたら終わり」ではない。若手営業でも活かせる、断られた後にやるべき４つのポイント｜社員研修,教育 職員研修 人材育成ならインソース",営業は「断られたら終わり」ではない。若手営業でも活かせる、断られた後にやるべき４つのポイント,200,text/html; charset=UTF-8,https://www.insource.co.jp/ihl/250902_eigyokiso.html,,2,https://www.insource.co.jp/wakate/index.html,/ihl/,/ihl/250902_eigyokiso.html/,701,https://www.insource.co.jp/ihl/250902_eigyokiso.html,2026-09-03T03:11:19.078490+00:00,
https://www.insource.co.jp/it-tool/ihl-260130-correcting-inconsistencies-using-AI.html,"若手離職の原因は人事評価にある？生成ＡＩによる「評価のズレ是正」で納得感ある評価制度を作る｜社員研修,教育 職員研修 人材育成ならインソース",若手離職の原因は人事評価にある？生成ＡＩによる「評価のズレ是正」で納得感ある評価制度を作る,200,text/html; charset=UTF-8,https://www.insource.co.jp/it-tool/ihl-260130-correcting-inconsistencies-using-AI.html,,2,https://www.insource.co.jp/wakate/index.html,/it-tool/,/it-tool/ihl-260130-correcting-inconsistencies-using-AI.html/,1015,https://www.insource.co.jp/it-tool/ihl-260130-correcting-inconsistencies-using-AI.html,2026-09-03T03:11:20.562447+00:00,
https://www.insource.co.jp/ihl/260202_problemsolving_fourthyear.html,"「５０％上司」の葛藤を突破する、入社４年目の育成設計～停滞感を組織の原動力へ変える方法｜社員研修,教育 職員研修 人材育成ならインソース",「５０％上司」の葛藤を突破する、入社４年目の育成設計～停滞感を組織の原動力へ変える方法,200,text/html; charset=UTF-8,https://www.insource.co.jp/ihl/260202_problemsolving_fourthyear.html,,2,https://www.insource.co.jp/wakate/index.html,/ihl/,/ihl/260202_problemsolving_fourthyear.html/,903,https://www.insource.co.jp/ihl/260202_problemsolving_fourthyear.html,2026-09-03T03:11:22.364775+00:00,
https://www.insource.co.jp/ihl/250916_aisatsu-improvement.html,"あいさつをしない若者の、本当の気持ち。やる気がないわけじゃないのかも？｜社員研修,教育 職員研修 人材育成ならインソース",あいさつをしない若者の、本当の気持ち。やる気がないわけじゃないのかも？,200,text/html; charset=UTF-8,https://www.insource.co.jp/ihl/250916_aisatsu-improvement.html,,2,https://www.insource.co.jp/wakate/index.html,/ihl/,/ihl/250916_aisatsu-improvement.html/,723,https://www.insource.co.jp/ihl/250916_aisatsu-improvement.html,2026-09-03T03:11:24.187673+00:00,
https://www.insource.co.jp/ihl/251027_assessment-hierarchy-test.html,"若手社員の「育たない」を断ち切る方法～階層別テストから始める早期戦力化サイクル｜社員研修,教育 職員研修 人材育成ならインソース",若手社員の「育たない」を断ち切る方法～階層別テストから始める早期戦力化サイクル,200,text/html; charset=UTF-8,https://www.insource.co.jp/ihl/251027_assessment-hierarchy-test.html,,2,https://www.insource.co.jp/wakate/index.html,/ihl/,/ihl/251027_assessment-hierarchy-test.html/,946,https://www.insource.co.jp/ihl/251027_assessment-hierarchy-test.html,2026-09-03T03:11:25.688415+00:00,
https://www.insource.co.jp/ihl/260205_buka-communication-1vs1interview.html,"若手の「突然の退職」は防げる！月１回30分の１対１面談で、部下のＳＯＳを見逃さない｜社員研修,教育 職員研修 人材育成ならインソース",若手の「突然の退職」は防げる！月１回30分の１対１面談で、部下のＳＯＳを見逃さない,200,text/html; charset=UTF-8,https://www.insource.co.jp/ihl/260205_buka-communication-1vs1interview.html,,2,https://www.insource.co.jp/wakate/index.html,/ihl/,/ihl/260205_buka-communication-1vs1interview.html/,904,https://www.insource.co.jp/ihl/260205_buka-communication-1vs1interview.html,2026-09-03T03:11:27.409539+00:00,
https://www.insource.co.jp/ihl/251215_bup_directions.html,"技術力はあるのにうまく伝わらない...若手エンジニアが知っておくべき「分かりやすい説明の仕方」のポイント｜社員研修,教育 職員研修 人材育成ならインソース",技術力はあるのにうまく伝わらない...若手エンジニアが知っておくべき「分かりやすい説明の仕方」のポイント,200,text/html; charset=UTF-8,https://www.insource.co.jp/ihl/251215_bup_directions.html,,2,https://www.insource.co.jp/wakate/index.html,/ihl/,/ihl/251215_bup_directions.html/,1174,https://www.insource.co.jp/ihl/251215_bup_directions.html,2026-09-03T03:11:29.091116+00:00,
https://www.insource.co.jp/ihl/260129_vol054.html,"若手社員の事務力を高める「仕事の進め方・時間管理・ミス防止」３つの鉄則｜社員研修,教育 職員研修 人材育成ならインソース",若手社員の事務力を高める「仕事の進め方・時間管理・ミス防止」３つの鉄則,200,text/html; charset=UTF-8,https://www.insource.co.jp/ihl/260129_vol054.html,,2,https://www.insource.co.jp/wakate/index.html,/ihl/,/ihl/260129_vol054.html/,767,https://www.insource.co.jp/ihl/260129_vol054.html,2026-09-03T03:11:31.040801+00:00,
https://www.insource.co.jp/ihl/260121_consultant_document.html,"結論から作る！すぐ使えるコンサル資料の作り方 ｜社員研修,教育 職員研修 人材育成ならインソース",結論から作る！すぐ使えるコンサル資料の作り方,200,text/html; charset=UTF-8,https://www.insource.co.jp/ihl/260121_consultant_document.html,,2,https://www.insource.co.jp/wakate/index.html,/ihl/,/ihl/260121_consultant_document.html/,845,https://www.insource.co.jp/ihl/260121_consultant_document.html,2026-09-03T03:11:32.583298+00:00,
https://www.insource.co.jp/bup/bup_plan-improvement.html,【研修セミナー公開講座】中堅向けタイムマネジメント研修～計画通りいかないときの進め方- 株式会社インソース,中堅向けタイムマネジメント研修～計画通りいかないときの進め方,200,text/html; charset=UTF-8,https://www.insource.co.jp/bup/bup_plan-improvement.html,,2,https://www.insource.co.jp/wakate/index.html,/bup/,/bup/bup_plan-improvement.html/,1769,https://www.insource.co.jp/bup/bup_plan-improvement.html,2026-09-03T03:11:34.204267+00:00,
https://www.insource.co.jp/bup/bup_pc_technique.html,【研修セミナー公開講座】（２時間研修）生産性向上研修～時短につながるＰＣテクニック- 株式会社インソース,（２時間研修）生産性向上研修～時短につながるＰＣテクニック,200,text/html; charset=UTF-8,https://www.insource.co.jp/bup/bup_pc_technique.html,,2,https://www.insource.co.jp/wakate/index.html,/bup/,/bup/bup_pc_technique.html/,1598,https://www.insource.co.jp/bup/bup_pc_technique.html,2026-09-03T03:11:37.009165+00:00,
https://www.insource.co.jp/bup/self_management.html,【研修セミナー公開講座】（半日研修）セルフマネジメント研修～ハイパフォーマンスを実現するためのエネルギー管理術- 株式会社インソース,（半日研修）セルフマネジメント研修～ハイパフォーマンスを実現するためのエネルギー管理術,200,text/html; charset=UTF-8,https://www.insource.co.jp/bup/self_management.html,,2,https://www.insource.co.jp/wakate/index.html,/bup/,/bup/self_management.html/,1609,https://www.insource.co.jp/bup/self_management.html,2026-09-03T03:11:39.491649+00:00,
https://www.insource.co.jp/dougahyakkaten/proactiveness-challenge.html,積極性向上講座～勇気をもって、チャンスをつかむ（スライド付き）:eラーニング・動画教材での研修もインソース,積極性向上講座～勇気をもって、チャンスをつかむ（スライド付き）,200,text/html; charset=UTF-8,https://www.insource.co.jp/dougahyakkaten/proactiveness-challenge.html,,2,https://www.insource.co.jp/wakate/index.html,/dougahyakkaten/,/dougahyakkaten/proactiveness-challenge.html/,659,https://www.insource.co.jp/dougahyakkaten/proactiveness-challenge.html,2026-09-03T03:11:41.988413+00:00,
https://www.insource.co.jp/dougahyakkaten/aggressive-mind.html,アグレッシブマインド講座～積極性を高めて仕事の成果を出す（スライド付き）:eラーニング・動画教材での研修もインソース,アグレッシブマインド講座～積極性を高めて仕事の成果を出す（スライド付き）,200,text/html; charset=UTF-8,https://www.insource.co.jp/dougahyakkaten/aggressive-mind.html,,2,https://www.insource.co.jp/wakate/index.html,/dougahyakkaten/,/dougahyakkaten/aggressive-mind.html/,650,https://www.insource.co.jp/dougahyakkaten/aggressive-mind.html,2026-09-03T03:11:43.435963+00:00,
https://www.insource.co.jp/dougahyakkaten/workplace-grooming-basics-food-service.html,【飲食店_アルバイト向け】飲食店で働く人のための身だしなみの基本:eラーニング・動画教材での研修もインソース,【飲食店_アルバイト向け】飲食店で働く人のための身だしなみの基本,200,text/html; charset=UTF-8,https://www.insource.co.jp/dougahyakkaten/workplace-grooming-basics-food-service.html,,2,https://www.insource.co.jp/wakate/index.html,/dougahyakkaten/,/dougahyakkaten/workplace-grooming-basics-food-service.html/,710,https://www.insource.co.jp/dougahyakkaten/workplace-grooming-basics-food-service.html,2026-09-03T03:11:44.875305+00:00,
https://www.insource.co.jp/ihl/260513_ai-critical-thinking02.html,"ＡＩ活用がさらに心理的負荷を高める？ＢＡＮＩ時代の人材育成で「効率化」だけを追い求めてはいけない理由｜社員研修,教育 職員研修 人材育成ならインソース",ＡＩ活用がさらに心理的負荷を高める？ＢＡＮＩ時代の人材育成で「効率化」だけを追い求めてはいけない理由,200,text/html; charset=UTF-8,https://www.insource.co.jp/ihl/260513_ai-critical-thinking02.html,,2,https://www.insource.co.jp/wakate/index.html,/ihl/,/ihl/260513_ai-critical-thinking02.html/,711,https://www.insource.co.jp/ihl/260513_ai-critical-thinking02.html,2026-09-03T03:11:46.538618+00:00,
https://www.insource.co.jp/ihl/260513_ai-critical-thinking01.html,"ＶＵＣＡでは説明できない、人や組織が壊れやすくなるＢＡＮＩ時代に人事部が考えるべきこと｜社員研修,教育 職員研修 人材育成ならインソース",ＶＵＣＡでは説明できない、人や組織が壊れやすくなるＢＡＮＩ時代に人事部が考えるべきこと,200,text/html; charset=UTF-8,https://www.insource.co.jp/ihl/260513_ai-critical-thinking01.html,,2,https://www.insource.co.jp/wakate/index.html,/ihl/,/ihl/260513_ai-critical-thinking01.html/,721,https://www.insource.co.jp/ihl/260513_ai-critical-thinking01.html,2026-09-03T03:11:48.032286+00:00,
https://www.insource.co.jp/ihl/260423_mindset-core-talent.html,"世界史上最強のＰＤＣＡ～比類なきミッションとパッションで仕事を進めた人々｜社員研修,教育 職員研修 人材育成ならインソース",世界史上最強のＰＤＣＡ～比類なきミッションとパッションで仕事を進めた人々,200,text/html; charset=UTF-8,https://www.insource.co.jp/ihl/260423_mindset-core-talent.html,,2,https://www.insource.co.jp/wakate/index.html,/ihl/,/ihl/260423_mindset-core-talent.html/,784,https://www.insource.co.jp/ihl/260423_mindset-core-talent.html,2026-09-03T03:11:49.536246+00:00,
https://www.insource.co.jp/ihl/260526_3nenme.html,"２～５年目社員が陥りがちなお悩みTOP５～伸び悩みを突破する｜社員研修,教育 職員研修 人材育成ならインソース",２～５年目社員が陥りがちなお悩みTOP５～伸び悩みを突破する,200,text/html; charset=UTF-8,https://www.insource.co.jp/ihl/260526_3nenme.html,,2,https://www.insource.co.jp/wakate/index.html,/ihl/,/ihl/260526_3nenme.html/,1386,https://www.insource.co.jp/ihl/260526_3nenme.html,2026-09-03T03:11:51.098948+00:00,
https://www.insource.co.jp/ihl/260402_step-vol0023.html,"デキる若手が実践している「自分を動かし、周囲を動かす」３つの新習慣～経験学習・生産性・アウトプットの相乗効果｜社員研修,教育 職員研修 人材育成ならインソース",デキる若手が実践している「自分を動かし、周囲を動かす」３つの新習慣～経験学習・生産性・アウトプットの相乗効果,200,text/html; charset=UTF-8,https://www.insource.co.jp/ihl/260402_step-vol0023.html,,2,https://www.insource.co.jp/wakate/index.html,/ihl/,/ihl/260402_step-vol0023.html/,928,https://www.insource.co.jp/ihl/260402_step-vol0023.html,2026-09-03T03:11:53.265674+00:00,
https://www.insource.co.jp/ihl/260324_wakate.html,"若手社員のお悩み10選～不安を乗り越え着実な成長へ導くために、組織が知っておくべき課題と対応策｜社員研修,教育 職員研修 人材育成ならインソース",若手社員のお悩み10選～不安を乗り越え着実な成長へ導くために、組織が知っておくべき課題と対応策,200,text/html; charset=UTF-8,https://www.insource.co.jp/ihl/260324_wakate.html,,2,https://www.insource.co.jp/wakate/index.html,/ihl/,/ihl/260324_wakate.html/,911,https://www.insource.co.jp/ihl/260324_wakate.html,2026-09-03T03:11:54.970134+00:00,
https://www.insource.co.jp/motivation/grit_reinforce.html,ＧＲＩＴ（やり抜く力）強化研修～仕事の自分事化と続けられる持久力を育む（１日間）:現場で使える研修ならインソース,ＧＲＩＴ（やり抜く力）強化研修～仕事の自分事化と続けられる持久力を育む（１日間）,200,text/html; charset=UTF-8,https://www.insource.co.jp/motivation/grit_reinforce.html,,2,https://www.insource.co.jp/wakate/index.html,/motivation/,/motivation/grit_reinforce.html/,1092,https://www.insource.co.jp/motivation/grit_reinforce.html,2026-09-03T03:11:56.662206+00:00,
https://www.insource.co.jp/bup/bup_young-online-business-game-m.html,【研修セミナー公開講座】（若手向け）オンラインビジネスゲームワークショップ～チームの一員として成果を上げる仕事の進め方を学ぶ- 株式会社インソース,（若手向け）オンラインビジネスゲームワークショップ～チームの一員として成果を上げる仕事の進め方を学ぶ,200,text/html; charset=UTF-8,https://www.insource.co.jp/bup/bup_young-online-business-game-m.html,,2,https://www.insource.co.jp/wakate/index.html,/bup/,/bup/bup_young-online-business-game-m.html/,1711,https://www.insource.co.jp/bup/bup_young-online-business-game-m.html,2026-09-03T03:11:58.784476+00:00,
https://www.insource.co.jp/bup/bup_young-hourensou-workshop.html,【研修セミナー公開講座】（若手向け）ホウ・レン・ソウ体感ワークショップ- 株式会社インソース,（若手向け）ホウ・レン・ソウ体感ワークショップ,200,text/html; charset=UTF-8,https://www.insource.co.jp/bup/bup_young-hourensou-workshop.html,,2,https://www.insource.co.jp/wakate/index.html,/bup/,/bup/bup_young-hourensou-workshop.html/,1884,https://www.insource.co.jp/bup/bup_young-hourensou-workshop.html,2026-09-03T03:12:01.373150+00:00,
https://www.insource.co.jp/kenshu/experiential_learning_cycle_top.html,経験学習サイクル研修:現場で使える研修ならインソース,経験学習サイクル研修 | 現場で使える研修ならインソース,200,text/html; charset=UTF-8,https://www.insource.co.jp/kenshu/experiential_learning_cycle_top.html,,2,https://www.insource.co.jp/wakate/index.html,/kenshu/,/kenshu/experiential_learning_cycle_top.html/,1002,https://www.insource.co.jp/kenshu/experiential_learning_cycle_top.html,2026-09-03T03:12:04.153842+00:00,
https://www.insource.co.jp/bup/business_basic_second.html,【研修セミナー公開講座】社会人２年目のビジネス基礎研修～ひとりだちの意識を持ち後輩の見本になる- 株式会社インソース,社会人２年目のビジネス基礎研修～ひとりだちの意識を持ち後輩の見本になる,200,text/html; charset=UTF-8,https://www.insource.co.jp/bup/business_basic_second.html,,2,https://www.insource.co.jp/wakate/index.html,/bup/,/bup/business_basic_second.html/,1672,https://www.insource.co.jp/bup/business_basic_second.html,2026-09-03T03:12:05.992207+00:00,
https://www.insource.co.jp/bup/business_basic_third.html,【研修セミナー公開講座】社会人３年目のビジネス基礎研修～中核者として組織貢献の幅を広げる- 株式会社インソース,社会人３年目のビジネス基礎研修～中核者として組織貢献の幅を広げる,200,text/html; charset=UTF-8,https://www.insource.co.jp/bup/business_basic_third.html,,2,https://www.insource.co.jp/wakate/index.html,/bup/,/bup/business_basic_third.html/,1729,https://www.insource.co.jp/bup/business_basic_third.html,2026-09-03T03:12:08.757921+00:00,
https://www.insource.co.jp/bup/bup_ai-job-assignment.html,【研修セミナー公開講座】生成ＡＩへの仕事の任せ方ワークショップ～120％のポテンシャルを発揮する- 株式会社インソース,生成ＡＩへの仕事の任せ方ワークショップ～120％のポテンシャルを発揮する,200,text/html; charset=UTF-8,https://www.insource.co.jp/bup/bup_ai-job-assignment.html,,2,https://www.insource.co.jp/wakate/index.html,/bup/,/bup/bup_ai-job-assignment.html/,1678,https://www.insource.co.jp/bup/bup_ai-job-assignment.html,2026-09-03T03:12:11.377335+00:00,
https://www.insource.co.jp/bup/bup_sonota8.html,【研修セミナー公開講座】タイムマネジメント研修～仕事を効率的に進めるための時間管理を学ぶ- 株式会社インソース,タイムマネジメント研修～仕事を効率的に進めるための時間管理を学ぶ,200,text/html; charset=UTF-8,https://www.insource.co.jp/bup/bup_sonota8.html,,2,https://www.insource.co.jp/wakate/index.html,/bup/,/bup/bup_sonota8.html/,1754,https://www.insource.co.jp/bup/bup_sonota8.html,2026-09-03T03:12:13.924540+00:00,
https://www.insource.co.jp/bup/chatgpt_excel_macro.html,【研修セミナー公開講座】ChatGPT×Excel研修～知識ゼロからマクロを作る- 株式会社インソース,ChatGPT×Excel研修～知識ゼロからマクロを作る,200,text/html; charset=UTF-8,https://www.insource.co.jp/bup/chatgpt_excel_macro.html,,2,https://www.insource.co.jp/wakate/index.html,/bup/,/bup/chatgpt_excel_macro.html/,1681,https://www.insource.co.jp/bup/chatgpt_excel_macro.html,2026-09-03T03:12:16.816653+00:00,
https://www.insource.co.jp/bup/newcomer_comu.html,【研修セミナー公開講座】（若手向け）コミュニケーション研修～デキる「ホウ・レン・ソウ」- 株式会社インソース,（若手向け）コミュニケーション研修～デキる「ホウ・レン・ソウ」,200,text/html; charset=UTF-8,https://www.insource.co.jp/bup/newcomer_comu.html,,2,https://www.insource.co.jp/wakate/index.html,/bup/,/bup/newcomer_comu.html/,1913,https://www.insource.co.jp/bup/newcomer_comu.html,2026-09-03T03:12:19.393197+00:00,
https://www.insource.co.jp/bup/ability-to-communication.html,【研修セミナー公開講座】発信力強化研修～周囲にとって有益な情報共有のコツを身につける- 株式会社インソース,発信力強化研修～周囲にとって有益な情報共有のコツを身につける,200,text/html; charset=UTF-8,https://www.insource.co.jp/bup/ability-to-communication.html,,2,https://www.insource.co.jp/wakate/index.html,/bup/,/bup/ability-to-communication.html/,1629,https://www.insource.co.jp/bup/ability-to-communication.html,2026-09-03T03:12:22.220920+00:00,
https://www.insource.co.jp/psychological-safety/help_seeking.html,頼る力向上研修～ひとりで仕事を抱え込まず、チームで助け合う（半日間）:現場で使える研修ならインソース,頼る力向上研修～ひとりで仕事を抱え込まず、チームで助け合う（半日間）,200,text/html; charset=UTF-8,https://www.insource.co.jp/psychological-safety/help_seeking.html,,2,https://www.insource.co.jp/wakate/index.html,/psychological-safety/,/psychological-safety/help_seeking.html/,733,https://www.insource.co.jp/psychological-safety/help_seeking.html,2026-09-03T03:12:24.712512+00:00,
https://www.insource.co.jp/bup/bup_excel_levelup.html,【研修セミナー公開講座】Microsoft Office研修～Excel応用編- 株式会社インソース,Microsoft Office研修～Excel応用編,200,text/html; charset=UTF-8,https://www.insource.co.jp/bup/bup_excel_levelup.html,,2,https://www.insource.co.jp/wakate/index.html,/bup/,/bup/bup_excel_levelup.html/,2194,https://www.insource.co.jp/bup/bup_excel_levelup.html,2026-09-03T03:12:26.473046+00:00,
https://www.insource.co.jp/bup/bup_jimu_opemiss.html,【研修セミナー公開講座】事務ミス防止研修～原因を理解し、未然に防ぐ仕掛けを考える- 株式会社インソース,事務ミス防止研修～原因を理解し、未然に防ぐ仕掛けを考える,200,text/html; charset=UTF-8,https://www.insource.co.jp/bup/bup_jimu_opemiss.html,,2,https://www.insource.co.jp/wakate/index.html,/bup/,/bup/bup_jimu_opemiss.html/,1798,https://www.insource.co.jp/bup/bup_jimu_opemiss.html,2026-09-03T03:12:29.631885+00:00,
https://www.insource.co.jp/bup/bup_20_careerdesign.html,【研修セミナー公開講座】２０代向けキャリアデザイン研修～Ｍｕｓｔ・Ｃａｎ・Ｗｉｌｌでキャリアを考える- 株式会社インソース,２０代向けキャリアデザイン研修～Ｍｕｓｔ・Ｃａｎ・Ｗｉｌｌでキャリアを考える,200,text/html; charset=UTF-8,https://www.insource.co.jp/bup/bup_20_careerdesign.html,,2,https://www.insource.co.jp/wakate/index.html,/bup/,/bup/bup_20_careerdesign.html/,2001,https://www.insource.co.jp/bup/bup_20_careerdesign.html,2026-09-03T03:12:32.343751+00:00,
https://www.insource.co.jp/wakate/digital_independence.html,デジタル時代の若手社員研修～自律的なキャリア形成のためのマインドチェンジ（１日間）:現場で使える研修ならインソース,デジタル時代の若手社員研修～自律的なキャリア形成のためのマインドチェンジ（１日間）,200,text/html; charset=UTF-8,https://www.insource.co.jp/wakate/digital_independence.html,,2,https://www.insource.co.jp/wakate/index.html,/wakate/,/wakate/digital_independence.html/,1431,https://www.insource.co.jp/wakate/digital_independence.html,2026-09-03T03:12:35.444909+00:00,
https://www.insource.co.jp/grade/g_wakate.html,若手向け研修～実績と受講者の声 - 株式会社インソース,若手向け研修～実績と受講者の声,200,text/html; charset=UTF-8,https://www.insource.co.jp/grade/g_wakate.html,,2,https://www.insource.co.jp/wakate/index.html,/grade/,/grade/g_wakate.html/,825,https://www.insource.co.jp/grade/g_wakate.html,2026-09-03T03:12:37.738563+00:00,
https://www.insource.co.jp/package/young-basicskill-1year.html,半年～１年で若手全員が仕事の基本スキルを習得するプラン:現場で使える研修ならインソース,半年～１年で若手全員が仕事の基本スキルを習得するプラン,200,text/html; charset=UTF-8,https://www.insource.co.jp/package/young-basicskill-1year.html,,2,https://www.insource.co.jp/wakate/index.html,/package/,/package/young-basicskill-1year.html/,703,https://www.insource.co.jp/package/young-basicskill-1year.html,2026-09-03T03:12:39.424914+00:00,
https://www.insource.co.jp/package/thinking-and-communicationskill.html,若手・中堅のコミュニケーション力、思考力を鍛えるプラン:現場で使える研修ならインソース,若手・中堅のコミュニケーション力、思考力を鍛えるプラン,200,text/html; charset=UTF-8,https://www.insource.co.jp/package/thinking-and-communicationskill.html,,2,https://www.insource.co.jp/wakate/index.html,/package/,/package/thinking-and-communicationskill.html/,653,https://www.insource.co.jp/package/thinking-and-communicationskill.html,2026-09-03T03:12:40.888952+00:00,
https://www.insource.co.jp/package/young_3yearprogram.html,１～３年目のあるべき姿を明確にし、継続して育てるプラン:現場で使える研修ならインソース,１～３年目のあるべき姿を明確にし、継続して育てるプラン,200,text/html; charset=UTF-8,https://www.insource.co.jp/package/young_3yearprogram.html,,2,https://www.insource.co.jp/wakate/index.html,/package/,/package/young_3yearprogram.html/,669,https://www.insource.co.jp/package/young_3yearprogram.html,2026-09-03T03:12:43.867400+00:00,
https://www.insource.co.jp/package/leadership_9factors.html,新人・若手から段階的にリーダーシップを育むプラン:現場で使える研修ならインソース,新人・若手から段階的にリーダーシップを育むプラン,200,text/html; charset=UTF-8,https://www.insource.co.jp/package/leadership_9factors.html,,2,https://www.insource.co.jp/wakate/index.html,/package/,/package/leadership_9factors.html/,645,https://www.insource.co.jp/package/leadership_9factors.html,2026-09-03T03:12:45.298465+00:00,
https://www.insource.co.jp/package/ownership-and-businessdevelopment_for_bottomup.html,若手・中堅社員の底上げと組織の育成体制を強化するプラン:現場で使える研修ならインソース,若手・中堅社員の底上げと組織の育成体制を強化するプラン,200,text/html; charset=UTF-8,https://www.insource.co.jp/package/ownership-and-businessdevelopment_for_bottomup.html,,2,https://www.insource.co.jp/wakate/index.html,/package/,/package/ownership-and-businessdevelopment_for_bottomup.html/,656,https://www.insource.co.jp/package/ownership-and-businessdevelopment_for_bottomup.html,2026-09-03T03:12:46.705655+00:00,
https://www.insource.co.jp/package/wakate_senbastu.html,入社２～10年目プロパー社員へ向けた継続的な研修プラン:現場で使える研修ならインソース,入社２～10年目プロパー社員へ向けた継続的な研修プラン,200,text/html; charset=UTF-8,https://www.insource.co.jp/package/wakate_senbastu.html,,2,https://www.insource.co.jp/wakate/index.html,/package/,/package/wakate_senbastu.html/,633,https://www.insource.co.jp/package/wakate_senbastu.html,2026-09-03T03:12:48.126519+00:00,
https://www.insource.co.jp/self-management/self_awareness.html,セルフ・アウェアネス研修～自律的に学ぶスタンスを整理する（１日間）:現場で使える研修ならインソース,セルフ・アウェアネス研修～自律的に学ぶスタンスを整理する（１日間）,200,text/html; charset=UTF-8,https://www.insource.co.jp/self-management/self_awareness.html,,2,https://www.insource.co.jp/wakate/index.html,/self-management/,/self-management/self_awareness.html/,1032,https://www.insource.co.jp/self-management/self_awareness.html,2026-09-03T03:12:49.523528+00:00,
https://www.insource.co.jp/psychological-safety/change_communication.html,空気を変えるコミュニケーション研修～一人ひとりがつくる心理的安全性（１日間）:現場で使える研修ならインソース,空気を変えるコミュニケーション研修～一人ひとりがつくる心理的安全性（１日間）,200,text/html; charset=UTF-8,https://www.insource.co.jp/psychological-safety/change_communication.html,,2,https://www.insource.co.jp/wakate/index.html,/psychological-safety/,/psychological-safety/change_communication.html/,819,https://www.insource.co.jp/psychological-safety/change_communication.html,2026-09-03T03:12:51.411715+00:00,
https://www.insource.co.jp/communication/speech_overcome_nervousness.html,緊張を克服する話し方研修～３つの場面で落ち着いて伝える（半日間）:現場で使える研修ならインソース,緊張を克服する話し方研修～３つの場面で落ち着いて伝える（半日間）,200,text/html; charset=UTF-8,https://www.insource.co.jp/communication/speech_overcome_nervousness.html,,2,https://www.insource.co.jp/wakate/index.html,/communication/,/communication/speech_overcome_nervousness.html/,1038,https://www.insource.co.jp/communication/speech_overcome_nervousness.html,2026-09-03T03:12:53.064647+00:00,
https://www.insource.co.jp/financial-literacy/nisa_ideco.html,金融リテラシー研修～NISA、iDeCoの徹底理解（半日間）:現場で使える研修ならインソース,金融リテラシー研修～NISA、iDeCoの徹底理解（半日間）,200,text/html; charset=UTF-8,https://www.insource.co.jp/financial-literacy/nisa_ideco.html,,2,https://www.insource.co.jp/wakate/index.html,/financial-literacy/,/financial-literacy/nisa_ideco.html/,1024,https://www.insource.co.jp/financial-literacy/nisa_ideco.html,2026-09-03T03:12:55.158645+00:00,
https://www.insource.co.jp/bup/bup_problemsolving_secondyear.html,【研修セミナー公開講座】【ケースで学ぶシリーズ】入社２年目向け問題解決ワークショップ- 株式会社インソース,【ケースで学ぶシリーズ】入社２年目向け問題解決ワークショップ,200,text/html; charset=UTF-8,https://www.insource.co.jp/bup/bup_problemsolving_secondyear.html,,2,https://www.insource.co.jp/wakate/index.html,/bup/,/bup/bup_problemsolving_secondyear.html/,1655,https://www.insource.co.jp/bup/bup_problemsolving_secondyear.html,2026-09-03T03:12:57.035361+00:00,
https://www.insource.co.jp/bup/bup_problemsolving_thirdyear.html,【研修セミナー公開講座】【ケースで学ぶシリーズ】入社３年目向け問題解決ワークショップ- 株式会社インソース,【ケースで学ぶシリーズ】入社３年目向け問題解決ワークショップ,200,text/html; charset=UTF-8,https://www.insource.co.jp/bup/bup_problemsolving_thirdyear.html,,2,https://www.insource.co.jp/wakate/index.html,/bup/,/bup/bup_problemsolving_thirdyear.html/,1671,https://www.insource.co.jp/bup/bup_problemsolving_thirdyear.html,2026-09-03T03:12:59.577156+00:00,
https://www.insource.co.jp/bup/bup_follow.html,【研修セミナー公開講座】若手社員研修～主体性の発揮- 株式会社インソース,若手社員研修～主体性の発揮,200,text/html; charset=UTF-8,https://www.insource.co.jp/bup/bup_follow.html,,2,https://www.insource.co.jp/wakate/index.html,/bup/,/bup/bup_follow.html/,2073,https://www.insource.co.jp/bup/bup_follow.html,2026-09-03T03:13:02.292570+00:00,
https://www.insource.co.jp/bup/bup_ethics-compliance.html,【研修セミナー公開講座】（半日研修）モラル＆コンプライアンス研修～組織の信頼を守る倫理的判断と行動- 株式会社インソース,（半日研修）モラル＆コンプライアンス研修～組織の信頼を守る倫理的判断と行動,200,text/html; charset=UTF-8,https://www.insource.co.jp/bup/bup_ethics-compliance.html,,2,https://www.insource.co.jp/wakate/index.html,/bup/,/bup/bup_ethics-compliance.html/,1641,https://www.insource.co.jp/bup/bup_ethics-compliance.html,2026-09-03T03:13:05.288396+00:00,
https://www.insource.co.jp/wakate/2year-follow-up.html,２年目社員向け研修～真の社会人として自立・自律する編（１日間）:現場で使える研修ならインソース,２年目社員向け研修～真の社会人として自立・自律する編（１日間）,200,text/html; charset=UTF-8,https://www.insource.co.jp/wakate/2year-follow-up.html,,2,https://www.insource.co.jp/wakate/index.html,/wakate/,/wakate/2year-follow-up.html/,1001,https://www.insource.co.jp/wakate/2year-follow-up.html,2026-09-03T03:13:07.796669+00:00,
https://www.insource.co.jp/shinjin/sh_kiso.html,３年目研修～自己の成長と課題を明確にする編（１日間）:現場で使える研修ならインソース,３年目研修～自己の成長と課題を明確にする編（１日間）,200,text/html; charset=UTF-8,https://www.insource.co.jp/shinjin/sh_kiso.html,,2,https://www.insource.co.jp/wakate/index.html,/shinjin/,/shinjin/sh_kiso.html/,981,https://www.insource.co.jp/shinjin/sh_kiso.html,2026-09-03T03:13:09.647746+00:00,
https://www.insource.co.jp/wakate/4year-follow-up.html,４年目社員向け研修～後輩を育成する立場として先読みし業務を推進する編（１日間）:現場で使える研修ならインソース,４年目社員向け研修～後輩を育成する立場として先読みし業務を推進する編（１日間）,200,text/html; charset=UTF-8,https://www.insource.co.jp/wakate/4year-follow-up.html,,2,https://www.insource.co.jp/wakate/index.html,/wakate/,/wakate/4year-follow-up.html/,1019,https://www.insource.co.jp/wakate/4year-follow-up.html,2026-09-03T03:13:11.696132+00:00,
https://www.insource.co.jp/wakate/shigotonosusumekata_5years.html,５年目社員向け仕事の進め方研修（１日間）:現場で使える研修ならインソース,５年目社員向け仕事の進め方研修（１日間）,200,text/html; charset=UTF-8,https://www.insource.co.jp/wakate/shigotonosusumekata_5years.html,,2,https://www.insource.co.jp/wakate/index.html,/wakate/,/wakate/shigotonosusumekata_5years.html/,909,https://www.insource.co.jp/wakate/shigotonosusumekata_5years.html,2026-09-03T03:13:13.567971+00:00,
https://www.insource.co.jp/wakate/5year-follow-up.html,５年目社員向け研修～若手リーダーとなる編（１日間）:現場で使える研修ならインソース,５年目社員向け研修～若手リーダーとなる編（１日間）,200,text/html; charset=UTF-8,https://www.insource.co.jp/wakate/5year-follow-up.html,,2,https://www.insource.co.jp/wakate/index.html,/wakate/,/wakate/5year-follow-up.html/,905,https://www.insource.co.jp/wakate/5year-follow-up.html,2026-09-03T03:13:15.320149+00:00,
https://www.insource.co.jp/follow-up/ka_wakate.html,若手社員研修～「階層別テスト」を活用し、成長を加速させる（１日間）:現場で使える研修ならインソース,若手社員研修～「階層別テスト」を活用し、成長を加速させる（１日間）,200,text/html; charset=UTF-8,https://www.insource.co.jp/follow-up/ka_wakate.html,,2,https://www.insource.co.jp/wakate/index.html,/follow-up/,/follow-up/ka_wakate.html/,811,https://www.insource.co.jp/follow-up/ka_wakate.html,2026-09-03T03:13:17.066117+00:00,
https://www.insource.co.jp/kenshu/wakate-business-skill.html,ゆっくり学ぶ若手ビジネススキル（２日間）:現場で使える研修ならインソース,ゆっくり学ぶ若手ビジネススキル（２日間）,200,text/html; charset=UTF-8,https://www.insource.co.jp/kenshu/wakate-business-skill.html,,2,https://www.insource.co.jp/wakate/index.html,/kenshu/,/kenshu/wakate-business-skill.html/,738,https://www.insource.co.jp/kenshu/wakate-business-skill.html,2026-09-03T03:13:18.720614+00:00,
https://www.insource.co.jp/bup/bup_shinjin_consideration.html,【研修セミナー公開講座】社会人１年目・２年目ステップアップ研修～周辺配慮を意識した仕事の進め方- 株式会社インソース,社会人１年目・２年目ステップアップ研修～周辺配慮を意識した仕事の進め方,200,text/html; charset=UTF-8,https://www.insource.co.jp/bup/bup_shinjin_consideration.html,,2,https://www.insource.co.jp/wakate/index.html,/bup/,/bup/bup_shinjin_consideration.html/,1609,https://www.insource.co.jp/bup/bup_shinjin_consideration.html,2026-09-03T03:13:20.501179+00:00,
https://www.insource.co.jp/kenshu/2ndyear_levelup.html,２年目向け研修～１年目の経験を活かし、レベルアップする（１日間）:現場で使える研修ならインソース,２年目向け研修～１年目の経験を活かし、レベルアップする（１日間）,200,text/html; charset=UTF-8,https://www.insource.co.jp/kenshu/2ndyear_levelup.html,,2,https://www.insource.co.jp/wakate/index.html,/kenshu/,/kenshu/2ndyear_levelup.html/,1020,https://www.insource.co.jp/kenshu/2ndyear_levelup.html,2026-09-03T03:13:22.993640+00:00,
https://www.insource.co.jp/bup/bup_new-employee-follow-Initiative.html,【研修セミナー公開講座】若手社員向けビジネスマインド強化研修～主体性、業務・役割の領域拡大、自分で考える- 株式会社インソース,若手社員向けビジネスマインド強化研修～主体性、業務・役割の領域拡大、自分で考える,200,text/html; charset=UTF-8,https://www.insource.co.jp/bup/bup_new-employee-follow-Initiative.html,,2,https://www.insource.co.jp/wakate/index.html,/bup/,/bup/bup_new-employee-follow-Initiative.html/,2054,https://www.insource.co.jp/bup/bup_new-employee-follow-Initiative.html,2026-09-03T03:13:24.873568+00:00,
https://www.insource.co.jp/wakate/nudge-independence.html,（若手向け）主体性発揮研修～行動経済学を活用し、主体的に行動できるようになる（１日間）:現場で使える研修ならインソース,（若手向け）主体性発揮研修～行動経済学を活用し、主体的に行動できるようになる（１日間）,200,text/html; charset=UTF-8,https://www.insource.co.jp/wakate/nudge-independence.html,,2,https://www.insource.co.jp/wakate/index.html,/wakate/,/wakate/nudge-independence.html/,717,https://www.insource.co.jp/wakate/nudge-independence.html,2026-09-03T03:13:27.850307+00:00,
https://www.insource.co.jp/wakate/experiential-learning-cycle.html,若手社員向け研修～経験学習サイクルで主体性を発揮する（１日間）:現場で使える研修ならインソース,若手社員向け研修～経験学習サイクルで主体性を発揮する（１日間）,200,text/html; charset=UTF-8,https://www.insource.co.jp/wakate/experiential-learning-cycle.html,,2,https://www.insource.co.jp/wakate/index.html,/wakate/,/wakate/experiential-learning-cycle.html/,742,https://www.insource.co.jp/wakate/experiential-learning-cycle.html,2026-09-03T03:13:29.600567+00:00,
https://www.insource.co.jp/bup/bup-wakate-learning-cycle.html,【研修セミナー公開講座】若手社員研修～経験学習サイクルを回し、自己成長を加速させる- 株式会社インソース,若手社員研修～経験学習サイクルを回し、自己成長を加速させる,200,text/html; charset=UTF-8,https://www.insource.co.jp/bup/bup-wakate-learning-cycle.html,,2,https://www.insource.co.jp/wakate/index.html,/bup/,/bup/bup-wakate-learning-cycle.html/,1676,https://www.insource.co.jp/bup/bup-wakate-learning-cycle.html,2026-09-03T03:13:31.165901+00:00,
https://www.insource.co.jp/bup/bup_seize-opportunity.html,【研修セミナー公開講座】積極性向上研修～勇気をもって、チャンスをつかむ- 株式会社インソース,積極性向上研修～勇気をもって、チャンスをつかむ,200,text/html; charset=UTF-8,https://www.insource.co.jp/bup/bup_seize-opportunity.html,,2,https://www.insource.co.jp/wakate/index.html,/bup/,/bup/bup_seize-opportunity.html/,1989,https://www.insource.co.jp/bup/bup_seize-opportunity.html,2026-09-03T03:13:33.731170+00:00,
https://www.insource.co.jp/wakate/hierarchy-test-career.html,「階層別テスト」を活用した、若手向けキャリアデザイン研修～主体的に成長できる人材になる（１日間）:現場で使える研修ならインソース,「階層別テスト」を活用した、若手向けキャリアデザイン研修～主体的に成長できる人材になる（１日間）,200,text/html; charset=UTF-8,https://www.insource.co.jp/wakate/hierarchy-test-career.html,,2,https://www.insource.co.jp/wakate/index.html,/wakate/,/wakate/hierarchy-test-career.html/,792,https://www.insource.co.jp/wakate/hierarchy-test-career.html,2026-09-03T03:13:36.633604+00:00,
https://www.insource.co.jp/bup/newcomer_logical.html,【研修セミナー公開講座】（若手向け）ロジカルシンキング研修～情報を整理し、結論を導く- 株式会社インソース,（若手向け）ロジカルシンキング研修～情報を整理し、結論を導く,200,text/html; charset=UTF-8,https://www.insource.co.jp/bup/newcomer_logical.html,,2,https://www.insource.co.jp/wakate/index.html,/bup/,/bup/newcomer_logical.html/,1684,https://www.insource.co.jp/bup/newcomer_logical.html,2026-09-03T03:13:38.471587+00:00,
https://www.insource.co.jp/bup/bup-logical-thinking.html,【研修セミナー公開講座】ロジカルシンキング研修～論理的な図解の仕方・書き方・話し方（２日間）- 株式会社インソース,ロジカルシンキング研修～論理的な図解の仕方・書き方・話し方（２日間）,200,text/html; charset=UTF-8,https://www.insource.co.jp/bup/bup-logical-thinking.html,,2,https://www.insource.co.jp/wakate/index.html,/bup/,/bup/bup-logical-thinking.html/,1781,https://www.insource.co.jp/bup/bup-logical-thinking.html,2026-09-03T03:13:41.069564+00:00,
https://www.insource.co.jp/bup/bup_conversational_ai_y.html,【研修セミナー公開講座】（若手向け）DX入門研修～ChatGPTに触れ、業務効率化のマインドを獲得する- 株式会社インソース,（若手向け）DX入門研修～ChatGPTに触れ、業務効率化のマインドを獲得する,200,text/html; charset=UTF-8,https://www.insource.co.jp/bup/bup_conversational_ai_y.html,,2,https://www.insource.co.jp/wakate/index.html,/bup/,/bup/bup_conversational_ai_y.html/,2077,https://www.insource.co.jp/bup/bup_conversational_ai_y.html,2026-09-03T03:13:43.778777+00:00,
https://www.insource.co.jp/kenshu/young-design-thinking.html,新人・若手向けデザイン思考研修～デザイン思考のプロセスを体感する（１日間）:現場で使える研修ならインソース,新人・若手向けデザイン思考研修～デザイン思考のプロセスを体感する（１日間）,200,text/html; charset=UTF-8,https://www.insource.co.jp/kenshu/young-design-thinking.html,,2,https://www.insource.co.jp/wakate/index.html,/kenshu/,/kenshu/young-design-thinking.html/,977,https://www.insource.co.jp/kenshu/young-design-thinking.html,2026-09-03T03:13:46.926199+00:00,
https://www.insource.co.jp/bup/bup_profit-understanding.html,【研修セミナー公開講座】会社の数字の見方研修～ビジネスゲームで利益貢献のための行動を学ぶ- 株式会社インソース,会社の数字の見方研修～ビジネスゲームで利益貢献のための行動を学ぶ,200,text/html; charset=UTF-8,https://www.insource.co.jp/bup/bup_profit-understanding.html,,2,https://www.insource.co.jp/wakate/index.html,/bup/,/bup/bup_profit-understanding.html/,1605,https://www.insource.co.jp/bup/bup_profit-understanding.html,2026-09-03T03:13:48.761346+00:00,
https://www.insource.co.jp/bup/bup-communication-good-listener.html,【研修セミナー公開講座】コミュニケーション基礎研修～きき上手は話し上手、きくから始めるコミュニケーション- 株式会社インソース,コミュニケーション基礎研修～きき上手は話し上手、きくから始めるコミュニケーション,200,text/html; charset=UTF-8,https://www.insource.co.jp/bup/bup-communication-good-listener.html,,2,https://www.insource.co.jp/wakate/index.html,/bup/,/bup/bup-communication-good-listener.html/,1799,https://www.insource.co.jp/bup/bup-communication-good-listener.html,2026-09-03T03:13:51.230558+00:00,
https://www.insource.co.jp/bup/bup_mail_communication.html,【研修セミナー公開講座】伝わるメールの書き方研修～社内での心地よい配慮の示し方- 株式会社インソース,伝わるメールの書き方研修～社内での心地よい配慮の示し方,200,text/html; charset=UTF-8,https://www.insource.co.jp/bup/bup_mail_communication.html,,2,https://www.insource.co.jp/wakate/index.html,/bup/,/bup/bup_mail_communication.html/,1858,https://www.insource.co.jp/bup/bup_mail_communication.html,2026-09-03T03:13:53.928711+00:00,
https://www.insource.co.jp/bup/bup_communication_joshi.html,【研修セミナー公開講座】実践！コミュニケーション研修～上司への適切な伝え方を学ぶ- 株式会社インソース,実践！コミュニケーション研修～上司への適切な伝え方を学ぶ,200,text/html; charset=UTF-8,https://www.insource.co.jp/bup/bup_communication_joshi.html,,2,https://www.insource.co.jp/wakate/index.html,/bup/,/bup/bup_communication_joshi.html/,1882,https://www.insource.co.jp/bup/bup_communication_joshi.html,2026-09-03T03:13:56.846804+00:00,
https://www.insource.co.jp/bup/bup_directions.html,【研修セミナー公開講座】分かりやすい説明の仕方研修～言いたいことを簡潔に伝える- 株式会社インソース,分かりやすい説明の仕方研修～言いたいことを簡潔に伝える,200,text/html; charset=UTF-8,https://www.insource.co.jp/bup/bup_directions.html,,2,https://www.insource.co.jp/wakate/index.html,/bup/,/bup/bup_directions.html/,2150,https://www.insource.co.jp/bup/bup_directions.html,2026-09-03T03:13:59.669187+00:00,
https://www.insource.co.jp/bup/com_sokushin.html,【研修セミナー公開講座】コミュニケーション研修～相手目線で考え、良好な人間関係を築く- 株式会社インソース,コミュニケーション研修～相手目線で考え、良好な人間関係を築く,200,text/html; charset=UTF-8,https://www.insource.co.jp/bup/com_sokushin.html,,2,https://www.insource.co.jp/wakate/index.html,/bup/,/bup/com_sokushin.html/,1644,https://www.insource.co.jp/bup/com_sokushin.html,2026-09-03T03:14:02.767277+00:00,
https://www.insource.co.jp/businessgame/communication_conveyed.html,ビジネスコミュニケーション研修～ゲームを通じて意思疎通の重要性を体感する（１日間）:現場で使える研修ならインソース,ビジネスコミュニケーション研修～ゲームを通じて意思疎通の重要性を体感する（１日間）,200,text/html; charset=UTF-8,https://www.insource.co.jp/businessgame/communication_conveyed.html,,2,https://www.insource.co.jp/wakate/index.html,/businessgame/,/businessgame/communication_conveyed.html/,817,https://www.insource.co.jp/businessgame/communication_conveyed.html,2026-09-03T03:14:05.454792+00:00,
https://www.insource.co.jp/kenshu/communication-for-rookies.html,（新人・若手向け）対人関係構築研修～相手に合わせたコミュニケーションをとれるようになる（１日間）:現場で使える研修ならインソース,（新人・若手向け）対人関係構築研修～相手に合わせたコミュニケーションをとれるようになる（１日間）,200,text/html; charset=UTF-8,https://www.insource.co.jp/kenshu/communication-for-rookies.html,,2,https://www.insource.co.jp/wakate/index.html,/kenshu/,/kenshu/communication-for-rookies.html/,811,https://www.insource.co.jp/kenshu/communication-for-rookies.html,2026-09-03T03:14:07.124685+00:00,
https://www.insource.co.jp/kenshu/wakate-leadership.html,若手向けリーダーシップ研修～周囲への影響力強化編（１日間）:現場で使える研修ならインソース,若手向けリーダーシップ研修～周囲への影響力強化編（１日間）,200,text/html; charset=UTF-8,https://www.insource.co.jp/kenshu/wakate-leadership.html,,2,https://www.insource.co.jp/wakate/index.html,/kenshu/,/kenshu/wakate-leadership.html/,1101,https://www.insource.co.jp/kenshu/wakate-leadership.html,2026-09-03T03:14:08.773542+00:00,
https://www.insource.co.jp/kanrisyoku/ojt-for-youngstaff.html,若手向けＯＪＴ研修～初めての後輩指導に向けて準備する（１日間）:現場で使える研修ならインソース,若手向けＯＪＴ研修～初めての後輩指導に向けて準備する（１日間）,200,text/html; charset=UTF-8,https://www.insource.co.jp/kanrisyoku/ojt-for-youngstaff.html,,2,https://www.insource.co.jp/wakate/index.html,/kanrisyoku/,/kanrisyoku/ojt-for-youngstaff.html/,750,https://www.insource.co.jp/kanrisyoku/ojt-for-youngstaff.html,2026-09-03T03:14:10.728187+00:00,
https://www.insource.co.jp/kenshu/ojt-confidence_t.html,【確認テスト付き】はじめてのＯＪＴ研修～指導における不安を解消し、自信を持って新人・後輩指導を行う（１日間）:現場で使える研修ならインソース,【確認テスト付き】はじめてのＯＪＴ研修～指導における不安を解消し、自信を持って新人・後輩指導を行う（１日間）,200,text/html; charset=UTF-8,https://www.insource.co.jp/kenshu/ojt-confidence_t.html,,2,https://www.insource.co.jp/wakate/index.html,/kenshu/,/kenshu/ojt-confidence_t.html/,864,https://www.insource.co.jp/kenshu/ojt-confidence_t.html,2026-09-03T03:14:12.501262+00:00,
https://www.insource.co.jp/bup/uchiki-ojt.html,【研修セミナー公開講座】内気な人のためのＯＪＴ指導研修～控えめだからこそ寄り添える強みを生かす- 株式会社インソース,内気な人のためのＯＪＴ指導研修～控えめだからこそ寄り添える強みを生かす,200,text/html; charset=UTF-8,https://www.insource.co.jp/bup/uchiki-ojt.html,,2,https://www.insource.co.jp/wakate/index.html,/bup/,/bup/uchiki-ojt.html/,1676,https://www.insource.co.jp/bup/uchiki-ojt.html,2026-09-03T03:14:14.212495+00:00,
https://www.insource.co.jp/wakate/business-game.html,若手社員向け仕事の意欲向上研修～ビジネスゲームを通じて、チームワークの重要性を学ぶ（半日間）:現場で使える研修ならインソース,若手社員向け仕事の意欲向上研修～ビジネスゲームを通じて、チームワークの重要性を学ぶ（半日間）,200,text/html; charset=UTF-8,https://www.insource.co.jp/wakate/business-game.html,,2,https://www.insource.co.jp/wakate/index.html,/wakate/,/wakate/business-game.html/,827,https://www.insource.co.jp/wakate/business-game.html,2026-09-03T03:14:16.770674+00:00,
https://www.insource.co.jp/bup/over_the_wall.html,【研修セミナー公開講座】２５歳の壁を乗り越える研修～考え方を切り替え、ワンランク上の仕事を目指す- 株式会社インソース,２５歳の壁を乗り越える研修～考え方を切り替え、ワンランク上の仕事を目指す,200,text/html; charset=UTF-8,https://www.insource.co.jp/bup/over_the_wall.html,,2,https://www.insource.co.jp/wakate/index.html,/bup/,/bup/over_the_wall.html/,2057,https://www.insource.co.jp/bup/over_the_wall.html,2026-09-03T03:14:18.423306+00:00,
https://www.insource.co.jp/kenshu/self_management.html,セルフマネジメント研修～自分で目標管理して成長する（１日間）:現場で使える研修ならインソース,セルフマネジメント研修～自分で目標管理して成長する（１日間）,200,text/html; charset=UTF-8,https://www.insource.co.jp/kenshu/self_management.html,,2,https://www.insource.co.jp/wakate/index.html,/kenshu/,/kenshu/self_management.html/,777,https://www.insource.co.jp/kenshu/self_management.html,2026-09-03T03:14:21.568513+00:00,
https://www.insource.co.jp/bup/bup_wa_resilience.html,【研修セミナー公開講座】若手社員研修～キャリア形成とモチベーション管理編- 株式会社インソース,若手社員研修～キャリア形成とモチベーション管理編,200,text/html; charset=UTF-8,https://www.insource.co.jp/bup/bup_wa_resilience.html,,2,https://www.insource.co.jp/wakate/index.html,/bup/,/bup/bup_wa_resilience.html/,1693,https://www.insource.co.jp/bup/bup_wa_resilience.html,2026-09-03T03:14:23.182378+00:00,
https://www.insource.co.jp/wakate/resilience-vuca.html,若手向けレジリエンス研修～ＶＵＣＡ時代に失敗を糧に成長する力を身につける（１日間）:現場で使える研修ならインソース,若手向けレジリエンス研修～ＶＵＣＡ時代に失敗を糧に成長する力を身につける（１日間）,200,text/html; charset=UTF-8,https://www.insource.co.jp/wakate/resilience-vuca.html,,2,https://www.insource.co.jp/wakate/index.html,/wakate/,/wakate/resilience-vuca.html/,952,https://www.insource.co.jp/wakate/resilience-vuca.html,2026-09-03T03:14:25.756907+00:00,
https://www.insource.co.jp/wakate/mentalhealth-care.html,若手向けメンタルヘルス研修～メンタルケアのために個人と組織ができること（１日間）:現場で使える研修ならインソース,若手向けメンタルヘルス研修～メンタルケアのために個人と組織ができること（１日間）,200,text/html; charset=UTF-8,https://www.insource.co.jp/wakate/mentalhealth-care.html,,2,https://www.insource.co.jp/wakate/index.html,/wakate/,/wakate/mentalhealth-care.html/,788,https://www.insource.co.jp/wakate/mentalhealth-care.html,2026-09-03T03:14:27.550813+00:00,
https://www.insource.co.jp/kenshu/ke-career-wakate.html,若手社員向けキャリア研修～最初の会社でがんばるということ（１日間）:現場で使える研修ならインソース,若手社員向けキャリア研修～最初の会社でがんばるということ（１日間）,200,text/html; charset=UTF-8,https://www.insource.co.jp/kenshu/ke-career-wakate.html,,2,https://www.insource.co.jp/wakate/index.html,/kenshu/,/kenshu/ke-career-wakate.html/,832,https://www.insource.co.jp/kenshu/ke-career-wakate.html,2026-09-03T03:14:29.341755+00:00,
https://www.insource.co.jp/career_work_life_money/idp_create.html,ＩＤＰ（個人能力開発計画）作成研修（２日間）:現場で使える研修ならインソース,ＩＤＰ（個人能力開発計画）作成研修（２日間）,200,text/html; charset=UTF-8,https://www.insource.co.jp/career_work_life_money/idp_create.html,,2,https://www.insource.co.jp/wakate/index.html,/career_work_life_money/,/career_work_life_money/idp_create.html/,1012,https://www.insource.co.jp/career_work_life_money/idp_create.html,2026-09-03T03:14:32.405186+00:00,
https://www.insource.co.jp/wakate/2nen-stepup.html,２年目ステップアップ研修～レゴ®ブロックを活用してこれまでとこれからを考える（１日間）:現場で使える研修ならインソース,２年目ステップアップ研修～レゴ®ブロックを活用してこれまでとこれからを考える（１日間）,200,text/html; charset=UTF-8,https://www.insource.co.jp/wakate/2nen-stepup.html,,2,https://www.insource.co.jp/wakate/index.html,/wakate/,/wakate/2nen-stepup.html/,756,https://www.insource.co.jp/wakate/2nen-stepup.html,2026-09-03T03:14:34.263167+00:00,
https://www.insource.co.jp/training-special/over_the_wall_top.html,壁を乗り越える研修シリーズ:現場で使える研修ならインソース,,200,text/html; charset=UTF-8,https://www.insource.co.jp/kenshu/over_the_wall_top.html,,2,https://www.insource.co.jp/wakate/index.html,/training-special/,/training-special/over_the_wall_top.html/,728,https://www.insource.co.jp/training-special/over_the_wall_top.html,2026-09-03T03:14:35.838088+00:00,
https://www.insource.co.jp/kenshu/points-of-you.html,自分を知り、働く意義を考える研修～Points of You®を通じて、自己と社会への理解を深める（半日間）:現場で使える研修ならインソース,自分を知り、働く意義を考える研修～Points of You®を通じて、自己と社会への理解を深める（半日間）,200,text/html; charset=UTF-8,https://www.insource.co.jp/kenshu/points-of-you.html,,2,https://www.insource.co.jp/wakate/index.html,/kenshu/,/kenshu/points-of-you.html/,779,https://www.insource.co.jp/kenshu/points-of-you.html,2026-09-03T03:14:37.492977+00:00,
https://www.insource.co.jp/bup/workshop-morals.html,【研修セミナー公開講座】【人格の陶冶】職場における「モラル」を考えるワークショップ- 株式会社インソース,【人格の陶冶】職場における「モラル」を考えるワークショップ,200,text/html; charset=UTF-8,https://www.insource.co.jp/bup/workshop-morals.html,,2,https://www.insource.co.jp/wakate/index.html,/bup/,/bup/workshop-morals.html/,2039,https://www.insource.co.jp/bup/workshop-morals.html,2026-09-03T03:14:39.083444+00:00,
https://www.insource.co.jp/dougahyakkaten/young_businessmind.html,若手社員向けビジネスマインド強化講座（スライド付き）:eラーニング・動画教材での研修もインソース,若手社員向けビジネスマインド強化講座（スライド付き）,200,text/html; charset=UTF-8,https://www.insource.co.jp/dougahyakkaten/young_businessmind.html,,2,https://www.insource.co.jp/wakate/index.html,/dougahyakkaten/,/dougahyakkaten/young_businessmind.html/,622,https://www.insource.co.jp/dougahyakkaten/young_businessmind.html,2026-09-03T03:14:42.020295+00:00,
https://www.insource.co.jp/dougahyakkaten/businessperson_shutaisei.html,主体性発揮講座～デキるビジネスパーソンに求められる主体性（スライド付き）:eラーニング・動画教材での研修もインソース,主体性発揮講座～デキるビジネスパーソンに求められる主体性（スライド付き）,200,text/html; charset=UTF-8,https://www.insource.co.jp/dougahyakkaten/businessperson_shutaisei.html,,2,https://www.insource.co.jp/wakate/index.html,/dougahyakkaten/,/dougahyakkaten/businessperson_shutaisei.html/,642,https://www.insource.co.jp/dougahyakkaten/businessperson_shutaisei.html,2026-09-03T03:14:43.434664+00:00,
https://www.insource.co.jp/dougahyakkaten/menty.html,メンティ研修～相談力と学び力を高めメンターとよい関係を築く（冊子教材・テスト付き）:eラーニング・動画教材での研修もインソース,メンティ研修～相談力と学び力を高めメンターとよい関係を築く（冊子教材・テスト付き）,200,text/html; charset=UTF-8,https://www.insource.co.jp/dougahyakkaten/menty.html,,2,https://www.insource.co.jp/wakate/index.html,/dougahyakkaten/,/dougahyakkaten/menty.html/,667,https://www.insource.co.jp/dougahyakkaten/menty.html,2026-09-03T03:14:44.864344+00:00,
https://www.insource.co.jp/dougahyakkaten/newcomer_hourensou.html,（新人・若手向け）ホウ・レン・ソウ強化研修（冊子教材・テスト付き）:eラーニング・動画教材での研修もインソース,（新人・若手向け）ホウ・レン・ソウ強化研修（冊子教材・テスト付き）,200,text/html; charset=UTF-8,https://www.insource.co.jp/dougahyakkaten/newcomer_hourensou.html,,2,https://www.insource.co.jp/wakate/index.html,/dougahyakkaten/,/dougahyakkaten/newcomer_hourensou.html/,704,https://www.insource.co.jp/dougahyakkaten/newcomer_hourensou.html,2026-09-03T03:14:46.318729+00:00,
https://www.insource.co.jp/ihl/251001_ojt_trainee.html,"ＯＪＴの受け方で差がつく！「教わり上手」になるポイント～心構え・リアクション・メモ・質問・フィードバック｜社員研修,教育 職員研修 人材育成ならインソース",ＯＪＴの受け方で差がつく！「教わり上手」になるポイント～心構え・リアクション・メモ・質問・フィードバック,200,text/html; charset=UTF-8,https://www.insource.co.jp/ihl/251001_ojt_trainee.html,,2,https://www.insource.co.jp/wakate/index.html,/ihl/,/ihl/251001_ojt_trainee.html/,916,https://www.insource.co.jp/ihl/251001_ojt_trainee.html,2026-09-03T03:14:47.985205+00:00,
https://www.insource.co.jp/ihl/250804_relying-on-others.html,"「考える責任」を誰かに委ねるのは間違い？主体性を引き出し「他人頼み」から脱却するヒント｜社員研修,教育 職員研修 人材育成ならインソース",「考える責任」を誰かに委ねるのは間違い？主体性を引き出し「他人頼み」から脱却するヒント,200,text/html; charset=UTF-8,https://www.insource.co.jp/ihl/250804_relying-on-others.html,,2,https://www.insource.co.jp/wakate/index.html,/ihl/,/ihl/250804_relying-on-others.html/,971,https://www.insource.co.jp/ihl/250804_relying-on-others.html,2026-09-03T03:14:49.678309+00:00,
https://www.insource.co.jp/ihl/250731_shakaijinkisoryoku.html,"ＡＩに仕事を奪われないために「人間力」を高める！盤石な基礎力で今後の自身のキャリアを築く｜社員研修,教育 職員研修 人材育成ならインソース",ＡＩに仕事を奪われないために「人間力」を高める！盤石な基礎力で今後の自身のキャリアを築く,200,text/html; charset=UTF-8,https://www.insource.co.jp/ihl/250731_shakaijinkisoryoku.html,,2,https://www.insource.co.jp/wakate/index.html,/ihl/,/ihl/250731_shakaijinkisoryoku.html/,868,https://www.insource.co.jp/ihl/250731_shakaijinkisoryoku.html,2026-09-03T03:14:51.426281+00:00,
https://www.insource.co.jp/ihl/251203_leaf-lightning-top.html,"「やる気が続かない」社員に効く、学びの習慣化設計術｜社員研修,教育 職員研修 人材育成ならインソース",「やる気が続かない」社員に効く、学びの習慣化設計術,200,text/html; charset=UTF-8,https://www.insource.co.jp/ihl/251203_leaf-lightning-top.html,,2,https://www.insource.co.jp/wakate/index.html,/ihl/,/ihl/251203_leaf-lightning-top.html/,691,https://www.insource.co.jp/ihl/251203_leaf-lightning-top.html,2026-09-03T03:14:53.068863+00:00,
https://www.insource.co.jp/ihl/251017_conversational-ai.html,"若手社員の成長を２倍速に～生成ＡＩで業務効率を劇的改善する５ステップ｜社員研修,教育 職員研修 人材育成ならインソース",若手社員の成長を２倍速に～生成ＡＩで業務効率を劇的改善する５ステップ,200,text/html; charset=UTF-8,https://www.insource.co.jp/ihl/251017_conversational-ai.html,,2,https://www.insource.co.jp/wakate/index.html,/ihl/,/ihl/251017_conversational-ai.html/,742,https://www.insource.co.jp/ihl/251017_conversational-ai.html,2026-09-03T03:14:54.542063+00:00,
https://www.insource.co.jp/newcomer/simulation_eigyou.html,（新入社員・新社会人向け）シミュレーション研修～営業力強化編（２日間）:現場で使える研修ならインソース,（新入社員・新社会人向け）シミュレーション研修～営業力強化編（２日間）,200,text/html; charset=UTF-8,https://www.insource.co.jp/newcomer/simulation_eigyou.html,,2,https://www.insource.co.jp/newcomer/newcomer_top.html,/newcomer/,/newcomer/simulation_eigyou.html/,798,https://www.insource.co.jp/newcomer/simulation_eigyou.html,2026-09-03T03:14:56.061066+00:00,
https://www.insource.co.jp/newcomer/highschool_moral.html,（高校・専門学校卒業の新人向け）モラル醸成研修～人として正しい行動をとる（１日間）:現場で使える研修ならインソース,（高校・専門学校卒業の新人向け）モラル醸成研修～人として正しい行動をとる（１日間）,200,text/html; charset=UTF-8,https://www.insource.co.jp/newcomer/highschool_moral.html,,2,https://www.insource.co.jp/newcomer/newcomer_top.html,/newcomer/,/newcomer/highschool_moral.html/,770,https://www.insource.co.jp/newcomer/highschool_moral.html,2026-09-03T03:14:57.690325+00:00,
https://www.insource.co.jp/well-being/healthy_habits.html,新入社員向け健康習慣づくり研修～大事なのは「筋肉」（半日間）:研修会社インソース～講師派遣研修／公開講座の研修,新入社員向け健康習慣づくり研修～大事なのは「筋肉」（半日間）,200,text/html; charset=UTF-8,https://www.insource.co.jp/well-being/healthy_habits.html,,2,https://www.insource.co.jp/newcomer/newcomer_top.html,/well-being/,/well-being/healthy_habits.html/,667,https://www.insource.co.jp/well-being/healthy_habits.html,2026-09-03T03:14:59.431091+00:00,
https://www.insource.co.jp/wakate/shigoto-kojo.html,仕事の意欲向上研修～レゴ®ブロックで自分の強みと組織での活かし方を考える（半日間）:現場で使える研修ならインソース,仕事の意欲向上研修～レゴ®ブロックで自分の強みと組織での活かし方を考える（半日間）,200,text/html; charset=UTF-8,https://www.insource.co.jp/wakate/shigoto-kojo.html,,2,https://www.insource.co.jp/newcomer/newcomer_top.html,/wakate/,/wakate/shigoto-kojo.html/,1049,https://www.insource.co.jp/wakate/shigoto-kojo.html,2026-09-03T03:15:00.851454+00:00,
https://www.insource.co.jp/twenty/sh_shutaiseihakki.html,新入社員向け主体性発揮研修（１日間）:現場で使える研修ならインソース,新入社員向け主体性発揮研修（１日間）,200,text/html; charset=UTF-8,https://www.insource.co.jp/twenty/sh_shutaiseihakki.html,,2,https://www.insource.co.jp/newcomer/newcomer_top.html,/twenty/,/twenty/sh_shutaiseihakki.html/,932,https://www.insource.co.jp/twenty/sh_shutaiseihakki.html,2026-09-03T03:15:02.745175+00:00,
https://www.insource.co.jp/shinjin/learning-cycle.html,新人フォロー研修～経験学習サイクルを回し「成長する新人」を目指す（１日間）:現場で使える研修ならインソース,新人フォロー研修～経験学習サイクルを回し「成長する新人」を目指す（１日間）,200,text/html; charset=UTF-8,https://www.insource.co.jp/shinjin/learning-cycle.html,,2,https://www.insource.co.jp/newcomer/newcomer_top.html,/shinjin/,/shinjin/learning-cycle.html/,1118,https://www.insource.co.jp/shinjin/learning-cycle.html,2026-09-03T03:15:04.511488+00:00,
https://www.insource.co.jp/it/python_excel-newemployee.html,（新入社員・新社会人向け）Python学院～Excel操作自動化編（１日間）:現場で使える研修ならインソース,（新入社員・新社会人向け）Python学院～Excel操作自動化編（１日間）,200,text/html; charset=UTF-8,https://www.insource.co.jp/it/python_excel-newemployee.html,,2,https://www.insource.co.jp/newcomer/newcomer_top.html,/it/,/it/python_excel-newemployee.html/,823,https://www.insource.co.jp/it/python_excel-newemployee.html,2026-09-03T03:15:06.477155+00:00,
https://www.insource.co.jp/bup/bup_newcomer_logical.html,【研修セミナー公開講座】（新入社員・新社会人向け）ロジカルシンキング研修～情報を整理し、結論を導く- 株式会社インソース,（新入社員・新社会人向け）ロジカルシンキング研修～情報を整理し、結論を導く,200,text/html; charset=UTF-8,https://www.insource.co.jp/bup/bup_newcomer_logical.html,,2,https://www.insource.co.jp/newcomer/newcomer_top.html,/bup/,/bup/bup_newcomer_logical.html/,1652,https://www.insource.co.jp/bup/bup_newcomer_logical.html,2026-09-03T03:15:08.136644+00:00,
https://www.insource.co.jp/shinjin/sh_kiso3.html,新人のための営業基礎研修（１日間）:現場で使える研修ならインソース,新人のための営業基礎研修（１日間）,200,text/html; charset=UTF-8,https://www.insource.co.jp/shinjin/sh_kiso3.html,,2,https://www.insource.co.jp/newcomer/newcomer_top.html,/shinjin/,/shinjin/sh_kiso3.html/,842,https://www.insource.co.jp/shinjin/sh_kiso3.html,2026-09-03T03:15:10.807651+00:00,
https://www.insource.co.jp/newcomer/interpersonal_relationships.html,（新入社員・新社会人向け）対人関係構築研修～応援され、可愛がられる力（１日間）:現場で使える研修ならインソース,（新入社員・新社会人向け）対人関係構築研修～応援され、可愛がられる力（１日間）,200,text/html; charset=UTF-8,https://www.insource.co.jp/newcomer/interpersonal_relationships.html,,2,https://www.insource.co.jp/newcomer/newcomer_top.html,/newcomer/,/newcomer/interpersonal_relationships.html/,959,https://www.insource.co.jp/newcomer/interpersonal_relationships.html,2026-09-03T03:15:12.481130+00:00,
https://www.insource.co.jp/newcomer/ai_triple_skill.html,（新入社員・新社会人向け）ＡＩ時代のトリプルスキル研修～なぜ？本当？やってみよう！（１日間）:現場で使える研修ならインソース,（新入社員・新社会人向け）ＡＩ時代のトリプルスキル研修～なぜ？本当？やってみよう！（１日間）,200,text/html; charset=UTF-8,https://www.insource.co.jp/newcomer/ai_triple_skill.html,,2,https://www.insource.co.jp/newcomer/newcomer_top.html,/newcomer/,/newcomer/ai_triple_skill.html/,1300,https://www.insource.co.jp/newcomer/ai_triple_skill.html,2026-09-03T03:15:14.278069+00:00,
https://www.insource.co.jp/newcomer/personal_finance.html,新人のための金融リテラシー向上研修～家計管理の基礎（半日間）:現場で使える研修ならインソース,新人のための金融リテラシー向上研修～家計管理の基礎（半日間）,200,text/html; charset=UTF-8,https://www.insource.co.jp/newcomer/personal_finance.html,,2,https://www.insource.co.jp/newcomer/newcomer_top.html,/newcomer/,/newcomer/personal_finance.html/,1087,https://www.insource.co.jp/newcomer/personal_finance.html,2026-09-03T03:15:16.442903+00:00,
https://www.insource.co.jp/shinjin/sh_followup4.html,新人フォロー研修～レジリエンスを身につけ、正解がない仕事を乗り越える（１日間）:現場で使える研修ならインソース,新人フォロー研修～レジリエンスを身につけ、正解がない仕事を乗り越える（１日間）,200,text/html; charset=UTF-8,https://www.insource.co.jp/shinjin/sh_followup4.html,,2,https://www.insource.co.jp/newcomer/newcomer_top.html,/shinjin/,/shinjin/sh_followup4.html/,807,https://www.insource.co.jp/shinjin/sh_followup4.html,2026-09-03T03:15:18.525056+00:00,
https://www.insource.co.jp/sh_haizokumae/newcomer_phone.html,（新入社員・新社会人向け）電話応対実践研修～どんな用件にも慌てず対応する（１日間）:現場で使える研修ならインソース,（新入社員・新社会人向け）電話応対実践研修～どんな用件にも慌てず対応する（１日間）,200,text/html; charset=UTF-8,https://www.insource.co.jp/sh_haizokumae/newcomer_phone.html,,2,https://www.insource.co.jp/newcomer/newcomer_top.html,/sh_haizokumae/,/sh_haizokumae/newcomer_phone.html/,855,https://www.insource.co.jp/sh_haizokumae/newcomer_phone.html,2026-09-03T03:15:20.165475+00:00,
https://www.insource.co.jp/training-special/business-basic-series.html,社会人１～３年目ビジネス基礎シリーズ:現場で使える研修ならインソース,,200,text/html; charset=UTF-8,https://www.insource.co.jp/training-special/business-basic-series.html,,2,https://www.insource.co.jp/newcomer/newcomer_top.html,/training-special/,/training-special/business-basic-series.html/,761,https://www.insource.co.jp/training-special/business-basic-series.html,2026-09-03T03:15:21.854760+00:00,
https://www.insource.co.jp/bup/bup_problemsolving_firstyear.html,【研修セミナー公開講座】【ケースで学ぶシリーズ】入社１年目向け問題解決ワークショップ- 株式会社インソース,【ケースで学ぶシリーズ】入社１年目向け問題解決ワークショップ,200,text/html; charset=UTF-8,https://www.insource.co.jp/bup/bup_problemsolving_firstyear.html,,2,https://www.insource.co.jp/newcomer/newcomer_top.html,/bup/,/bup/bup_problemsolving_firstyear.html/,1603,https://www.insource.co.jp/bup/bup_problemsolving_firstyear.html,2026-09-03T03:15:23.381961+00:00,
https://www.insource.co.jp/bup/shinjin_bunsho.html,【研修セミナー公開講座】（新入社員・新社会人向け）ビジネス文書研修- 株式会社インソース,（新入社員・新社会人向け）ビジネス文書研修,200,text/html; charset=UTF-8,https://www.insource.co.jp/bup/shinjin_bunsho.html,,2,https://www.insource.co.jp/newcomer/newcomer_top.html,/bup/,/bup/shinjin_bunsho.html/,1713,https://www.insource.co.jp/bup/shinjin_bunsho.html,2026-09-03T03:15:25.843541+00:00,
https://www.insource.co.jp/bup/bup_trustworthy_businessperson.html,【研修セミナー公開講座】（新入社員・新社会人向け）できるビジネスパーソンの１０の心得・行動～職場の常識編- 株式会社インソース,（新入社員・新社会人向け）できるビジネスパーソンの１０の心得・行動～職場の常識編,200,text/html; charset=UTF-8,https://www.insource.co.jp/bup/bup_trustworthy_businessperson.html,,2,https://www.insource.co.jp/newcomer/newcomer_top.html,/bup/,/bup/bup_trustworthy_businessperson.html/,1656,https://www.insource.co.jp/bup/bup_trustworthy_businessperson.html,2026-09-03T03:15:28.595954+00:00,
https://www.insource.co.jp/bup/bup_ai-literacy.html,【研修セミナー公開講座】（半日研修）（新入社員・新社会人向け）生成ＡＩ活用研修～社会人に求められるＡＩリテラシーを身につける- 株式会社インソース,（半日研修）（新入社員・新社会人向け）生成ＡＩ活用研修～社会人に求められるＡＩリテラシーを身につける,200,text/html; charset=UTF-8,https://www.insource.co.jp/bup/bup_ai-literacy.html,,2,https://www.insource.co.jp/newcomer/newcomer_top.html,/bup/,/bup/bup_ai-literacy.html/,1750,https://www.insource.co.jp/bup/bup_ai-literacy.html,2026-09-03T03:15:31.125542+00:00,
https://www.insource.co.jp/bup/bup_newemployee-proactive.html,【研修セミナー公開講座】（新入社員・新社会人向け）主体性発揮研修～知らない・分からないからの踏み出し方- 株式会社インソース,（新入社員・新社会人向け）主体性発揮研修～知らない・分からないからの踏み出し方,200,text/html; charset=UTF-8,https://www.insource.co.jp/bup/bup_newemployee-proactive.html,,2,https://www.insource.co.jp/newcomer/newcomer_top.html,/bup/,/bup/bup_newemployee-proactive.html/,1610,https://www.insource.co.jp/bup/bup_newemployee-proactive.html,2026-09-03T03:15:33.747176+00:00,
https://www.insource.co.jp/bup/bup_mental-toughness-workshop.html,【研修セミナー公開講座】（新入社員・新社会人向け）メンタルタフネスワークショップ～トリセツを用いて自分らしい不安との向き合い方を学ぶ- 株式会社インソース,（新入社員・新社会人向け）メンタルタフネスワークショップ～トリセツを用いて自分らしい不安との向き合い方を学ぶ,200,text/html; charset=UTF-8,https://www.insource.co.jp/bup/bup_mental-toughness-workshop.html,,2,https://www.insource.co.jp/newcomer/newcomer_top.html,/bup/,/bup/bup_mental-toughness-workshop.html/,1576,https://www.insource.co.jp/bup/bup_mental-toughness-workshop.html,2026-09-03T03:15:36.362140+00:00,
https://www.insource.co.jp/bup/finance-business-game.html,【研修セミナー公開講座】（新入社員・新社会人向け）財務研修～ビジネスゲームで会社経営の視点から実践的に学ぶ- 株式会社インソース,（新入社員・新社会人向け）財務研修～ビジネスゲームで会社経営の視点から実践的に学ぶ,200,text/html; charset=UTF-8,https://www.insource.co.jp/bup/finance-business-game.html,,2,https://www.insource.co.jp/newcomer/newcomer_top.html,/bup/,/bup/finance-business-game.html/,1615,https://www.insource.co.jp/bup/finance-business-game.html,2026-09-03T03:15:38.803049+00:00,
https://www.insource.co.jp/dougahyakkaten/newcomer_rental-package.html,【動画教材セットプラン】（新入社員向け）仕事の基本を学び、配属後すぐに自信を持って動けるようになる:eラーニング・動画教材での研修もインソース,【動画教材セットプラン】（新入社員向け）仕事の基本を学び、配属後すぐに自信を持って動けるようになる,200,text/html; charset=UTF-8,https://www.insource.co.jp/dougahyakkaten/newcomer_rental-package.html,,2,https://www.insource.co.jp/newcomer/newcomer_top.html,/dougahyakkaten/,/dougahyakkaten/newcomer_rental-package.html/,634,https://www.insource.co.jp/dougahyakkaten/newcomer_rental-package.html,2026-09-03T03:15:41.287377+00:00,
https://www.insource.co.jp/dougahyakkaten/newcomer-4-walls.html,新人がぶつかりやすい「４つの壁」対策講座:eラーニング・動画教材での研修もインソース,新人がぶつかりやすい「４つの壁」対策講座,200,text/html; charset=UTF-8,https://www.insource.co.jp/dougahyakkaten/newcomer-4-walls.html,,2,https://www.insource.co.jp/newcomer/newcomer_top.html,/dougahyakkaten/,/dougahyakkaten/newcomer-4-walls.html/,642,https://www.insource.co.jp/dougahyakkaten/newcomer-4-walls.html,2026-09-03T03:15:42.710263+00:00,
https://www.insource.co.jp/dougahyakkaten/daily-report.html,日報の書き方講座:eラーニング・動画教材での研修もインソース,日報の書き方講座,200,text/html; charset=UTF-8,https://www.insource.co.jp/dougahyakkaten/daily-report.html,,2,https://www.insource.co.jp/newcomer/newcomer_top.html,/dougahyakkaten/,/dougahyakkaten/daily-report.html/,621,https://www.insource.co.jp/dougahyakkaten/daily-report.html,2026-09-03T03:15:44.142457+00:00,
https://www.insource.co.jp/dougahyakkaten/hourensou.html,「お、いいね！」と評価される新人を目指すマナーシリーズ～報告・連絡・相談編～（スライド付き）:eラーニング・動画教材での研修もインソース,「お、いいね！」と評価される新人を目指すマナーシリーズ～報告・連絡・相談編～（スライド付き）,200,text/html; charset=UTF-8,https://www.insource.co.jp/dougahyakkaten/hourensou.html,,2,https://www.insource.co.jp/newcomer/newcomer_top.html,/dougahyakkaten/,/dougahyakkaten/hourensou.html/,674,https://www.insource.co.jp/dougahyakkaten/hourensou.html,2026-09-03T03:15:45.713678+00:00,
https://www.insource.co.jp/dougahyakkaten/chatgpt_excel_entry.html,ChatGPT×Excel講座～Excel初級者でもAIの力で使いこなす:eラーニング・動画教材での研修もインソース,ChatGPT×Excel講座～Excel初級者でもAIの力で使いこなす,200,text/html; charset=UTF-8,https://www.insource.co.jp/dougahyakkaten/chatgpt_excel_entry.html,,2,https://www.insource.co.jp/newcomer/newcomer_top.html,/dougahyakkaten/,/dougahyakkaten/chatgpt_excel_entry.html/,699,https://www.insource.co.jp/dougahyakkaten/chatgpt_excel_entry.html,2026-09-03T03:15:47.180325+00:00,
https://www.insource.co.jp/dougahyakkaten/shutaisei_hakki.html,主体性発揮講座～新人・若手社員に求められる主体性とは:eラーニング・動画教材での研修もインソース,主体性発揮講座～新人・若手社員に求められる主体性とは,200,text/html; charset=UTF-8,https://www.insource.co.jp/dougahyakkaten/shutaisei_hakki.html,,2,https://www.insource.co.jp/newcomer/newcomer_top.html,/dougahyakkaten/,/dougahyakkaten/shutaisei_hakki.html/,647,https://www.insource.co.jp/dougahyakkaten/shutaisei_hakki.html,2026-09-03T03:15:48.668420+00:00,
https://www.insource.co.jp/dougahyakkaten/newcomer_globalmind-2.html,【グローバルビジネスシリーズ】新人・若手のためのグローバルマインド講座～グローバル人材に必要な視点と行動を理解する:eラーニング・動画教材での研修もインソース,【グローバルビジネスシリーズ】新人・若手のためのグローバルマインド講座～グローバル人材に必要な視点と行動を理解する,200,text/html; charset=UTF-8,https://www.insource.co.jp/dougahyakkaten/newcomer_globalmind-2.html,,2,https://www.insource.co.jp/newcomer/newcomer_top.html,/dougahyakkaten/,/dougahyakkaten/newcomer_globalmind-2.html/,657,https://www.insource.co.jp/dougahyakkaten/newcomer_globalmind-2.html,2026-09-03T03:15:50.105600+00:00,
https://www.insource.co.jp/dougahyakkaten/shinjin_follow.html,新人フォロー講座～入社からの日々を振り返り、２年目社員になることを意識する（スライド付き）:eラーニング・動画教材での研修もインソース,新人フォロー講座～入社からの日々を振り返り、２年目社員になることを意識する（スライド付き）,200,text/html; charset=UTF-8,https://www.insource.co.jp/dougahyakkaten/shinjin_follow.html,,2,https://www.insource.co.jp/newcomer/newcomer_top.html,/dougahyakkaten/,/dougahyakkaten/shinjin_follow.html/,638,https://www.insource.co.jp/dougahyakkaten/shinjin_follow.html,2026-09-03T03:15:51.550603+00:00,
https://www.insource.co.jp/ihl/251117_trustworthy_businessperson.html,"気がきかない新人にしない育て方～「誰にも迷惑かけてませんが？」その振る舞い、本当に大丈夫？｜社員研修,教育 職員研修 人材育成ならインソース",気がきかない新人にしない育て方～「誰にも迷惑かけてませんが？」その振る舞い、本当に大丈夫？,200,text/html; charset=UTF-8,https://www.insource.co.jp/ihl/251117_trustworthy_businessperson.html,,2,https://www.insource.co.jp/newcomer/newcomer_top.html,/ihl/,/ihl/251117_trustworthy_businessperson.html/,718,https://www.insource.co.jp/ihl/251117_trustworthy_businessperson.html,2026-09-03T03:15:52.975283+00:00,
https://www.insource.co.jp/ihl/251009_healthy_habits.html,"新入社員の健康習慣を見直すだけで離職率も変わる？教育担当や上司が知っておくべき「新人の体調管理の基本」｜社員研修,教育 職員研修 人材育成ならインソース",新入社員の健康習慣を見直すだけで離職率も変わる？教育担当や上司が知っておくべき「新人の体調管理の基本」,200,text/html; charset=UTF-8,https://www.insource.co.jp/ihl/251009_healthy_habits.html,,2,https://www.insource.co.jp/newcomer/newcomer_top.html,/ihl/,/ihl/251009_healthy_habits.html/,784,https://www.insource.co.jp/ihl/251009_healthy_habits.html,2026-09-03T03:15:54.468423+00:00,
https://www.insource.co.jp/ihl/250513_newcomer_call.html,"電話に出たがらない新人をどう育成する？短期間で「電話嫌い」を克服するための人事戦略｜社員研修,教育 職員研修 人材育成ならインソース",電話に出たがらない新人をどう育成する？短期間で「電話嫌い」を克服するための人事戦略,200,text/html; charset=UTF-8,https://www.insource.co.jp/ihl/250513_newcomer_call.html,,2,https://www.insource.co.jp/newcomer/newcomer_top.html,/ihl/,/ihl/250513_newcomer_call.html/,745,https://www.insource.co.jp/ihl/250513_newcomer_call.html,2026-09-03T03:15:56.032053+00:00,
https://www.insource.co.jp/ihl/260122_bup_mail_case.html,"報告メールは新人も中堅も意外とできていない～上司に伝わる書き方と対応方針の提案術｜社員研修,教育 職員研修 人材育成ならインソース",報告メールは新人も中堅も意外とできていない～上司に伝わる書き方と対応方針の提案術,200,text/html; charset=UTF-8,https://www.insource.co.jp/ihl/260122_bup_mail_case.html,,2,https://www.insource.co.jp/newcomer/newcomer_top.html,/ihl/,/ihl/260122_bup_mail_case.html/,785,https://www.insource.co.jp/ihl/260122_bup_mail_case.html,2026-09-03T03:15:57.712645+00:00,
https://www.insource.co.jp/ihl/260127_vol011.html,"新人・若手社員の早期離職を防ぎ即戦力化する指導術～計画的な育成とタイプ別アプローチ｜社員研修,教育 職員研修 人材育成ならインソース",新人・若手社員の早期離職を防ぎ即戦力化する指導術～計画的な育成とタイプ別アプローチ,200,text/html; charset=UTF-8,https://www.insource.co.jp/ihl/260127_vol011.html,,2,https://www.insource.co.jp/newcomer/newcomer_top.html,/ihl/,/ihl/260127_vol011.html/,884,https://www.insource.co.jp/ihl/260127_vol011.html,2026-09-03T03:15:59.272381+00:00,
https://www.insource.co.jp/ihl/251118_get-skill-by-businessgame.html,"内定辞退を減らす５つのステップ～いま企業が見落とす""入社前の空白期間""｜社員研修,教育 職員研修 人材育成ならインソース","内定辞退を減らす５つのステップ～いま企業が見落とす""入社前の空白期間""",200,text/html; charset=UTF-8,https://www.insource.co.jp/ihl/251118_get-skill-by-businessgame.html,,2,https://www.insource.co.jp/newcomer/newcomer_top.html,/ihl/,/ihl/251118_get-skill-by-businessgame.html/,773,https://www.insource.co.jp/ihl/251118_get-skill-by-businessgame.html,2026-09-03T03:16:00.934147+00:00,
https://www.insource.co.jp/ihl/251114_newcomer_it_dx.html,"新人育成を成功に導く！外部研修選びで投資効果を最大化する６つの視点｜社員研修,教育 職員研修 人材育成ならインソース",新人育成を成功に導く！外部研修選びで投資効果を最大化する６つの視点,200,text/html; charset=UTF-8,https://www.insource.co.jp/ihl/251114_newcomer_it_dx.html,,2,https://www.insource.co.jp/newcomer/newcomer_top.html,/ihl/,/ihl/251114_newcomer_it_dx.html/,804,https://www.insource.co.jp/ihl/251114_newcomer_it_dx.html,2026-09-03T03:16:03.898286+00:00,
https://www.insource.co.jp/ihl/251029_package_leadership_9factors.html,"新人・若手から育むリーダーシップ～４段階の育成プロセスで組織を強くする｜社員研修,教育 職員研修 人材育成ならインソース",新人・若手から育むリーダーシップ～４段階の育成プロセスで組織を強くする,200,text/html; charset=UTF-8,https://www.insource.co.jp/ihl/251029_package_leadership_9factors.html,,2,https://www.insource.co.jp/newcomer/newcomer_top.html,/ihl/,/ihl/251029_package_leadership_9factors.html/,920,https://www.insource.co.jp/ihl/251029_package_leadership_9factors.html,2026-09-03T03:16:05.477606+00:00,
https://www.insource.co.jp/it-tool/ihl-250925-cannot_grow_just_from_ojt.html,"ＯＪＴだけでは新人は育たない～研修とＯＪＴを組み合わせた、効果的な人材育成の仕組みづくり｜社員研修,教育 職員研修 人材育成ならインソース",ＯＪＴだけでは新人は育たない～研修とＯＪＴを組み合わせた、効果的な人材育成の仕組みづくり,200,text/html; charset=UTF-8,https://www.insource.co.jp/it-tool/ihl-250925-cannot_grow_just_from_ojt.html,,2,https://www.insource.co.jp/newcomer/newcomer_top.html,/it-tool/,/it-tool/ihl-250925-cannot_grow_just_from_ojt.html/,771,https://www.insource.co.jp/it-tool/ihl-250925-cannot_grow_just_from_ojt.html,2026-09-03T03:16:07.171182+00:00,
https://www.insource.co.jp/ihl/251023_conversational_ai_y.html,"2026年新人教育のトレンドは「成功体験による離職防止」と「デジタル分野の即戦力化」｜社員研修,教育 職員研修 人材育成ならインソース",2026年新人教育のトレンドは「成功体験による離職防止」と「デジタル分野の即戦力化」,200,text/html; charset=UTF-8,https://www.insource.co.jp/ihl/251023_conversational_ai_y.html,,2,https://www.insource.co.jp/newcomer/newcomer_top.html,/ihl/,/ihl/251023_conversational_ai_y.html/,713,https://www.insource.co.jp/ihl/251023_conversational_ai_y.html,2026-09-03T03:16:08.724326+00:00,
https://www.insource.co.jp/ihl/250901_ojt_horenso.html,"ＯＪＴ中盤で見える新人の伸び悩みと育成担当者の負担～「育成の仕組みづくり」で悩みを解決｜社員研修,教育 職員研修 人材育成ならインソース",ＯＪＴ中盤で見える新人の伸び悩みと育成担当者の負担～「育成の仕組みづくり」で悩みを解決,200,text/html; charset=UTF-8,https://www.insource.co.jp/ihl/250901_ojt_horenso.html,,2,https://www.insource.co.jp/newcomer/newcomer_top.html,/ihl/,/ihl/250901_ojt_horenso.html/,926,https://www.insource.co.jp/ihl/250901_ojt_horenso.html,2026-09-03T03:16:10.372719+00:00,
https://www.insource.co.jp/ihl/250730_freshers-anxiety-for-stepup.html,"新人が抱える不安や悩みは自分だけじゃない！誰しも経験する壁を上手く乗り越え成長するには｜社員研修,教育 職員研修 人材育成ならインソース",新人が抱える不安や悩みは自分だけじゃない！誰しも経験する壁を上手く乗り越え成長するには,200,text/html; charset=UTF-8,https://www.insource.co.jp/ihl/250730_freshers-anxiety-for-stepup.html,,2,https://www.insource.co.jp/newcomer/newcomer_top.html,/ihl/,/ihl/250730_freshers-anxiety-for-stepup.html/,764,https://www.insource.co.jp/ihl/250730_freshers-anxiety-for-stepup.html,2026-09-03T03:16:12.073167+00:00,
https://www.insource.co.jp/ihl/250627_ojt_followup.html,"ＯＪＴを諦める担当者続出～「とんでもない返し」に挫折してしまう前に｜社員研修,教育 職員研修 人材育成ならインソース",ＯＪＴを諦める担当者続出～「とんでもない返し」に挫折してしまう前に,200,text/html; charset=UTF-8,https://www.insource.co.jp/ihl/250627_ojt_followup.html,,2,https://www.insource.co.jp/newcomer/newcomer_top.html,/ihl/,/ihl/250627_ojt_followup.html/,1354,https://www.insource.co.jp/ihl/250627_ojt_followup.html,2026-09-03T03:16:13.613823+00:00,
https://www.insource.co.jp/ihl/250515_ojt-supervisor.html,"指導のばらつき、どう防ぐ？新人育成を支えるＯＪＴ監督者の役割とは｜社員研修,教育 職員研修 人材育成ならインソース",指導のばらつき、どう防ぐ？新人育成を支えるＯＪＴ監督者の役割とは,200,text/html; charset=UTF-8,https://www.insource.co.jp/ihl/250515_ojt-supervisor.html,,2,https://www.insource.co.jp/newcomer/newcomer_top.html,/ihl/,/ihl/250515_ojt-supervisor.html/,869,https://www.insource.co.jp/ihl/250515_ojt-supervisor.html,2026-09-03T03:16:15.746323+00:00,
https://www.insource.co.jp/ihl/250527_teaching_point.html,"同じミスがなくならない後輩への効果的な指導とは？～「やらせてみる」を軸に自立を促す｜社員研修,教育 職員研修 人材育成ならインソース",同じミスがなくならない後輩への効果的な指導とは？～「やらせてみる」を軸に自立を促す,200,text/html; charset=UTF-8,https://www.insource.co.jp/ihl/250527_teaching_point.html,,2,https://www.insource.co.jp/newcomer/newcomer_top.html,/ihl/,/ihl/250527_teaching_point.html/,923,https://www.insource.co.jp/ihl/250527_teaching_point.html,2026-09-03T03:16:17.389651+00:00,
https://www.insource.co.jp/ihl/250508_bukasidou-update.html,"無理はしない新人・若手指導～変えるのは「心構え」と「仕事の任せ方」｜社員研修,教育 職員研修 人材育成ならインソース",無理はしない新人・若手指導～変えるのは「心構え」と「仕事の任せ方」,200,text/html; charset=UTF-8,https://www.insource.co.jp/ihl/250508_bukasidou-update.html,,2,https://www.insource.co.jp/newcomer/newcomer_top.html,/ihl/,/ihl/250508_bukasidou-update.html/,837,https://www.insource.co.jp/ihl/250508_bukasidou-update.html,2026-09-03T03:16:19.087349+00:00,
https://www.insource.co.jp/ihl/250521_bup_new_employee_excel_levelup.html,"新入社員のExcelスキルを効果的にアップするには？二極化する新人のPCスキルに合わせたチェックシートや研修とは｜社員研修,教育 職員研修 人材育成ならインソース",新入社員のExcelスキルを効果的にアップするには？二極化する新人のPCスキルに合わせたチェックシートや研修とは,200,text/html; charset=UTF-8,https://www.insource.co.jp/ihl/250521_bup_new_employee_excel_levelup.html,,2,https://www.insource.co.jp/newcomer/newcomer_top.html,/ihl/,/ihl/250521_bup_new_employee_excel_levelup.html/,1127,https://www.insource.co.jp/ihl/250521_bup_new_employee_excel_levelup.html,2026-09-03T03:16:20.699624+00:00,
https://www.insource.co.jp/ihl/250324_moral_compliance.html,"知識を詰め込むだけでは不十分？新人の時期から「判断軸」を身につけるコンプライアンス教育｜社員研修,教育 職員研修 人材育成ならインソース",知識を詰め込むだけでは不十分？新人の時期から「判断軸」を身につけるコンプライアンス教育,200,text/html; charset=UTF-8,https://www.insource.co.jp/ihl/250324_moral_compliance.html,,2,https://www.insource.co.jp/newcomer/newcomer_top.html,/ihl/,/ihl/250324_moral_compliance.html/,811,https://www.insource.co.jp/ihl/250324_moral_compliance.html,2026-09-03T03:16:22.607190+00:00,
https://www.insource.co.jp/ihl/250602_morals_new_employee.html,"新入社員がプロフェッショナル集団の一員になるために｜社員研修,教育 職員研修 人材育成ならインソース",新入社員がプロフェッショナル集団の一員になるために,200,text/html; charset=UTF-8,https://www.insource.co.jp/ihl/250602_morals_new_employee.html,,2,https://www.insource.co.jp/newcomer/newcomer_top.html,/ihl/,/ihl/250602_morals_new_employee.html/,771,https://www.insource.co.jp/ihl/250602_morals_new_employee.html,2026-09-03T03:16:24.353144+00:00,
https://www.insource.co.jp/bup/bup_shinjin-followup.html,【研修セミナー公開講座】新人フォロー研修～レジリエンスを身につけ、正解がない仕事を乗り越える- 株式会社インソース,新人フォロー研修～レジリエンスを身につけ、正解がない仕事を乗り越える,200,text/html; charset=UTF-8,https://www.insource.co.jp/bup/bup_shinjin-followup.html,,2,https://www.insource.co.jp/newcomer/newcomer_top.html,/bup/,/bup/bup_shinjin-followup.html/,1633,https://www.insource.co.jp/bup/bup_shinjin-followup.html,2026-09-03T03:16:25.897638+00:00,
https://www.insource.co.jp/bup/bup_grit-development.html,【研修セミナー公開講座】GRIT（やり抜く力）強化研修～仕事の自分事化と続けられる持久力を育む- 株式会社インソース,GRIT（やり抜く力）強化研修～仕事の自分事化と続けられる持久力を育む,200,text/html; charset=UTF-8,https://www.insource.co.jp/bup/bup_grit-development.html,,2,https://www.insource.co.jp/newcomer/newcomer_top.html,/bup/,/bup/bup_grit-development.html/,1830,https://www.insource.co.jp/bup/bup_grit-development.html,2026-09-03T03:16:28.405660+00:00,
https://www.insource.co.jp/ihl/260728_job_entrus.html,"若手も「部下」を持つ時代～生成ＡＩが変える新人育成と、忍び寄る選抜の波｜社員研修,教育 職員研修 人材育成ならインソース",若手も「部下」を持つ時代～生成ＡＩが変える新人育成と、忍び寄る選抜の波,200,text/html; charset=UTF-8,https://www.insource.co.jp/ihl/260728_job_entrus.html,,2,https://www.insource.co.jp/newcomer/newcomer_top.html,/ihl/,/ihl/260728_job_entrus.html/,739,https://www.insource.co.jp/ihl/260728_job_entrus.html,2026-09-03T03:16:31.135558+00:00,
https://www.insource.co.jp/ihl/260728_ai-learning-companion.html,"新人教育の業務効率化～年間４万回の研修実績から生まれた「読む」から「解く」へのＡＩ変革｜社員研修,教育 職員研修 人材育成ならインソース",新人教育の業務効率化～年間４万回の研修実績から生まれた「読む」から「解く」へのＡＩ変革,200,text/html; charset=UTF-8,https://www.insource.co.jp/ihl/260728_ai-learning-companion.html,,2,https://www.insource.co.jp/newcomer/newcomer_top.html,/ihl/,/ihl/260728_ai-learning-companion.html/,734,https://www.insource.co.jp/ihl/260728_ai-learning-companion.html,2026-09-03T03:16:32.649433+00:00,
https://www.insource.co.jp/ihl/260602_text-retailing.html,"教えたはずの敬語やマナーができない理由は？新人31名の声から導く「新人教育・５つの設計ポイント」｜社員研修,教育 職員研修 人材育成ならインソース",教えたはずの敬語やマナーができない理由は？新人31名の声から導く「新人教育・５つの設計ポイント」,200,text/html; charset=UTF-8,https://www.insource.co.jp/ihl/260602_text-retailing.html,,2,https://www.insource.co.jp/newcomer/newcomer_top.html,/ihl/,/ihl/260602_text-retailing.html/,732,https://www.insource.co.jp/ihl/260602_text-retailing.html,2026-09-03T03:16:34.160148+00:00,
https://www.insource.co.jp/bup/bup_new-employee-presentation.html,【研修セミナー公開講座】（新入社員・新社会人向け）プレゼンテーション研修～相手を動かすストーリー設計を身につける- 株式会社インソース,（新入社員・新社会人向け）プレゼンテーション研修～相手を動かすストーリー設計を身につける,200,text/html; charset=UTF-8,https://www.insource.co.jp/bup/bup_new-employee-presentation.html,,2,https://www.insource.co.jp/newcomer/newcomer_top.html,/bup/,/bup/bup_new-employee-presentation.html/,1678,https://www.insource.co.jp/bup/bup_new-employee-presentation.html,2026-09-03T03:16:35.832797+00:00,
https://www.insource.co.jp/bup/shinjin_koukai.html,新入社員研修 2026｜参加型新人セミナー！全国+オンラインで開催―１名から参加できる研修の会社インソース,,200,text/html; charset=UTF-8,https://www.insource.co.jp/bup/shinjin_koukai.html,,2,https://www.insource.co.jp/newcomer/newcomer_top.html,/bup/,/bup/shinjin_koukai.html/,647,https://www.insource.co.jp/bup/shinjin_koukai.html,2026-09-03T03:16:38.383583+00:00,
https://www.insource.co.jp/dougahyakkaten/douga_shinjin.html,動画百貨店 新入社員向け！動画教材セレクション～新人８大スキルを高めるeラーニング:eラーニング・動画教材での研修もインソース,,200,text/html; charset=UTF-8,https://www.insource.co.jp/dougahyakkaten/douga_shinjin.html,,2,https://www.insource.co.jp/newcomer/newcomer_top.html,/dougahyakkaten/,/dougahyakkaten/douga_shinjin.html/,676,https://www.insource.co.jp/dougahyakkaten/douga_shinjin.html,2026-09-03T03:16:39.900412+00:00,
https://www.insource.co.jp/bup/bup_shinjin-basic-2days.html,【研修セミナー公開講座】（新入社員・新社会人向け）ビジネス基礎研修～社会人に求められる基本ルール・所作を学ぶ（２日間）- 株式会社インソース,（新入社員・新社会人向け）ビジネス基礎研修～社会人に求められる基本ルール・所作を学ぶ（２日間）,200,text/html; charset=UTF-8,https://www.insource.co.jp/bup/bup_shinjin-basic-2days.html,,2,https://www.insource.co.jp/newcomer/newcomer_top.html,/bup/,/bup/bup_shinjin-basic-2days.html/,1629,https://www.insource.co.jp/bup/bup_shinjin-basic-2days.html,2026-09-03T03:16:41.359432+00:00,
https://www.insource.co.jp/new-service-lineup/offerbox.html,攻めの新卒採用で、自社にマッチした人材を。新卒オファー型就活サービス「OfferBox」:研修会社インソース～講師派遣研修／公開講座の研修,,200,text/html; charset=UTF-8,https://www.insource.co.jp/new-service-lineup/offerbox.html,,2,https://www.insource.co.jp/newcomer/newcomer_top.html,/new-service-lineup/,/new-service-lineup/offerbox.html/,632,https://www.insource.co.jp/new-service-lineup/offerbox.html,2026-09-03T03:16:43.862675+00:00,
https://www.insource.co.jp/newcommer_flash/newcom_result_2026.html,２０２６年度新入社員の傾向と特徴 - 株式会社インソース,,200,text/html; charset=UTF-8,https://www.insource.co.jp/newcommer_flash/newcom_result_2026.html,,2,https://www.insource.co.jp/newcomer/newcomer_top.html,/newcommer_flash/,/newcommer_flash/newcom_result_2026.html/,643,https://www.insource.co.jp/newcommer_flash/newcom_result_2026.html,2026-09-03T03:16:45.432898+00:00,
https://www.insource.co.jp/grade/g_newcomer.html,新入社員研修～実績と受講者の声 - 株式会社インソース,新入社員研修～実績と受講者の声,200,text/html; charset=UTF-8,https://www.insource.co.jp/grade/g_newcomer.html,,2,https://www.insource.co.jp/newcomer/newcomer_top.html,/grade/,/grade/g_newcomer.html/,889,https://www.insource.co.jp/grade/g_newcomer.html,2026-09-03T03:16:46.862188+00:00,
https://www.insource.co.jp/package/shinjin-assessment-follow.html,新人の課題を分析し成長と意欲を高めるフォロー教育プラン:現場で使える研修ならインソース,新人の課題を分析し成長と意欲を高めるフォロー教育プラン,200,text/html; charset=UTF-8,https://www.insource.co.jp/package/shinjin-assessment-follow.html,,2,https://www.insource.co.jp/newcomer/newcomer_top.html,/package/,/package/shinjin-assessment-follow.html/,649,https://www.insource.co.jp/package/shinjin-assessment-follow.html,2026-09-03T03:16:48.775822+00:00,
https://www.insource.co.jp/package/shinjin_independence_3years.html,新人を３年間で、自ら動ける中核メンバーに育成するプラン:現場で使える研修ならインソース,新人を３年間で、自ら動ける中核メンバーに育成するプラン,200,text/html; charset=UTF-8,https://www.insource.co.jp/package/shinjin_independence_3years.html,,2,https://www.insource.co.jp/newcomer/newcomer_top.html,/package/,/package/shinjin_independence_3years.html/,660,https://www.insource.co.jp/package/shinjin_independence_3years.html,2026-09-03T03:16:50.184810+00:00,
https://www.insource.co.jp/package/shinjin_8skill_complete.html,新人社員を８日間お預かり！８大スキルコンプリートプラン:現場で使える研修ならインソース,新人社員を８日間お預かり！８大スキルコンプリートプラン,200,text/html; charset=UTF-8,https://www.insource.co.jp/package/shinjin_8skill_complete.html,,2,https://www.insource.co.jp/newcomer/newcomer_top.html,/package/,/package/shinjin_8skill_complete.html/,690,https://www.insource.co.jp/package/shinjin_8skill_complete.html,2026-09-03T03:16:51.604188+00:00,
https://www.insource.co.jp/package/shinjin_3months_correction.html,新人研修と添削で基本のビジネススキルを定着させるプラン:現場で使える研修ならインソース,新人研修と添削で基本のビジネススキルを定着させるプラン,200,text/html; charset=UTF-8,https://www.insource.co.jp/package/shinjin_3months_correction.html,,2,https://www.insource.co.jp/newcomer/newcomer_top.html,/package/,/package/shinjin_3months_correction.html/,673,https://www.insource.co.jp/package/shinjin_3months_correction.html,2026-09-03T03:16:53.053600+00:00,
https://www.insource.co.jp/package/sales_simulation.html,ＷＥＢでの営業活動シミュレーションで配属に備えるプラン:現場で使える研修ならインソース,ＷＥＢでの営業活動シミュレーションで配属に備えるプラン,200,text/html; charset=UTF-8,https://www.insource.co.jp/package/sales_simulation.html,,2,https://www.insource.co.jp/newcomer/newcomer_top.html,/package/,/package/sales_simulation.html/,668,https://www.insource.co.jp/package/sales_simulation.html,2026-09-03T03:16:54.486814+00:00,
https://www.insource.co.jp/newcomer/reading_comprehension.html,（新入社員・新社会人向け）読解力研修～相手の意図を理解する（１日間）:現場で使える研修ならインソース,（新入社員・新社会人向け）読解力研修～相手の意図を理解する（１日間）,200,text/html; charset=UTF-8,https://www.insource.co.jp/newcomer/reading_comprehension.html,,2,https://www.insource.co.jp/newcomer/newcomer_top.html,/newcomer/,/newcomer/reading_comprehension.html/,1035,https://www.insource.co.jp/newcomer/reading_comprehension.html,2026-09-03T03:16:56.083679+00:00,
https://www.insource.co.jp/sh_presentationkiso/clear_explanation.html,（新入社員・新社会人向け）分かりやすい説明の仕方研修～仕事で使えるプレゼン力を磨く（１日間）:現場で使える研修ならインソース,（新入社員・新社会人向け）分かりやすい説明の仕方研修～仕事で使えるプレゼン力を磨く（１日間）,200,text/html; charset=UTF-8,https://www.insource.co.jp/sh_presentationkiso/clear_explanation.html,,2,https://www.insource.co.jp/newcomer/newcomer_top.html,/sh_presentationkiso/,/sh_presentationkiso/clear_explanation.html/,777,https://www.insource.co.jp/sh_presentationkiso/clear_explanation.html,2026-09-03T03:16:57.959914+00:00,
https://www.insource.co.jp/newcomer/dare_to_ask.html,（新入社員・新社会人向け）相談力向上研修～何をどう切り出すか（１日間）:現場で使える研修ならインソース,（新入社員・新社会人向け）相談力向上研修～何をどう切り出すか（１日間）,200,text/html; charset=UTF-8,https://www.insource.co.jp/newcomer/dare_to_ask.html,,2,https://www.insource.co.jp/newcomer/newcomer_top.html,/newcomer/,/newcomer/dare_to_ask.html/,1166,https://www.insource.co.jp/newcomer/dare_to_ask.html,2026-09-03T03:16:59.563730+00:00,
https://www.insource.co.jp/bup/bup_shinjin_mind.html,【研修セミナー公開講座】（新入社員・新社会人向け）ビジネスマインド研修～自律のための基本姿勢・習慣- 株式会社インソース,（新入社員・新社会人向け）ビジネスマインド研修～自律のための基本姿勢・習慣,200,text/html; charset=UTF-8,https://www.insource.co.jp/bup/bup_shinjin_mind.html,,2,https://www.insource.co.jp/newcomer/newcomer_top.html,/bup/,/bup/bup_shinjin_mind.html/,1612,https://www.insource.co.jp/bup/bup_shinjin_mind.html,2026-09-03T03:17:01.582130+00:00,
https://www.insource.co.jp/bup/bup_shinjin_resilience.html,【研修セミナー公開講座】（新入社員・新社会人向け）レジリエンス研修～失敗をチャンスに変え、成長する- 株式会社インソース,（新入社員・新社会人向け）レジリエンス研修～失敗をチャンスに変え、成長する,200,text/html; charset=UTF-8,https://www.insource.co.jp/bup/bup_shinjin_resilience.html,,2,https://www.insource.co.jp/newcomer/newcomer_top.html,/bup/,/bup/bup_shinjin_resilience.html/,1662,https://www.insource.co.jp/bup/bup_shinjin_resilience.html,2026-09-03T03:17:04.063446+00:00,
https://www.insource.co.jp/bup/bup_ojtmannerlearning.html,【研修セミナー公開講座】ＯＪＴの受け方研修～教わり上手になるための５つのポイント- 株式会社インソース,ＯＪＴの受け方研修～教わり上手になるための５つのポイント,200,text/html; charset=UTF-8,https://www.insource.co.jp/bup/bup_ojtmannerlearning.html,,2,https://www.insource.co.jp/newcomer/newcomer_top.html,/bup/,/bup/bup_ojtmannerlearning.html/,1614,https://www.insource.co.jp/bup/bup_ojtmannerlearning.html,2026-09-03T03:17:06.766751+00:00,
https://www.insource.co.jp/shinjin/sh_business_basic.html,新入社員研修～ビジネス基礎「速習編」（１日間）:現場で使える研修ならインソース,新入社員研修～ビジネス基礎「速習編」（１日間）,200,text/html; charset=UTF-8,https://www.insource.co.jp/shinjin/sh_business_basic.html,,2,https://www.insource.co.jp/newcomer/newcomer_top.html,/shinjin/,/shinjin/sh_business_basic.html/,801,https://www.insource.co.jp/shinjin/sh_business_basic.html,2026-09-03T03:17:09.266568+00:00,
https://www.insource.co.jp/bup/sinjin3.html,【研修セミナー公開講座】（新入社員・新社会人向け）ビジネス基礎研修～社会人に求められる基本ルール・所作を学ぶ（３日間）- 株式会社インソース,（新入社員・新社会人向け）ビジネス基礎研修～社会人に求められる基本ルール・所作を学ぶ（３日間）,200,text/html; charset=UTF-8,https://www.insource.co.jp/bup/sinjin3.html,,2,https://www.insource.co.jp/newcomer/newcomer_top.html,/bup/,/bup/sinjin3.html/,1643,https://www.insource.co.jp/bup/sinjin3.html,2026-09-03T03:17:10.928817+00:00,
https://www.insource.co.jp/bup/bup_kousotsu-basic-3days.html,【研修セミナー公開講座】（高校・専門学校卒業の新人向け）ビジネス基礎研修～社会人の基本スキルを実践的に習得する編（３日間）- 株式会社インソース,（高校・専門学校卒業の新人向け）ビジネス基礎研修～社会人の基本スキルを実践的に習得する編（３日間）,200,text/html; charset=UTF-8,https://www.insource.co.jp/bup/bup_kousotsu-basic-3days.html,,2,https://www.insource.co.jp/newcomer/newcomer_top.html,/bup/,/bup/bup_kousotsu-basic-3days.html/,1648,https://www.insource.co.jp/bup/bup_kousotsu-basic-3days.html,2026-09-03T03:17:13.588374+00:00,
https://www.insource.co.jp/shinjin/sh_salespresentation.html,新入社員研修～ビジネスマインド醸成編（２日間）:現場で使える研修ならインソース,新入社員研修～ビジネスマインド醸成編（２日間）,200,text/html; charset=UTF-8,https://www.insource.co.jp/shinjin/sh_salespresentation.html,,2,https://www.insource.co.jp/newcomer/newcomer_top.html,/shinjin/,/shinjin/sh_salespresentation.html/,774,https://www.insource.co.jp/shinjin/sh_salespresentation.html,2026-09-03T03:17:16.118973+00:00,
https://www.insource.co.jp/newcomer/business_mind_simple.html,（高校・専門学校卒業の新人向け）やさしいビジネスマインド研修（１日間）:現場で使える研修ならインソース,（高校・専門学校卒業の新人向け）やさしいビジネスマインド研修（１日間）,200,text/html; charset=UTF-8,https://www.insource.co.jp/newcomer/business_mind_simple.html,,2,https://www.insource.co.jp/newcomer/newcomer_top.html,/newcomer/,/newcomer/business_mind_simple.html/,1002,https://www.insource.co.jp/newcomer/business_mind_simple.html,2026-09-03T03:17:17.727703+00:00,
https://www.insource.co.jp/shinjin/mindset-commun.html,社会人マインドセット・コミュニケーション研修（１日間）:現場で使える研修ならインソース,社会人マインドセット・コミュニケーション研修（１日間）,200,text/html; charset=UTF-8,https://www.insource.co.jp/shinjin/mindset-commun.html,,2,https://www.insource.co.jp/newcomer/newcomer_top.html,/shinjin/,/shinjin/mindset-commun.html/,898,https://www.insource.co.jp/shinjin/mindset-commun.html,2026-09-03T03:17:19.572161+00:00,
https://www.insource.co.jp/bup/bup_newcomer_comp.html,【研修セミナー公開講座】（半日研修）（新入社員・新社会人向け）コンプライアンス研修～正しい知識を身につけ、身近に潜むリスクを防ぐ- 株式会社インソース,（半日研修）（新入社員・新社会人向け）コンプライアンス研修～正しい知識を身につけ、身近に潜むリスクを防ぐ,200,text/html; charset=UTF-8,https://www.insource.co.jp/bup/bup_newcomer_comp.html,,2,https://www.insource.co.jp/newcomer/newcomer_top.html,/bup/,/bup/bup_newcomer_comp.html/,1775,https://www.insource.co.jp/bup/bup_newcomer_comp.html,2026-09-03T03:17:21.307542+00:00,
https://www.insource.co.jp/shinjin/learn-about-compliance.html,新人向けコンプライアンス研修～社会人としての基本的な知識と対処法を身につける（半日間）:現場で使える研修ならインソース,新人向けコンプライアンス研修～社会人としての基本的な知識と対処法を身につける（半日間）,200,text/html; charset=UTF-8,https://www.insource.co.jp/shinjin/learn-about-compliance.html,,2,https://www.insource.co.jp/newcomer/newcomer_top.html,/shinjin/,/shinjin/learn-about-compliance.html/,813,https://www.insource.co.jp/shinjin/learn-about-compliance.html,2026-09-03T03:17:24.146768+00:00,
https://www.insource.co.jp/bup/bup_morals.html,【研修セミナー公開講座】（半日研修）【人格の陶冶】社会人としてのモラル・倫理観を高める- 株式会社インソース,（半日研修）【人格の陶冶】社会人としてのモラル・倫理観を高める,200,text/html; charset=UTF-8,https://www.insource.co.jp/bup/bup_morals.html,,2,https://www.insource.co.jp/newcomer/newcomer_top.html,/bup/,/bup/bup_morals.html/,1876,https://www.insource.co.jp/bup/bup_morals.html,2026-09-03T03:17:25.789196+00:00,
https://www.insource.co.jp/bup/naiteisya_manner.html,【研修セミナー公開講座】（新入社員・新社会人向け）ビジネスマナー研修- 株式会社インソース,（新入社員・新社会人向け）ビジネスマナー研修,200,text/html; charset=UTF-8,https://www.insource.co.jp/bup/naiteisya_manner.html,,2,https://www.insource.co.jp/newcomer/newcomer_top.html,/bup/,/bup/naiteisya_manner.html/,1650,https://www.insource.co.jp/bup/naiteisya_manner.html,2026-09-03T03:17:28.560436+00:00,
https://www.insource.co.jp/shinjin/businessmanar-online.html,新人向けビジネスマナー研修～オンライン会議に備える編（半日間）:現場で使える研修ならインソース,新人向けビジネスマナー研修～オンライン会議に備える編（半日間）,200,text/html; charset=UTF-8,https://www.insource.co.jp/shinjin/businessmanar-online.html,,2,https://www.insource.co.jp/newcomer/newcomer_top.html,/shinjin/,/shinjin/businessmanar-online.html/,837,https://www.insource.co.jp/shinjin/businessmanar-online.html,2026-09-03T03:17:31.092563+00:00,
https://www.insource.co.jp/shinjin/shinjin-matome.html,（新入社員・新社会人向け）シミュレーション研修～マナー実践編（２日間）:現場で使える研修ならインソース,（新入社員・新社会人向け）シミュレーション研修～マナー実践編（２日間）,200,text/html; charset=UTF-8,https://www.insource.co.jp/shinjin/shinjin-matome.html,,2,https://www.insource.co.jp/newcomer/newcomer_top.html,/shinjin/,/shinjin/shinjin-matome.html/,752,https://www.insource.co.jp/shinjin/shinjin-matome.html,2026-09-03T03:17:32.914958+00:00,
https://www.insource.co.jp/bup/bup-business-manners-practice.html,【研修セミナー公開講座】社会人１年目フォローアップ研修～実践形式でビジネスマナーを強化する- 株式会社インソース,社会人１年目フォローアップ研修～実践形式でビジネスマナーを強化する,200,text/html; charset=UTF-8,https://www.insource.co.jp/bup/bup-business-manners-practice.html,,2,https://www.insource.co.jp/newcomer/newcomer_top.html,/bup/,/bup/bup-business-manners-practice.html/,1594,https://www.insource.co.jp/bup/bup-business-manners-practice.html,2026-09-03T03:17:34.484274+00:00,
https://www.insource.co.jp/bup/kiso_nonjapanese.html,【研修セミナー公開講座】（外国人向け）ビジネス基礎研修～日本の企業で働く心構え・マナー- 株式会社インソース,（外国人向け）ビジネス基礎研修～日本の企業で働く心構え・マナー,200,text/html; charset=UTF-8,https://www.insource.co.jp/bup/kiso_nonjapanese.html,,2,https://www.insource.co.jp/newcomer/newcomer_top.html,/bup/,/bup/kiso_nonjapanese.html/,1717,https://www.insource.co.jp/bup/kiso_nonjapanese.html,2026-09-03T03:17:36.948349+00:00,
https://www.insource.co.jp/bup/japanese-business-manner.html,【研修セミナー公開講座】（外国人向け）英語で学ぶ日本のビジネスマナー研修（Japanese Business Etiquette Training）- 株式会社インソース,（外国人向け）英語で学ぶ日本のビジネスマナー研修（Japanese Business Etiquette Training）,200,text/html; charset=UTF-8,https://www.insource.co.jp/bup/japanese-business-manner.html,,2,https://www.insource.co.jp/newcomer/newcomer_top.html,/bup/,/bup/japanese-business-manner.html/,1634,https://www.insource.co.jp/bup/japanese-business-manner.html,2026-09-03T03:17:41.169703+00:00,
https://www.insource.co.jp/bup/bup_newcomer_call.html,【研修セミナー公開講座】（新入社員・新社会人向け）電話応対基礎研修- 株式会社インソース,（新入社員・新社会人向け）電話応対基礎研修,200,text/html; charset=UTF-8,https://www.insource.co.jp/bup/bup_newcomer_call.html,,2,https://www.insource.co.jp/newcomer/newcomer_top.html,/bup/,/bup/bup_newcomer_call.html/,1647,https://www.insource.co.jp/bup/bup_newcomer_call.html,2026-09-03T03:17:43.674220+00:00,
https://www.insource.co.jp/newcomer/claim_handoff.html,（新入社員・新社会人向け）クレーム対応研修～正確につなぐ初動対応（１日間）:現場で使える研修ならインソース,（新入社員・新社会人向け）クレーム対応研修～正確につなぐ初動対応（１日間）,200,text/html; charset=UTF-8,https://www.insource.co.jp/newcomer/claim_handoff.html,,2,https://www.insource.co.jp/newcomer/newcomer_top.html,/newcomer/,/newcomer/claim_handoff.html/,820,https://www.insource.co.jp/newcomer/claim_handoff.html,2026-09-03T03:17:46.205458+00:00,
https://www.insource.co.jp/shinjin/businesscommunication.html,新人のためのビジネスコミュニケーション研修～きく・伝えるの基本を学ぶ編（１日間）:現場で使える研修ならインソース,新人のためのビジネスコミュニケーション研修～きく・伝えるの基本を学ぶ編（１日間）,200,text/html; charset=UTF-8,https://www.insource.co.jp/shinjin/businesscommunication.html,,2,https://www.insource.co.jp/newcomer/newcomer_top.html,/shinjin/,/shinjin/businesscommunication.html/,1007,https://www.insource.co.jp/shinjin/businesscommunication.html,2026-09-03T03:17:47.855618+00:00,
https://www.insource.co.jp/bup/bup_newcomer_communication.html,【研修セミナー公開講座】（新入社員・新社会人向け）コミュニケーション研修～デキる「ホウ・レン・ソウ」- 株式会社インソース,（新入社員・新社会人向け）コミュニケーション研修～デキる「ホウ・レン・ソウ」,200,text/html; charset=UTF-8,https://www.insource.co.jp/bup/bup_newcomer_communication.html,,2,https://www.insource.co.jp/newcomer/newcomer_top.html,/bup/,/bup/bup_newcomer_communication.html/,1773,https://www.insource.co.jp/bup/bup_newcomer_communication.html,2026-09-03T03:17:49.695379+00:00,
https://www.insource.co.jp/newcomer/assertive_communication.html,（新入社員・新社会人向け）アサーティブコミュニケーション研修（１日間）:現場で使える研修ならインソース,（新入社員・新社会人向け）アサーティブコミュニケーション研修（１日間）,200,text/html; charset=UTF-8,https://www.insource.co.jp/newcomer/assertive_communication.html,,2,https://www.insource.co.jp/newcomer/newcomer_top.html,/newcomer/,/newcomer/assertive_communication.html/,862,https://www.insource.co.jp/newcomer/assertive_communication.html,2026-09-03T03:17:52.539977+00:00,
https://www.insource.co.jp/kenshu/communication-take-notes.html,（新人・若手向け）コミュニケーション力向上研修～メモとり訓練で、「聞いて書いて伝える」を徹底する編（１日間）:現場で使える研修ならインソース,（新人・若手向け）コミュニケーション力向上研修～メモとり訓練で、「聞いて書いて伝える」を徹底する編（１日間）,200,text/html; charset=UTF-8,https://www.insource.co.jp/kenshu/communication-take-notes.html,,2,https://www.insource.co.jp/newcomer/newcomer_top.html,/kenshu/,/kenshu/communication-take-notes.html/,817,https://www.insource.co.jp/kenshu/communication-take-notes.html,2026-09-03T03:17:54.235522+00:00,
https://www.insource.co.jp/newcomer/simulation_communication.html,（新入社員・新社会人向け）シミュレーション研修～コミュニケーション強化編（１日間）:現場で使える研修ならインソース,（新入社員・新社会人向け）シミュレーション研修～コミュニケーション強化編（１日間）,200,text/html; charset=UTF-8,https://www.insource.co.jp/newcomer/simulation_communication.html,,2,https://www.insource.co.jp/newcomer/newcomer_top.html,/newcomer/,/newcomer/simulation_communication.html/,1007,https://www.insource.co.jp/newcomer/simulation_communication.html,2026-09-03T03:17:55.888674+00:00,
https://www.insource.co.jp/bup/bup_newcomer_email.html,【研修セミナー公開講座】（新入社員・新社会人向け）ビジネスＥメールの書き方研修- 株式会社インソース,（新入社員・新社会人向け）ビジネスＥメールの書き方研修,200,text/html; charset=UTF-8,https://www.insource.co.jp/bup/bup_newcomer_email.html,,2,https://www.insource.co.jp/newcomer/newcomer_top.html,/bup/,/bup/bup_newcomer_email.html/,1649,https://www.insource.co.jp/bup/bup_newcomer_email.html,2026-09-03T03:17:57.725238+00:00,
https://www.insource.co.jp/bup/shinjin_presen.html,【研修セミナー公開講座】（新入社員・新社会人向け）プレゼンテーション研修～相手に伝わる話し方を学ぶ- 株式会社インソース,（新入社員・新社会人向け）プレゼンテーション研修～相手に伝わる話し方を学ぶ,200,text/html; charset=UTF-8,https://www.insource.co.jp/bup/shinjin_presen.html,,2,https://www.insource.co.jp/newcomer/newcomer_top.html,/bup/,/bup/shinjin_presen.html/,1716,https://www.insource.co.jp/bup/shinjin_presen.html,2026-09-03T03:18:00.429505+00:00,
https://www.insource.co.jp/sense-of-belonging/newcomer_meeting.html,（新入社員・新社会人向け）会議参加の心構え研修（１日間）:現場で使える研修ならインソース,（新入社員・新社会人向け）会議参加の心構え研修（１日間）,200,text/html; charset=UTF-8,https://www.insource.co.jp/sense-of-belonging/newcomer_meeting.html,,2,https://www.insource.co.jp/newcomer/newcomer_top.html,/sense-of-belonging/,/sense-of-belonging/newcomer_meeting.html/,824,https://www.insource.co.jp/sense-of-belonging/newcomer_meeting.html,2026-09-03T03:18:03.029509+00:00,
https://www.insource.co.jp/bup/shinjin_shigoto_comu.html,【研修セミナー公開講座】（新入社員・新社会人向け）仕事の進め方研修～ビジネスゲームで学ぶチームワークとコミュニケーション- 株式会社インソース,（新入社員・新社会人向け）仕事の進め方研修～ビジネスゲームで学ぶチームワークとコミュニケーション,200,text/html; charset=UTF-8,https://www.insource.co.jp/bup/shinjin_shigoto_comu.html,,2,https://www.insource.co.jp/newcomer/newcomer_top.html,/bup/,/bup/shinjin_shigoto_comu.html/,1719,https://www.insource.co.jp/bup/shinjin_shigoto_comu.html,2026-09-03T03:18:04.693730+00:00,
https://www.insource.co.jp/bup/bup-online-business-game.html,【研修セミナー公開講座】（新入社員・新社会人向け）オンラインビジネスゲーム研修～チームの一員として仕事の進め方を学ぶ- 株式会社インソース,（新入社員・新社会人向け）オンラインビジネスゲーム研修～チームの一員として仕事の進め方を学ぶ,200,text/html; charset=UTF-8,https://www.insource.co.jp/bup/bup-online-business-game.html,,2,https://www.insource.co.jp/newcomer/newcomer_top.html,/bup/,/bup/bup-online-business-game.html/,1795,https://www.insource.co.jp/bup/bup-online-business-game.html,2026-09-03T03:18:07.293820+00:00,
https://www.insource.co.jp/shinjin/team_pdca.html,新入社員研修～ＰＤＣＡの回し方を理解する編（半日間）:現場で使える研修ならインソース,新入社員研修～ＰＤＣＡの回し方を理解する編（半日間）,200,text/html; charset=UTF-8,https://www.insource.co.jp/shinjin/team_pdca.html,,2,https://www.insource.co.jp/newcomer/newcomer_top.html,/shinjin/,/shinjin/team_pdca.html/,888,https://www.insource.co.jp/shinjin/team_pdca.html,2026-09-03T03:18:09.965309+00:00,
https://www.insource.co.jp/timemanagement/plan_first_job.html,（新入社員・新社会人向け）タイムマネジメント研修～はじめての仕事の進め方（１日間）:現場で使える研修ならインソース,（新入社員・新社会人向け）タイムマネジメント研修～はじめての仕事の進め方（１日間）,200,text/html; charset=UTF-8,https://www.insource.co.jp/timemanagement/plan_first_job.html,,2,https://www.insource.co.jp/newcomer/newcomer_top.html,/timemanagement/,/timemanagement/plan_first_job.html/,752,https://www.insource.co.jp/timemanagement/plan_first_job.html,2026-09-03T03:18:11.871790+00:00,
https://www.insource.co.jp/bup/bup_timemanagement_communication.html,【研修セミナー公開講座】（新入社員・新社会人向け）テレワークにおける仕事の進め方研修～時間の使い方とコミュニケーションの取り方を学ぶ- 株式会社インソース,（新入社員・新社会人向け）テレワークにおける仕事の進め方研修～時間の使い方とコミュニケーションの取り方を学ぶ,200,text/html; charset=UTF-8,https://www.insource.co.jp/bup/bup_timemanagement_communication.html,,2,https://www.insource.co.jp/newcomer/newcomer_top.html,/bup/,/bup/bup_timemanagement_communication.html/,1654,https://www.insource.co.jp/bup/bup_timemanagement_communication.html,2026-09-03T03:18:13.463433+00:00,
https://www.insource.co.jp/shinjin/follow_team.html,行政向け新入職員研修～ドミノ電鉄で学ぶ仕事の進め方（半日間）:現場で使える研修ならインソース,行政向け新入職員研修～ドミノ電鉄で学ぶ仕事の進め方（半日間）,200,text/html; charset=UTF-8,https://www.insource.co.jp/shinjin/follow_team.html,,2,https://www.insource.co.jp/newcomer/newcomer_top.html,/shinjin/,/shinjin/follow_team.html/,786,https://www.insource.co.jp/shinjin/follow_team.html,2026-09-03T03:18:16.010513+00:00,
https://www.insource.co.jp/bup/bup-shinjin-factory.html,【研修セミナー公開講座】（製造業 新入社員向け）工場で安全に働くための仕事の進め方研修- 株式会社インソース,（製造業 新入社員向け）工場で安全に働くための仕事の進め方研修,200,text/html; charset=UTF-8,https://www.insource.co.jp/bup/bup-shinjin-factory.html,,2,https://www.insource.co.jp/newcomer/newcomer_top.html,/bup/,/bup/bup-shinjin-factory.html/,1648,https://www.insource.co.jp/bup/bup-shinjin-factory.html,2026-09-03T03:18:17.616379+00:00,
https://www.insource.co.jp/bup/bup_newcomer_eigyokiso.html,【研修セミナー公開講座】（新入社員・新社会人向け）営業基礎研修～心構えと営業のいろはを学ぶ- 株式会社インソース,（新入社員・新社会人向け）営業基礎研修～心構えと営業のいろはを学ぶ,200,text/html; charset=UTF-8,https://www.insource.co.jp/bup/bup_newcomer_eigyokiso.html,,2,https://www.insource.co.jp/newcomer/newcomer_top.html,/bup/,/bup/bup_newcomer_eigyokiso.html/,1692,https://www.insource.co.jp/bup/bup_newcomer_eigyokiso.html,2026-09-03T03:18:20.289954+00:00,
https://www.insource.co.jp/bup/shinjin-matome.html,【研修セミナー公開講座】（新入社員・新社会人向け）シミュレーション研修～実践形式で行う新人研修総まとめ編（２日間）- 株式会社インソース,（新入社員・新社会人向け）シミュレーション研修～実践形式で行う新人研修総まとめ編（２日間）,200,text/html; charset=UTF-8,https://www.insource.co.jp/bup/shinjin-matome.html,,2,https://www.insource.co.jp/newcomer/newcomer_top.html,/bup/,/bup/shinjin-matome.html/,1682,https://www.insource.co.jp/bup/shinjin-matome.html,2026-09-03T03:18:22.860540+00:00,
https://www.insource.co.jp/growth/easy_mondaikaiketu.html,【やさしいシリーズ】なぜなぜ分析を訓練～「やりにくい」から始める問題解決（１日間）:現場で使える研修ならインソース,【やさしいシリーズ】なぜなぜ分析を訓練～「やりにくい」から始める問題解決（１日間）,200,text/html; charset=UTF-8,https://www.insource.co.jp/growth/easy_mondaikaiketu.html,,2,https://www.insource.co.jp/newcomer/newcomer_top.html,/growth/,/growth/easy_mondaikaiketu.html/,1130,https://www.insource.co.jp/growth/easy_mondaikaiketu.html,2026-09-03T03:18:25.414124+00:00,
https://www.insource.co.jp/shinjin/sh_logical_why.html,（新入社員向け）実践！ロジカルシンキング研修～なぜなぜ分析（１日間）:現場で使える研修ならインソース,（新入社員向け）実践！ロジカルシンキング研修～なぜなぜ分析（１日間）,200,text/html; charset=UTF-8,https://www.insource.co.jp/shinjin/sh_logical_why.html,,2,https://www.insource.co.jp/newcomer/newcomer_top.html,/shinjin/,/shinjin/sh_logical_why.html/,770,https://www.insource.co.jp/shinjin/sh_logical_why.html,2026-09-03T03:18:27.386312+00:00,
https://www.insource.co.jp/shinjin/design-logical-thinging.html,（新入社員・新社会人向け）思考力強化研修～デザイン思考・ロジカルシンキング編（２日間）:現場で使える研修ならインソース,（新入社員・新社会人向け）思考力強化研修～デザイン思考・ロジカルシンキング編（２日間）,200,text/html; charset=UTF-8,https://www.insource.co.jp/shinjin/design-logical-thinging.html,,2,https://www.insource.co.jp/newcomer/newcomer_top.html,/shinjin/,/shinjin/design-logical-thinging.html/,792,https://www.insource.co.jp/shinjin/design-logical-thinging.html,2026-09-03T03:18:29.157772+00:00,
https://www.insource.co.jp/bup/nikkei_suji_shinjin.html,【研修セミナー公開講座】（新入社員・新社会人向け）会社の数字の見方と新聞の読み方研修- 株式会社インソース,（新入社員・新社会人向け）会社の数字の見方と新聞の読み方研修,200,text/html; charset=UTF-8,https://www.insource.co.jp/bup/nikkei_suji_shinjin.html,,2,https://www.insource.co.jp/newcomer/newcomer_top.html,/bup/,/bup/nikkei_suji_shinjin.html/,1690,https://www.insource.co.jp/bup/nikkei_suji_shinjin.html,2026-09-03T03:18:30.783976+00:00,
https://www.insource.co.jp/bup/bup_financialaffairs.html,【研修セミナー公開講座】会社のしくみを知る研修～お金の流れから企業活動を理解する- 株式会社インソース,会社のしくみを知る研修～お金の流れから企業活動を理解する,200,text/html; charset=UTF-8,https://www.insource.co.jp/bup/bup_financialaffairs.html,,2,https://www.insource.co.jp/newcomer/newcomer_top.html,/bup/,/bup/bup_financialaffairs.html/,1913,https://www.insource.co.jp/bup/bup_financialaffairs.html,2026-09-03T03:18:33.346837+00:00,
https://www.insource.co.jp/bup/financial_literacy.html,【研修セミナー公開講座】（新入社員・新社会人向け）金融リテラシー向上研修～お金の基礎知識を習得する- 株式会社インソース,（新入社員・新社会人向け）金融リテラシー向上研修～お金の基礎知識を習得する,200,text/html; charset=UTF-8,https://www.insource.co.jp/bup/financial_literacy.html,,2,https://www.insource.co.jp/newcomer/newcomer_top.html,/bup/,/bup/financial_literacy.html/,1622,https://www.insource.co.jp/bup/financial_literacy.html,2026-09-03T03:18:36.192317+00:00,
https://www.insource.co.jp/logicalthinking/consulting_thinking.html,（新入社員・新社会人向け）コンサル流の考え方と資料作成術研修（１日間）:現場で使える研修ならインソース,（新入社員・新社会人向け）コンサル流の考え方と資料作成術研修（１日間）,200,text/html; charset=UTF-8,https://www.insource.co.jp/logicalthinking/consulting_thinking.html,,2,https://www.insource.co.jp/newcomer/newcomer_top.html,/logicalthinking/,/logicalthinking/consulting_thinking.html/,1085,https://www.insource.co.jp/logicalthinking/consulting_thinking.html,2026-09-03T03:18:38.842047+00:00,
https://www.insource.co.jp/shinjin/resilience-change-mind.html,新人向けレジリエンス向上研修～社会人の基礎力と成長マインドを身につける（１日間）:現場で使える研修ならインソース,新人向けレジリエンス向上研修～社会人の基礎力と成長マインドを身につける（１日間）,200,text/html; charset=UTF-8,https://www.insource.co.jp/shinjin/resilience-change-mind.html,,2,https://www.insource.co.jp/newcomer/newcomer_top.html,/shinjin/,/shinjin/resilience-change-mind.html/,804,https://www.insource.co.jp/shinjin/resilience-change-mind.html,2026-09-03T03:18:40.780387+00:00,
https://www.insource.co.jp/shinjin/resilience.html,新人向けレジリエンス向上研修～失敗をチャンスに変える編（２日間）:現場で使える研修ならインソース,新人向けレジリエンス向上研修～失敗をチャンスに変える編（２日間）,200,text/html; charset=UTF-8,https://www.insource.co.jp/shinjin/resilience.html,,2,https://www.insource.co.jp/newcomer/newcomer_top.html,/shinjin/,/shinjin/resilience.html/,767,https://www.insource.co.jp/shinjin/resilience.html,2026-09-03T03:18:42.413611+00:00,
https://www.insource.co.jp/shinjin/mentaltoughness-giraffe.html,新入社員向けメンタルタフネス研修～giraffeを活用し自己理解を深める（半日間）:現場で使える研修ならインソース,新入社員向けメンタルタフネス研修～giraffeを活用し自己理解を深める（半日間）,200,text/html; charset=UTF-8,https://www.insource.co.jp/shinjin/mentaltoughness-giraffe.html,,2,https://www.insource.co.jp/newcomer/newcomer_top.html,/shinjin/,/shinjin/mentaltoughness-giraffe.html/,802,https://www.insource.co.jp/shinjin/mentaltoughness-giraffe.html,2026-09-03T03:18:44.011913+00:00,
https://www.insource.co.jp/shinjin/mental-health-teamwork.html,新人向けメンタルヘルス研修～チームワークでストレスに立ち向かう編（１日間）:現場で使える研修ならインソース,新人向けメンタルヘルス研修～チームワークでストレスに立ち向かう編（１日間）,200,text/html; charset=UTF-8,https://www.insource.co.jp/shinjin/mental-health-teamwork.html,,2,https://www.insource.co.jp/newcomer/newcomer_top.html,/shinjin/,/shinjin/mental-health-teamwork.html/,780,https://www.insource.co.jp/shinjin/mental-health-teamwork.html,2026-09-03T03:18:45.638602+00:00,
https://www.insource.co.jp/shinjin/mental-toughness.html,新人向けメンタルタフネス研修～壁を乗り越え、主体性を発揮する編（１日間）:現場で使える研修ならインソース,新人向けメンタルタフネス研修～壁を乗り越え、主体性を発揮する編（１日間）,200,text/html; charset=UTF-8,https://www.insource.co.jp/shinjin/mental-toughness.html,,2,https://www.insource.co.jp/newcomer/newcomer_top.html,/shinjin/,/shinjin/mental-toughness.html/,800,https://www.insource.co.jp/shinjin/mental-toughness.html,2026-09-03T03:18:47.429487+00:00,
https://www.insource.co.jp/business-mind/purpose_into_action.html,新人・若手向けビジネスマインド研修～理念理解と経験学習で成長基盤を築く（半日間）:現場で使える研修ならインソース,新人・若手向けビジネスマインド研修～理念理解と経験学習で成長基盤を築く（半日間）,200,text/html; charset=UTF-8,https://www.insource.co.jp/business-mind/purpose_into_action.html,,2,https://www.insource.co.jp/newcomer/newcomer_top.html,/business-mind/,/business-mind/purpose_into_action.html/,1242,https://www.insource.co.jp/business-mind/purpose_into_action.html,2026-09-03T03:18:49.059504+00:00,
https://www.insource.co.jp/bup/bup_leadership-followership.html,【研修セミナー公開講座】（新入社員・新社会人向け）チームで成果を生み出すリーダーシップ＆フォロワーシップ研修- 株式会社インソース,（新入社員・新社会人向け）チームで成果を生み出すリーダーシップ＆フォロワーシップ研修,200,text/html; charset=UTF-8,https://www.insource.co.jp/bup/bup_leadership-followership.html,,2,https://www.insource.co.jp/newcomer/newcomer_top.html,/bup/,/bup/bup_leadership-followership.html/,1720,https://www.insource.co.jp/bup/bup_leadership-followership.html,2026-09-03T03:18:51.154813+00:00,
https://www.insource.co.jp/bup/bup-newcomer_excel.html,【研修セミナー公開講座】（半日研修）（新入社員・新社会人向け）Excel研修～実践を通してExcelの基本操作を学ぶ- 株式会社インソース,（半日研修）（新入社員・新社会人向け）Excel研修～実践を通してExcelの基本操作を学ぶ,200,text/html; charset=UTF-8,https://www.insource.co.jp/bup/bup-newcomer_excel.html,,2,https://www.insource.co.jp/newcomer/newcomer_top.html,/bup/,/bup/bup-newcomer_excel.html/,1715,https://www.insource.co.jp/bup/bup-newcomer_excel.html,2026-09-03T03:18:53.744969+00:00,
https://www.insource.co.jp/bup/bup_newcomer_excel.html,【研修セミナー公開講座】（新入社員・新社会人向け）Microsoft Office研修～Excel基礎編- 株式会社インソース,（新入社員・新社会人向け）Microsoft Office研修～Excel基礎編,200,text/html; charset=UTF-8,https://www.insource.co.jp/bup/bup_newcomer_excel.html,,2,https://www.insource.co.jp/newcomer/newcomer_top.html,/bup/,/bup/bup_newcomer_excel.html/,1655,https://www.insource.co.jp/bup/bup_newcomer_excel.html,2026-09-03T03:18:56.489737+00:00,
https://www.insource.co.jp/bup/bup_new_employee_excel_levelup.html,【研修セミナー公開講座】（新入社員・新社会人向け）Microsoft Office研修～Excel応用編- 株式会社インソース,（新入社員・新社会人向け）Microsoft Office研修～Excel応用編,200,text/html; charset=UTF-8,https://www.insource.co.jp/bup/bup_new_employee_excel_levelup.html,,2,https://www.insource.co.jp/newcomer/newcomer_top.html,/bup/,/bup/bup_new_employee_excel_levelup.html/,1676,https://www.insource.co.jp/bup/bup_new_employee_excel_levelup.html,2026-09-03T03:18:59.016735+00:00,
https://www.insource.co.jp/bup/bup_powerpoint_doc.html,【研修セミナー公開講座】パワーポイント資料の作り方研修～プレゼンを見据えた操作技術を学ぶ- 株式会社インソース,パワーポイント資料の作り方研修～プレゼンを見据えた操作技術を学ぶ,200,text/html; charset=UTF-8,https://www.insource.co.jp/bup/bup_powerpoint_doc.html,,2,https://www.insource.co.jp/newcomer/newcomer_top.html,/bup/,/bup/bup_powerpoint_doc.html/,1669,https://www.insource.co.jp/bup/bup_powerpoint_doc.html,2026-09-03T03:19:01.572491+00:00,
https://www.insource.co.jp/bup/bup_oa_officeword_intro_1day.html,【研修セミナー公開講座】Microsoft Office研修～Word入門編- 株式会社インソース,Microsoft Office研修～Word入門編,200,text/html; charset=UTF-8,https://www.insource.co.jp/bup/bup_oa_officeword_intro_1day.html,,2,https://www.insource.co.jp/newcomer/newcomer_top.html,/bup/,/bup/bup_oa_officeword_intro_1day.html/,1607,https://www.insource.co.jp/bup/bup_oa_officeword_intro_1day.html,2026-09-03T03:19:04.138898+00:00,
https://www.insource.co.jp/newcomer/business_document.html,（新入社員・新社会人向け）ビジネス文書の型で学ぶWord研修（１日間）:現場で使える研修ならインソース,（新入社員・新社会人向け）ビジネス文書の型で学ぶWord研修（１日間）,200,text/html; charset=UTF-8,https://www.insource.co.jp/newcomer/business_document.html,,2,https://www.insource.co.jp/newcomer/newcomer_top.html,/newcomer/,/newcomer/business_document.html/,978,https://www.insource.co.jp/newcomer/business_document.html,2026-09-03T03:19:06.779990+00:00,
https://www.insource.co.jp/oa/oa_officeword_intro.html,じっくり学ぶWord研修～実務で活かせる書類作成スキル（半日間）:現場で使える研修ならインソース,じっくり学ぶWord研修～実務で活かせる書類作成スキル（半日間）,200,text/html; charset=UTF-8,https://www.insource.co.jp/oa/oa_officeword_intro.html,,2,https://www.insource.co.jp/newcomer/newcomer_top.html,/oa/,/oa/oa_officeword_intro.html/,688,https://www.insource.co.jp/oa/oa_officeword_intro.html,2026-09-03T03:19:08.602292+00:00,
https://www.insource.co.jp/bup/bup_it-literacy-for-newcomer.html,【研修セミナー公開講座】（新入社員・新社会人向け）ＩＴリテラシー研修- 株式会社インソース,（新入社員・新社会人向け）ＩＴリテラシー研修,200,text/html; charset=UTF-8,https://www.insource.co.jp/bup/bup_it-literacy-for-newcomer.html,,2,https://www.insource.co.jp/newcomer/newcomer_top.html,/bup/,/bup/bup_it-literacy-for-newcomer.html/,1890,https://www.insource.co.jp/bup/bup_it-literacy-for-newcomer.html,2026-09-03T03:19:10.105503+00:00,
https://www.insource.co.jp/bup/chatgpt-excel-beginner.html,【研修セミナー公開講座】（半日研修）ChatGPT×Excel研修～身近なExcel業務から始めるＡＩ活用- 株式会社インソース,（半日研修）ChatGPT×Excel研修～身近なExcel業務から始めるＡＩ活用,200,text/html; charset=UTF-8,https://www.insource.co.jp/bup/chatgpt-excel-beginner.html,,2,https://www.insource.co.jp/newcomer/newcomer_top.html,/bup/,/bup/chatgpt-excel-beginner.html/,1727,https://www.insource.co.jp/bup/chatgpt-excel-beginner.html,2026-09-03T03:19:12.882134+00:00,
https://www.insource.co.jp/bup/bup_workspace-training.html,【研修セミナー公開講座】（新入社員・新社会人向け）Google Workspace研修～メール・文書・表・スライドを使いこなす- 株式会社インソース,（新入社員・新社会人向け）Google Workspace研修～メール・文書・表・スライドを使いこなす,200,text/html; charset=UTF-8,https://www.insource.co.jp/bup/bup_workspace-training.html,,2,https://www.insource.co.jp/newcomer/newcomer_top.html,/bup/,/bup/bup_workspace-training.html/,1667,https://www.insource.co.jp/bup/bup_workspace-training.html,2026-09-03T03:19:15.486229+00:00,
https://www.insource.co.jp/bup/bup_powerautomate_training.html,【研修セミナー公開講座】（新入社員・新社会人向け）Power Automate研修～業務自動化スキルを身につける- 株式会社インソース,（新入社員・新社会人向け）Power Automate研修～業務自動化スキルを身につける,200,text/html; charset=UTF-8,https://www.insource.co.jp/bup/bup_powerautomate_training.html,,2,https://www.insource.co.jp/newcomer/newcomer_top.html,/bup/,/bup/bup_powerautomate_training.html/,1646,https://www.insource.co.jp/bup/bup_powerautomate_training.html,2026-09-03T03:19:18.198641+00:00,
https://www.insource.co.jp/bup/bup_powerautomatedesktop_excel.html,【研修セミナー公開講座】（新入社員・新社会人向け）Power Automate Desktop研修～Excel自動化編- 株式会社インソース,（新入社員・新社会人向け）Power Automate Desktop研修～Excel自動化編,200,text/html; charset=UTF-8,https://www.insource.co.jp/bup/bup_powerautomatedesktop_excel.html,,2,https://www.insource.co.jp/newcomer/newcomer_top.html,/bup/,/bup/bup_powerautomatedesktop_excel.html/,1742,https://www.insource.co.jp/bup/bup_powerautomatedesktop_excel.html,2026-09-03T03:19:20.697925+00:00,
https://www.insource.co.jp/bup/newcomer_python_programming.html,【研修セミナー公開講座】（新入社員・新社会人向け）Python学院～Excelの自動操作から業務効率化を学ぶ（２日間）- 株式会社インソース,（新入社員・新社会人向け）Python学院～Excelの自動操作から業務効率化を学ぶ（２日間）,200,text/html; charset=UTF-8,https://www.insource.co.jp/bup/newcomer_python_programming.html,,2,https://www.insource.co.jp/newcomer/newcomer_top.html,/bup/,/bup/newcomer_python_programming.html/,1899,https://www.insource.co.jp/bup/newcomer_python_programming.html,2026-09-03T03:19:23.320347+00:00,
https://www.insource.co.jp/bup/bup_shinjin_python.html,【研修セミナー公開講座】（新入社員・新社会人向け）Python学院～短期集中講座／未経験からExcel操作とスクレイピングに取り組む（５日間）- 株式会社インソース,（新入社員・新社会人向け）Python学院～短期集中講座／未経験からExcel操作とスクレイピングに取り組む（５日間）,200,text/html; charset=UTF-8,https://www.insource.co.jp/bup/bup_shinjin_python.html,,2,https://www.insource.co.jp/newcomer/newcomer_top.html,/bup/,/bup/bup_shinjin_python.html/,2161,https://www.insource.co.jp/bup/bup_shinjin_python.html,2026-09-03T03:19:26.112820+00:00,
https://www.insource.co.jp/bup/bup_iot_training.html,【研修セミナー公開講座】（新入社員・新社会人向け）IoT入門研修～見えないデータを可視化する（３日間）- 株式会社インソース,（新入社員・新社会人向け）IoT入門研修～見えないデータを可視化する（３日間）,200,text/html; charset=UTF-8,https://www.insource.co.jp/bup/bup_iot_training.html,,2,https://www.insource.co.jp/newcomer/newcomer_top.html,/bup/,/bup/bup_iot_training.html/,1568,https://www.insource.co.jp/bup/bup_iot_training.html,2026-09-03T03:19:29.357650+00:00,
https://www.insource.co.jp/bup/bup_programming-for-sales.html,【研修セミナー公開講座】（新入社員・新社会人向け）システム営業担当者のためのプログラミング体験研修（５日間）- 株式会社インソース,（新入社員・新社会人向け）システム営業担当者のためのプログラミング体験研修（５日間）,200,text/html; charset=UTF-8,https://www.insource.co.jp/bup/bup_programming-for-sales.html,,2,https://www.insource.co.jp/newcomer/newcomer_top.html,/bup/,/bup/bup_programming-for-sales.html/,1642,https://www.insource.co.jp/bup/bup_programming-for-sales.html,2026-09-03T03:19:31.777182+00:00,
https://www.insource.co.jp/bup/bup_office-communication.html,【研修セミナー公開講座】（新入社員・新社会人向け）配属前研修～現場のコミュニケーション力を身に付ける- 株式会社インソース,（新入社員・新社会人向け）配属前研修～現場のコミュニケーション力を身に付ける,200,text/html; charset=UTF-8,https://www.insource.co.jp/bup/bup_office-communication.html,,2,https://www.insource.co.jp/newcomer/newcomer_top.html,/bup/,/bup/bup_office-communication.html/,2021,https://www.insource.co.jp/bup/bup_office-communication.html,2026-09-03T03:19:35.945259+00:00,
https://www.insource.co.jp/bup/bup_shinjin5.html,【研修セミナー公開講座】新人フォロー研修～実務を振り返り仕事の進め方をブラッシュアップする- 株式会社インソース,新人フォロー研修～実務を振り返り仕事の進め方をブラッシュアップする,200,text/html; charset=UTF-8,https://www.insource.co.jp/bup/bup_shinjin5.html,,2,https://www.insource.co.jp/newcomer/newcomer_top.html,/bup/,/bup/bup_shinjin5.html/,1604,https://www.insource.co.jp/bup/bup_shinjin5.html,2026-09-03T03:19:38.844746+00:00,
https://www.insource.co.jp/shinjin/follow_jissen.html,新人フォロー研修～仕事の悩み解決編（１日間）:現場で使える研修ならインソース,新人フォロー研修～仕事の悩み解決編（１日間）,200,text/html; charset=UTF-8,https://www.insource.co.jp/shinjin/follow_jissen.html,,2,https://www.insource.co.jp/newcomer/newcomer_top.html,/shinjin/,/shinjin/follow_jissen.html/,743,https://www.insource.co.jp/shinjin/follow_jissen.html,2026-09-03T03:19:41.317393+00:00,
https://www.insource.co.jp/resilience/challenging_power.html,（新人・若手向け）挑戦力向上研修～失敗を武器に変える（４時間）:現場で使える研修ならインソース,（新人・若手向け）挑戦力向上研修～失敗を武器に変える（４時間）,200,text/html; charset=UTF-8,https://www.insource.co.jp/resilience/challenging_power.html,,2,https://www.insource.co.jp/newcomer/newcomer_top.html,/resilience/,/resilience/challenging_power.html/,1108,https://www.insource.co.jp/resilience/challenging_power.html,2026-09-03T03:19:42.880205+00:00,
https://www.insource.co.jp/bup/bup-shinjin-motivation.html,【研修セミナー公開講座】社会人１年目・２年目ステップアップ研修～モチベーション向上編- 株式会社インソース,社会人１年目・２年目ステップアップ研修～モチベーション向上編,200,text/html; charset=UTF-8,https://www.insource.co.jp/bup/bup-shinjin-motivation.html,,2,https://www.insource.co.jp/newcomer/newcomer_top.html,/bup/,/bup/bup-shinjin-motivation.html/,1875,https://www.insource.co.jp/bup/bup-shinjin-motivation.html,2026-09-03T03:19:44.837168+00:00,
https://www.insource.co.jp/bup/bup_hourensou-workshop.html,【研修セミナー公開講座】（新入社員・新社会人向け）ホウ・レン・ソウ体感ワークショップ- 株式会社インソース,（新入社員・新社会人向け）ホウ・レン・ソウ体感ワークショップ,200,text/html; charset=UTF-8,https://www.insource.co.jp/bup/bup_hourensou-workshop.html,,2,https://www.insource.co.jp/newcomer/newcomer_top.html,/bup/,/bup/bup_hourensou-workshop.html/,1823,https://www.insource.co.jp/bup/bup_hourensou-workshop.html,2026-09-03T03:19:47.794646+00:00,
https://www.insource.co.jp/bup/bup_scenario-planning-workshop.html,【研修セミナー公開講座】（新入社員・新社会人向け）未来のシナリオ策定ワークショップ～業界の歴史と向き合い、社会人としての責務を自覚する- 株式会社インソース,（新入社員・新社会人向け）未来のシナリオ策定ワークショップ～業界の歴史と向き合い、社会人としての責務を自覚する,200,text/html; charset=UTF-8,https://www.insource.co.jp/bup/bup_scenario-planning-workshop.html,,2,https://www.insource.co.jp/newcomer/newcomer_top.html,/bup/,/bup/bup_scenario-planning-workshop.html/,1613,https://www.insource.co.jp/bup/bup_scenario-planning-workshop.html,2026-09-03T03:19:50.495903+00:00,
https://www.insource.co.jp/mondaikaiketu/mondaikaiketu_essence.html,問題解決研修～本質を捉える思考力を身につける（１日間）:現場で使える研修ならインソース,問題解決研修～本質を捉える思考力を身につける（１日間）,200,text/html; charset=UTF-8,https://www.insource.co.jp/mondaikaiketu/mondaikaiketu_essence.html,,2,https://www.insource.co.jp/newcomer/newcomer_top.html,/mondaikaiketu/,/mondaikaiketu/mondaikaiketu_essence.html/,787,https://www.insource.co.jp/mondaikaiketu/mondaikaiketu_essence.html,2026-09-03T03:19:52.982444+00:00,
https://www.insource.co.jp/shinjin/torisetsu-woldcafe.html,新人のためのチームビルディング研修～トリセツとワールドカフェで同期の絆を強くする（１日間）:現場で使える研修ならインソース,新人のためのチームビルディング研修～トリセツとワールドカフェで同期の絆を強くする（１日間）,200,text/html; charset=UTF-8,https://www.insource.co.jp/shinjin/torisetsu-woldcafe.html,,2,https://www.insource.co.jp/newcomer/newcomer_top.html,/shinjin/,/shinjin/torisetsu-woldcafe.html/,1035,https://www.insource.co.jp/shinjin/torisetsu-woldcafe.html,2026-09-03T03:19:54.602966+00:00,
https://www.insource.co.jp/kenshu/torisetsu-work.html,チームと相互理解を深める自分のトリセツワークショップ～一緒に仕事をしていく上で知っておいて欲しいことを共有する（１日間）:現場で使える研修ならインソース,チームと相互理解を深める自分のトリセツワークショップ～一緒に仕事をしていく上で知っておいて欲しいことを共有する（１日間）,200,text/html; charset=UTF-8,https://www.insource.co.jp/kenshu/torisetsu-work.html,,2,https://www.insource.co.jp/newcomer/newcomer_top.html,/kenshu/,/kenshu/torisetsu-work.html/,788,https://www.insource.co.jp/kenshu/torisetsu-work.html,2026-09-03T03:19:56.646030+00:00,
https://www.insource.co.jp/dougahyakkaten/sleep-condition.html,新入社員のための健康マネジメント〜睡眠から始めるコンディションづくり:eラーニング・動画教材での研修もインソース,新入社員のための健康マネジメント〜睡眠から始めるコンディションづくり,200,text/html; charset=UTF-8,https://www.insource.co.jp/dougahyakkaten/sleep-condition.html,,2,https://www.insource.co.jp/newcomer/newcomer_top.html,/dougahyakkaten/,/dougahyakkaten/sleep-condition.html/,668,https://www.insource.co.jp/dougahyakkaten/sleep-condition.html,2026-09-03T03:19:58.258584+00:00,
https://www.insource.co.jp/shinjin/text_sales_10point.html,新人研修テキスト・資料｜できるビジネスパーソン10の心得販売:研修会社インソース～講師派遣研修／公開講座の研修,,200,text/html; charset=UTF-8,https://www.insource.co.jp/shinjin/text_sales_10point.html,,2,https://www.insource.co.jp/newcomer/newcomer_top.html,/shinjin/,/shinjin/text_sales_10point.html/,670,https://www.insource.co.jp/shinjin/text_sales_10point.html,2026-09-03T03:19:59.723610+00:00,
https://www.insource.co.jp/kenshu/excel-basic_text_sales.html,Microsoft Office研修～Excel基礎編テキスト｜テキスト販売:研修会社インソース～講師派遣研修／公開講座の研修,,200,text/html; charset=UTF-8,https://www.insource.co.jp/kenshu/excel-basic_text_sales.html,,2,https://www.insource.co.jp/newcomer/newcomer_top.html,/kenshu/,/kenshu/excel-basic_text_sales.html/,658,https://www.insource.co.jp/kenshu/excel-basic_text_sales.html,2026-09-03T03:20:01.207480+00:00,
https://www.insource.co.jp/kenshu/excel-levelup_text_sales.html,Microsoft Office研修～Excel応用編テキスト｜テキスト販売:研修会社インソース～講師派遣研修／公開講座の研修,,200,text/html; charset=UTF-8,https://www.insource.co.jp/kenshu/excel-levelup_text_sales.html,,2,https://www.insource.co.jp/newcomer/newcomer_top.html,/kenshu/,/kenshu/excel-levelup_text_sales.html/,667,https://www.insource.co.jp/kenshu/excel-levelup_text_sales.html,2026-09-03T03:20:02.675325+00:00,
https://www.insource.co.jp/kenshu/powerpoint-text_sales.html,Microsoft Office研修～PowerPoint基礎テキスト｜テキスト販売:研修会社インソース～講師派遣研修／公開講座の研修,,200,text/html; charset=UTF-8,https://www.insource.co.jp/kenshu/powerpoint-text_sales.html,,2,https://www.insource.co.jp/newcomer/newcomer_top.html,/kenshu/,/kenshu/powerpoint-text_sales.html/,630,https://www.insource.co.jp/kenshu/powerpoint-text_sales.html,2026-09-03T03:20:04.152132+00:00,
https://www.insource.co.jp/set/businessmanar_tsushintensaku/application.html,（内定者・新社会人向け）確認テスト付きビジネス基礎講座テキスト販売<br>～確認テスト＜応用編＞:現場で使える研修ならインソース,（内定者・新社会人向け）確認テスト付きビジネス基礎講座テキスト販売 ～確認テスト＜応用編＞,200,text/html; charset=UTF-8,https://www.insource.co.jp/set/businessmanar_tsushintensaku/application.html,,2,https://www.insource.co.jp/newcomer/newcomer_top.html,/set/,/set/businessmanar_tsushintensaku/,815,https://www.insource.co.jp/set/businessmanar_tsushintensaku/application.html,2026-09-03T03:20:05.770941+00:00,
https://www.insource.co.jp/insource_syakaijin.html,【主催者JTBをご紹介】体験型人材育成プログラム「The 社会人道」:研修会社インソース～講師派遣研修／公開講座の研修,体験型人材育成プログラム～The 社会人道,200,text/html; charset=UTF-8,https://www.insource.co.jp/insource_syakaijin.html,,2,https://www.insource.co.jp/newcomer/newcomer_top.html,/insource_syakaijin.html/,,622,https://www.insource.co.jp/insource_syakaijin.html,2026-09-03T03:20:07.370661+00:00,
https://www.insource.co.jp/insource_yorumori.html,よる森－内省と対話の五感CAMP（五感研修「よる森」と「Will」）:研修会社インソース～講師派遣研修／公開講座の研修,,200,text/html; charset=UTF-8,https://www.insource.co.jp/insource_yorumori.html,,2,https://www.insource.co.jp/newcomer/newcomer_top.html,/insource_yorumori.html/,,635,https://www.insource.co.jp/insource_yorumori.html,2026-09-03T03:20:08.754595+00:00,
https://www.insource.co.jp/bup/bup_tamagawa_adventure.html,(新人・若手向け)「アドベンチャーセミナー」 ～ Tamagawa Adventure Program【公開講座】- 株式会社インソース,,200,text/html; charset=UTF-8,https://www.insource.co.jp/bup/bup_tamagawa_adventure.html,,2,https://www.insource.co.jp/newcomer/newcomer_top.html,/bup/,/bup/bup_tamagawa_adventure.html/,659,https://www.insource.co.jp/bup/bup_tamagawa_adventure.html,2026-09-03T03:20:10.137393+00:00,
https://www.insource.co.jp/ihl/250603_bup_shinjin5.html,"新人を「自立型人材」へ ～成長の分岐点を組織で支援する｜社員研修,教育 職員研修 人材育成ならインソース",新人を「自立型人材」へ ～成長の分岐点を組織で支援する,200,text/html; charset=UTF-8,https://www.insource.co.jp/ihl/250603_bup_shinjin5.html,,2,https://www.insource.co.jp/newcomer/newcomer_top.html,/ihl/,/ihl/250603_bup_shinjin5.html/,739,https://www.insource.co.jp/ihl/250603_bup_shinjin5.html,2026-09-03T03:20:11.591972+00:00,
https://www.insource.co.jp/contents/newcomer-training.html,"新人研修の目的と内容～早期戦力化・離職防止に必要な「基本研修」と「新人の傾向」を織り交ぜた研修設計 - 社員研修,教育 職員研修 人材育成ならインソース",,200,text/html; charset=UTF-8,https://www.insource.co.jp/contents/newcomer-training.html,,2,https://www.insource.co.jp/newcomer/newcomer_top.html,/contents/,/contents/newcomer-training.html/,674,https://www.insource.co.jp/contents/newcomer-training.html,2026-09-03T03:20:13.105170+00:00,
https://www.insource.co.jp/ihl/250903_naiteisya_manner.html,"名刺交換のマナーと流れを徹底解説～「できる社会人」の名刺の扱い方と第一印象をよくするポイント｜社員研修,教育 職員研修 人材育成ならインソース",名刺交換のマナーと流れを徹底解説～「できる社会人」の名刺の扱い方と第一印象をよくするポイント,200,text/html; charset=UTF-8,https://www.insource.co.jp/ihl/250903_naiteisya_manner.html,,2,https://www.insource.co.jp/newcomer/newcomer_top.html,/ihl/,/ihl/250903_naiteisya_manner.html/,1141,https://www.insource.co.jp/ihl/250903_naiteisya_manner.html,2026-09-03T03:20:14.560143+00:00,
https://www.insource.co.jp/ihl/251021_problemsolving_firstyear.html,"「初めてなのでわかりません...」と言わない新入社員を育てる～トラブル対応のケーススタディで学ぶ問題解決力｜社員研修,教育 職員研修 人材育成ならインソース",「初めてなのでわかりません...」と言わない新入社員を育てる～トラブル対応のケーススタディで学ぶ問題解決力,200,text/html; charset=UTF-8,https://www.insource.co.jp/ihl/251021_problemsolving_firstyear.html,,2,https://www.insource.co.jp/newcomer/newcomer_top.html,/ihl/,/ihl/251021_problemsolving_firstyear.html/,970,https://www.insource.co.jp/ihl/251021_problemsolving_firstyear.html,2026-09-03T03:20:16.476850+00:00,
https://www.insource.co.jp/ihl/251118_bup_shinjin_resilience.html,"新卒営業でも怖くない「失敗目標」の使い方～断られる経験を成長に変える｜社員研修,教育 職員研修 人材育成ならインソース",新卒営業でも怖くない「失敗目標」の使い方～断られる経験を成長に変える,200,text/html; charset=UTF-8,https://www.insource.co.jp/ihl/251118_bup_shinjin_resilience.html,,2,https://www.insource.co.jp/newcomer/newcomer_top.html,/ihl/,/ihl/251118_bup_shinjin_resilience.html/,800,https://www.insource.co.jp/ihl/251118_bup_shinjin_resilience.html,2026-09-03T03:20:18.406968+00:00,
https://www.insource.co.jp/ihl/251022_insource_syakaijin.html,"入社直後のチームワーク体験で、協働の意識を定着させる～体験型研修で、新人の早期活躍を支援する｜社員研修,教育 職員研修 人材育成ならインソース",入社直後のチームワーク体験で、協働の意識を定着させる～体験型研修で、新人の早期活躍を支援する,200,text/html; charset=UTF-8,https://www.insource.co.jp/ihl/251022_insource_syakaijin.html,,2,https://www.insource.co.jp/newcomer/newcomer_top.html,/ihl/,/ihl/251022_insource_syakaijin.html/,736,https://www.insource.co.jp/ihl/251022_insource_syakaijin.html,2026-09-03T03:20:19.981424+00:00,
https://www.insource.co.jp/shinjin/sh_bussinesskiso.html,新入社員研修～ビジネス基礎「チームで働ける新人になる編」（２日間）:現場で使える研修ならインソース,新入社員研修～ビジネス基礎「チームで働ける新人になる編」（２日間）,200,text/html; charset=UTF-8,https://www.insource.co.jp/shinjin/sh_bussinesskiso.html,,2,https://www.insource.co.jp/newcomer/newcomer_top.html,/shinjin/,/shinjin/sh_bussinesskiso.html/,987,https://www.insource.co.jp/shinjin/sh_bussinesskiso.html,2026-09-03T03:20:21.493258+00:00,
https://www.insource.co.jp/shinjin/businessbunsho.html,新人のためのビジネス文書研修（１日間）:現場で使える研修ならインソース,新人のためのビジネス文書研修（１日間）,200,text/html; charset=UTF-8,https://www.insource.co.jp/shinjin/businessbunsho.html,,2,https://www.insource.co.jp/newcomer/newcomer_top.html,/shinjin/,/shinjin/businessbunsho.html/,792,https://www.insource.co.jp/shinjin/businessbunsho.html,2026-09-03T03:20:23.349710+00:00,
https://www.insource.co.jp/shinjin/newcomer_hourensou.html,（新入社員・新社会人向け）コミュニケーション研修～デキる「ホウ・レン・ソウ」（１日間）:現場で使える研修ならインソース,（新入社員・新社会人向け）コミュニケーション研修～デキる「ホウ・レン・ソウ」（１日間）,200,text/html; charset=UTF-8,https://www.insource.co.jp/shinjin/newcomer_hourensou.html,,2,https://www.insource.co.jp/newcomer/newcomer_top.html,/shinjin/,/shinjin/newcomer_hourensou.html/,1029,https://www.insource.co.jp/shinjin/newcomer_hourensou.html,2026-09-03T03:20:24.983883+00:00,
https://www.insource.co.jp/shinjin/sh_rojikaru.html,新人向けロジカルシンキング研修～自分で考え行動する編（１日間）:現場で使える研修ならインソース,新人向けロジカルシンキング研修～自分で考え行動する編（１日間）,200,text/html; charset=UTF-8,https://www.insource.co.jp/shinjin/sh_rojikaru.html,,2,https://www.insource.co.jp/newcomer/newcomer_top.html,/shinjin/,/shinjin/sh_rojikaru.html/,789,https://www.insource.co.jp/shinjin/sh_rojikaru.html,2026-09-03T03:20:26.849217+00:00,
https://www.insource.co.jp/skill-oa-it/kenshu/pckenshu_top/newcomer-office.html,（新入社員・新社会人向け）ExcelとPowerPoint基礎研修（１日間）:現場で使える研修ならインソース,（新入社員・新社会人向け）ExcelとPowerPoint基礎研修（１日間）,200,text/html; charset=UTF-8,https://www.insource.co.jp/skill-oa-it/kenshu/pckenshu_top/newcomer-office.html,,2,https://www.insource.co.jp/newcomer/newcomer_top.html,/skill-oa-it/,/skill-oa-it/kenshu/,778,https://www.insource.co.jp/skill-oa-it/kenshu/pckenshu_top/newcomer-office.html,2026-09-03T03:20:28.470878+00:00,
https://www.insource.co.jp/shinjin/shinjinfollow_top.html,新入社員フォロー研修 | 現場で使える研修ならインソース,新入社員フォロー研修 | 現場で使える研修ならインソース,200,text/html; charset=UTF-8,https://www.insource.co.jp/shinjin/shinjinfollow_top.html,,2,https://www.insource.co.jp/newcomer/newcomer_top.html,/shinjin/,/shinjin/shinjinfollow_top.html/,878,https://www.insource.co.jp/shinjin/shinjinfollow_top.html,2026-09-03T03:20:30.294811+00:00,
https://www.insource.co.jp/shinjin/sh_bussiness_basic3.html,新入社員研修～ビジネス基礎「実践ワークで完璧マスター編」（３日間）:現場で使える研修ならインソース,新入社員研修～ビジネス基礎「実践ワークで完璧マスター編」（３日間）,200,text/html; charset=UTF-8,https://www.insource.co.jp/shinjin/sh_bussiness_basic3.html,,2,https://www.insource.co.jp/newcomer/newcomer_top.html,/shinjin/,/shinjin/sh_bussiness_basic3.html/,1088,https://www.insource.co.jp/shinjin/sh_bussiness_basic3.html,2026-09-03T03:20:31.984468+00:00,
https://www.insource.co.jp/over_the_wall/shinjin_4wall.html,新人フォロー研修～２年目に向けて４つの壁を乗り越える（１日間）:現場で使える研修ならインソース,新人フォロー研修～２年目に向けて４つの壁を乗り越える（１日間）,200,text/html; charset=UTF-8,https://www.insource.co.jp/over_the_wall/shinjin_4wall.html,,2,https://www.insource.co.jp/newcomer/newcomer_top.html,/over_the_wall/,/over_the_wall/shinjin_4wall.html/,1095,https://www.insource.co.jp/over_the_wall/shinjin_4wall.html,2026-09-03T03:20:33.939256+00:00,
https://www.insource.co.jp/kyoiku/remind.html,研修効果を高める「研修呼び覚まシステム」:研修会社インソース～講師派遣研修／公開講座の研修,,200,text/html; charset=UTF-8,https://www.insource.co.jp/kyoiku/remind.html,,2,https://www.insource.co.jp/newcomer/newcomer_top.html,/kyoiku/,/kyoiku/remind.html/,636,https://www.insource.co.jp/kyoiku/remind.html,2026-09-03T03:20:35.874145+00:00,
https://www.insource.co.jp/kyoiku/faq/middle_newcomer_newcomer_top.html,新入社員研修 全力Q&A:現場で使える研修ならインソース,,200,text/html; charset=UTF-8,https://www.insource.co.jp/kyoiku/faq/middle_newcomer_newcomer_top.html,,2,https://www.insource.co.jp/newcomer/newcomer_top.html,/kyoiku/,/kyoiku/faq/,689,https://www.insource.co.jp/kyoiku/faq/middle_newcomer_newcomer_top.html,2026-09-03T03:20:37.270244+00:00,
https://www.insource.co.jp/municipality/faq/index.html,官公庁・自治体向け 全力Q&A:研修会社インソース～講師派遣研修／公開講座の研修,,200,text/html; charset=UTF-8,https://www.insource.co.jp/municipality/faq/index.html,,2,https://www.insource.co.jp/municipality/index.html,/municipality/,/municipality/faq/,671,https://www.insource.co.jp/municipality/faq/index.html,2026-09-03T03:20:38.698983+00:00,
https://www.insource.co.jp/it-tool/local_government_stresscheck.html,ストレスチェック運用支援サービス～行政向け | 人事サポートシステム・LMS「Leafシリーズ」,,200,text/html; charset=UTF-8,https://www.insource.co.jp/it-tool/local_government_stresscheck.html,,2,https://www.insource.co.jp/municipality/index.html,/it-tool/,/it-tool/local_government_stresscheck.html/,681,https://www.insource.co.jp/it-tool/local_government_stresscheck.html,2026-09-03T03:20:40.344052+00:00,
https://www.insource.co.jp/gaiyo/news26020601.html,"2026.02.06 埼玉県「令和７年度BI ツールに係る県職員向け研修事業業務委託」を受託 ～Power BI 研修動画とハンズオン研修で職員のデータ利活用を支援 - 社員研修,教育 職員研修 人材育成ならインソース",埼玉県「令和７年度BI ツールに係る県職員向け研修事業業務委託」を受託 ～Power BI 研修動画とハンズオン研修で職員のデータ利活用を支援,200,text/html; charset=UTF-8,https://www.insource.co.jp/gaiyo/news26020601.html,,2,https://www.insource.co.jp/municipality/index.html,/gaiyo/,/gaiyo/news26020601.html/,654,https://www.insource.co.jp/gaiyo/news26020601.html,2026-09-03T03:20:41.797969+00:00,
https://www.insource.co.jp/gaiyo/news26012801.html,"2026.01.28 老舗茶舗はどのように世界へ挑んだのか－「辻利茶舗」代表がオンライン登壇 ～第４回「海外展開セミナー集中講座」(福岡県主催)２月27 日開催 - 社員研修,教育 職員研修 人材育成ならインソース",老舗茶舗はどのように世界へ挑んだのか－「辻利茶舗」代表がオンライン登壇 ～第４回「海外展開セミナー集中講座」(福岡県主催)２月27 日開催,200,text/html; charset=UTF-8,https://www.insource.co.jp/gaiyo/news26012801.html,,2,https://www.insource.co.jp/municipality/index.html,/gaiyo/,/gaiyo/news26012801.html/,634,https://www.insource.co.jp/gaiyo/news26012801.html,2026-09-03T03:20:43.201869+00:00,
https://www.insource.co.jp/gaiyo/news251212.html,"2025.12.12 令和８年施行「取適法（旧・下請法）」に対応！動画教材２本を新たに提供 ～法改正ポイントや実務における適正な取引管理をわかりやすく解説 - 社員研修,教育 職員研修 人材育成ならインソース",令和８年施行「取適法（旧・下請法）」に対応！動画教材２本を新たに提供 ～法改正ポイントや実務における適正な取引管理をわかりやすく解説,200,text/html; charset=UTF-8,https://www.insource.co.jp/gaiyo/news251212.html,,2,https://www.insource.co.jp/municipality/index.html,/gaiyo/,/gaiyo/news251212.html/,630,https://www.insource.co.jp/gaiyo/news251212.html,2026-09-03T03:20:44.586699+00:00,
https://www.insource.co.jp/gaiyo/news-municipality.html,"行政（官公庁・自治体）向けニュース - 社員研修,教育 職員研修 人材育成ならインソース",行政（官公庁・自治体）向けニュースリリース,200,text/html; charset=UTF-8,https://www.insource.co.jp/gaiyo/news-municipality.html,,2,https://www.insource.co.jp/municipality/index.html,/gaiyo/,/gaiyo/news-municipality.html/,647,https://www.insource.co.jp/gaiyo/news-municipality.html,2026-09-03T03:20:45.967716+00:00,
https://www.insource.co.jp/kenshu/gyoumukaizen-digital-jichitai.html,行政向けデジタル業務改善研修（１日間）:現場で使える研修ならインソース,行政向けデジタル業務改善研修（１日間）,200,text/html; charset=UTF-8,https://www.insource.co.jp/kenshu/gyoumukaizen-digital-jichitai.html,,2,https://www.insource.co.jp/municipality/index.html,/kenshu/,/kenshu/gyoumukaizen-digital-jichitai.html/,673,https://www.insource.co.jp/kenshu/gyoumukaizen-digital-jichitai.html,2026-09-03T03:20:47.374433+00:00,
https://www.insource.co.jp/it/dx_yoken.html,ＤＸ推進のための要件定義研修（１日間）:現場で使える研修ならインソース,ＤＸ推進のための要件定義研修（１日間）,200,text/html; charset=UTF-8,https://www.insource.co.jp/it/dx_yoken.html,,2,https://www.insource.co.jp/municipality/index.html,/it/,/it/dx_yoken.html/,908,https://www.insource.co.jp/it/dx_yoken.html,2026-09-03T03:20:48.852881+00:00,
https://www.insource.co.jp/dougahyakkaten/data-analysis_ebpm.html,（官公庁・自治体向け）データ分析・活用講座～EBPM実現に向けて基礎スキルを習得する:eラーニング・動画教材での研修もインソース,（官公庁・自治体向け）データ分析・活用講座～EBPM実現に向けて基礎スキルを習得する,200,text/html; charset=UTF-8,https://www.insource.co.jp/dougahyakkaten/data-analysis_ebpm.html,,2,https://www.insource.co.jp/municipality/index.html,/dougahyakkaten/,/dougahyakkaten/data-analysis_ebpm.html/,624,https://www.insource.co.jp/dougahyakkaten/data-analysis_ebpm.html,2026-09-03T03:20:50.594177+00:00,
https://www.insource.co.jp/dougahyakkaten/dx_public.html,（官公庁・自治体向け）DXの基礎理解:eラーニング・動画教材での研修もインソース,（官公庁・自治体向け）DXの基礎理解,200,text/html; charset=UTF-8,https://www.insource.co.jp/dougahyakkaten/dx_public.html,,2,https://www.insource.co.jp/municipality/index.html,/dougahyakkaten/,/dougahyakkaten/dx_public.html/,655,https://www.insource.co.jp/dougahyakkaten/dx_public.html,2026-09-03T03:20:52.010403+00:00,
https://www.insource.co.jp/dougahyakkaten/data_literacy_python.html,【データリテラシーシリーズ】Python入門:eラーニング・動画教材での研修もインソース,【データリテラシーシリーズ】Python入門,200,text/html; charset=UTF-8,https://www.insource.co.jp/dougahyakkaten/data_literacy_python.html,,2,https://www.insource.co.jp/municipality/index.html,/dougahyakkaten/,/dougahyakkaten/data_literacy_python.html/,683,https://www.insource.co.jp/dougahyakkaten/data_literacy_python.html,2026-09-03T03:20:53.645173+00:00,
https://www.insource.co.jp/package/gyousei_dx.html,ＤＸ推進で住民向けサービスの充実化を目指すプラン:現場で使える研修ならインソース,ＤＸ推進で住民向けサービスの充実化を目指すプラン,200,text/html; charset=UTF-8,https://www.insource.co.jp/package/gyousei_dx.html,,2,https://www.insource.co.jp/municipality/index.html,/package/,/package/gyousei_dx.html/,637,https://www.insource.co.jp/package/gyousei_dx.html,2026-09-03T03:20:55.112927+00:00,
https://www.insource.co.jp/package/ebpmdxinnovation.html,ＥＢＰＭ実現のためにＤＸ推進で業務フローを見直すプラン:現場で使える研修ならインソース,ＥＢＰＭ実現のためにＤＸ推進で業務フローを見直すプラン,200,text/html; charset=UTF-8,https://www.insource.co.jp/package/ebpmdxinnovation.html,,2,https://www.insource.co.jp/municipality/index.html,/package/,/package/ebpmdxinnovation.html/,672,https://www.insource.co.jp/package/ebpmdxinnovation.html,2026-09-03T03:20:56.511973+00:00,
https://www.insource.co.jp/jichitai/policy-making.html,行政向け政策形成研修～取り囲む環境の変化を捉え、立案する（１日間）:現場で使える研修ならインソース,行政向け政策形成研修～取り囲む環境の変化を捉え、立案する（１日間）,200,text/html; charset=UTF-8,https://www.insource.co.jp/jichitai/policy-making.html,,2,https://www.insource.co.jp/municipality/index.html,/jichitai/,/jichitai/policy-making.html/,783,https://www.insource.co.jp/jichitai/policy-making.html,2026-09-03T03:20:57.946414+00:00,
https://www.insource.co.jp/jichitai16/customer_harassment.html,行政向けカスタマーハラスメント対策研修（１日間）:現場で使える研修ならインソース,行政向けカスタマーハラスメント対策研修（１日間）,200,text/html; charset=UTF-8,https://www.insource.co.jp/jichitai16/customer_harassment.html,,2,https://www.insource.co.jp/municipality/index.html,/jichitai16/,/jichitai16/customer_harassment.html/,702,https://www.insource.co.jp/jichitai16/customer_harassment.html,2026-09-03T03:20:59.571616+00:00,
https://www.insource.co.jp/ebpm/administration_evaluation.html,行政向けデータ分析・活用研修～ＥＢＰＭの考え方を行政評価に生かす（１日間）:現場で使える研修ならインソース,行政向けデータ分析・活用研修～ＥＢＰＭの考え方を行政評価に生かす（１日間）,200,text/html; charset=UTF-8,https://www.insource.co.jp/ebpm/administration_evaluation.html,,2,https://www.insource.co.jp/municipality/index.html,/ebpm/,/ebpm/administration_evaluation.html/,724,https://www.insource.co.jp/ebpm/administration_evaluation.html,2026-09-03T03:21:02.648940+00:00,
https://www.insource.co.jp/jichitai/j_marketing_1day.html,公共マーケティング研修～基本編（１日間）:現場で使える研修ならインソース,公共マーケティング研修～基本編（１日間）,200,text/html; charset=UTF-8,https://www.insource.co.jp/jichitai/j_marketing_1day.html,,2,https://www.insource.co.jp/municipality/index.html,/jichitai/,/jichitai/j_marketing_1day.html/,728,https://www.insource.co.jp/jichitai/j_marketing_1day.html,2026-09-03T03:21:04.415824+00:00,
https://www.insource.co.jp/bunsho/kankocho_bunsho.html,新規採用職員向けビジネス文書研修（１日間）:現場で使える研修ならインソース,新規採用職員向けビジネス文書研修（１日間）,200,text/html; charset=UTF-8,https://www.insource.co.jp/bunsho/kankocho_bunsho.html,,2,https://www.insource.co.jp/municipality/index.html,/bunsho/,/bunsho/kankocho_bunsho.html/,706,https://www.insource.co.jp/bunsho/kankocho_bunsho.html,2026-09-03T03:21:05.965292+00:00,
https://www.insource.co.jp/kanrisyoku/ka_document_nudgetheory-halfday.html,行政向け資料作成研修～ナッジ理論を活用し、読み手を動かす資料を作成する（半日間）:現場で使える研修ならインソース,行政向け資料作成研修～ナッジ理論を活用し、読み手を動かす資料を作成する（半日間）,200,text/html; charset=UTF-8,https://www.insource.co.jp/kanrisyoku/ka_document_nudgetheory-halfday.html,,2,https://www.insource.co.jp/municipality/index.html,/kanrisyoku/,/kanrisyoku/ka_document_nudgetheory-halfday.html/,789,https://www.insource.co.jp/kanrisyoku/ka_document_nudgetheory-halfday.html,2026-09-03T03:21:07.494496+00:00,
https://www.insource.co.jp/setsugu/jichitai-behavior-economy.html,行政向け接遇・マナー研修～行動経済学を応用し、ＣＳをレベルアップする（１日間）:現場で使える研修ならインソース,行政向け接遇・マナー研修～行動経済学を応用し、ＣＳをレベルアップする（１日間）,200,text/html; charset=UTF-8,https://www.insource.co.jp/setsugu/jichitai-behavior-economy.html,,2,https://www.insource.co.jp/municipality/index.html,/setsugu/,/setsugu/jichitai-behavior-economy.html/,810,https://www.insource.co.jp/setsugu/jichitai-behavior-economy.html,2026-09-03T03:21:09.122183+00:00,
https://www.insource.co.jp/jichitai2/administration_leadership.html,行政向け共創型リーダーシップ研修（１日間）:現場で使える研修ならインソース,行政向け共創型リーダーシップ研修（１日間）,200,text/html; charset=UTF-8,https://www.insource.co.jp/jichitai2/administration_leadership.html,,2,https://www.insource.co.jp/municipality/index.html,/jichitai2/,/jichitai2/administration_leadership.html/,782,https://www.insource.co.jp/jichitai2/administration_leadership.html,2026-09-03T03:21:10.765123+00:00,
https://www.insource.co.jp/dougahyakkaten/knowledge_of_local.html,（官公庁・自治体向け）地方自治体の現状と課題（冊子教材付き）:eラーニング・動画教材での研修もインソース,（官公庁・自治体向け）地方自治体の現状と課題（冊子教材付き）,200,text/html; charset=UTF-8,https://www.insource.co.jp/dougahyakkaten/knowledge_of_local.html,,2,https://www.insource.co.jp/municipality/index.html,/dougahyakkaten/,/dougahyakkaten/knowledge_of_local.html/,627,https://www.insource.co.jp/dougahyakkaten/knowledge_of_local.html,2026-09-03T03:21:12.561157+00:00,
https://www.insource.co.jp/dougahyakkaten/negotiation_coordination-skills.html,（官公庁・自治体向け）交渉・調整力講座（スライド付き）:eラーニング・動画教材での研修もインソース,（官公庁・自治体向け）交渉・調整力講座（スライド付き）,200,text/html; charset=UTF-8,https://www.insource.co.jp/dougahyakkaten/negotiation_coordination-skills.html,,2,https://www.insource.co.jp/municipality/index.html,/dougahyakkaten/,/dougahyakkaten/negotiation_coordination-skills.html/,655,https://www.insource.co.jp/dougahyakkaten/negotiation_coordination-skills.html,2026-09-03T03:21:13.982550+00:00,
https://www.insource.co.jp/dougahyakkaten/service_design_thinking.html,（官公庁・自治体向け）サービスデザイン思考講座:eラーニング・動画教材での研修もインソース,（官公庁・自治体向け）サービスデザイン思考講座,200,text/html; charset=UTF-8,https://www.insource.co.jp/dougahyakkaten/service_design_thinking.html,,2,https://www.insource.co.jp/municipality/index.html,/dougahyakkaten/,/dougahyakkaten/service_design_thinking.html/,693,https://www.insource.co.jp/dougahyakkaten/service_design_thinking.html,2026-09-03T03:21:15.433371+00:00,
https://www.insource.co.jp/dougahyakkaten/personalInformation_infosec2.html,短時間で学ぶ個人情報保護（行政機関等）と情報セキュリティ:eラーニング・動画教材での研修もインソース,短時間で学ぶ個人情報保護（行政機関等）と情報セキュリティ,200,text/html; charset=UTF-8,https://www.insource.co.jp/dougahyakkaten/personalInformation_infosec2.html,,2,https://www.insource.co.jp/municipality/index.html,/dougahyakkaten/,/dougahyakkaten/personalInformation_infosec2.html/,641,https://www.insource.co.jp/dougahyakkaten/personalInformation_infosec2.html,2026-09-03T03:21:16.918876+00:00,
https://www.insource.co.jp/dougahyakkaten/legal_personal-information.html,個人情報保護法～行政機関等編:eラーニング・動画教材での研修もインソース,個人情報保護法～行政機関等編,200,text/html; charset=UTF-8,https://www.insource.co.jp/dougahyakkaten/legal_personal-information.html,,2,https://www.insource.co.jp/municipality/index.html,/dougahyakkaten/,/dougahyakkaten/legal_personal-information.html/,649,https://www.insource.co.jp/dougahyakkaten/legal_personal-information.html,2026-09-03T03:21:18.352732+00:00,
https://www.insource.co.jp/dougahyakkaten/jichitai_claim.html,（官公庁・自治体向け）クレーム対応研修（冊子教材・テスト付き）:eラーニング・動画教材での研修もインソース,（官公庁・自治体向け）クレーム対応研修（冊子教材・テスト付き）,200,text/html; charset=UTF-8,https://www.insource.co.jp/dougahyakkaten/jichitai_claim.html,,2,https://www.insource.co.jp/municipality/index.html,/dougahyakkaten/,/dougahyakkaten/jichitai_claim.html/,658,https://www.insource.co.jp/dougahyakkaten/jichitai_claim.html,2026-09-03T03:21:19.793827+00:00,
https://www.insource.co.jp/dougahyakkaten/seisaku_keisei.html,（官公庁・自治体向け）政策形成研修（冊子教材・テスト付き）:eラーニング・動画教材での研修もインソース,（官公庁・自治体向け）政策形成研修（冊子教材・テスト付き）,200,text/html; charset=UTF-8,https://www.insource.co.jp/dougahyakkaten/seisaku_keisei.html,,2,https://www.insource.co.jp/municipality/index.html,/dougahyakkaten/,/dougahyakkaten/seisaku_keisei.html/,647,https://www.insource.co.jp/dougahyakkaten/seisaku_keisei.html,2026-09-03T03:21:21.243173+00:00,
https://www.insource.co.jp/dougahyakkaten/legal_archives_management.html,公文書管理法:eラーニング・動画教材での研修もインソース,公文書管理法,200,text/html; charset=UTF-8,https://www.insource.co.jp/dougahyakkaten/legal_archives_management.html,,2,https://www.insource.co.jp/municipality/index.html,/dougahyakkaten/,/dougahyakkaten/legal_archives_management.html/,704,https://www.insource.co.jp/dougahyakkaten/legal_archives_management.html,2026-09-03T03:21:22.873823+00:00,
https://www.insource.co.jp/dougahyakkaten/customer_harassment.html,カスタマーハラスメント防止研修（冊子教材・テスト付き）:eラーニング・動画教材での研修もインソース,カスタマーハラスメント防止研修（冊子教材・テスト付き）,200,text/html; charset=UTF-8,https://www.insource.co.jp/dougahyakkaten/customer_harassment.html,,2,https://www.insource.co.jp/municipality/index.html,/dougahyakkaten/,/dougahyakkaten/customer_harassment.html/,654,https://www.insource.co.jp/dougahyakkaten/customer_harassment.html,2026-09-03T03:21:24.372420+00:00,
https://www.insource.co.jp/dougahyakkaten/gyokai_municipality.html,官公庁・自治体向けおすすめ動画教材:eラーニング・動画教材での研修もインソース,官公庁・自治体向けおすすめ動画教材,200,text/html; charset=UTF-8,https://www.insource.co.jp/dougahyakkaten/gyokai_municipality.html,,2,https://www.insource.co.jp/municipality/index.html,/dougahyakkaten/,/dougahyakkaten/gyokai_municipality.html/,678,https://www.insource.co.jp/dougahyakkaten/gyokai_municipality.html,2026-09-03T03:21:25.817612+00:00,
https://www.insource.co.jp/it-tool/ikkatsu_clericalwork.html,Leafを活用した研修事務業務委託サービス | 人事サポートシステム・LMS「Leafシリーズ」,,200,text/html; charset=UTF-8,https://www.insource.co.jp/it-tool/ikkatsu_clericalwork.html,,2,https://www.insource.co.jp/municipality/index.html,/it-tool/,/it-tool/ikkatsu_clericalwork.html/,681,https://www.insource.co.jp/it-tool/ikkatsu_clericalwork.html,2026-09-03T03:21:27.270988+00:00,
https://www.insource.co.jp/new-service-lineup/holiday-reception.html,ホリデー受付サービス - 株式会社インソース,,200,text/html; charset=UTF-8,https://www.insource.co.jp/new-service-lineup/holiday-reception.html,,2,https://www.insource.co.jp/municipality/index.html,/new-service-lineup/,/new-service-lineup/holiday-reception.html/,625,https://www.insource.co.jp/new-service-lineup/holiday-reception.html,2026-09-03T03:21:28.723891+00:00,
https://www.insource.co.jp/package/business-succession.html,行政向け中小企業の「思いを繋ぐ」事業承継コンサルプラン:現場で使える研修ならインソース,行政向け中小企業の「思いを繋ぐ」事業承継コンサルプラン,200,text/html; charset=UTF-8,https://www.insource.co.jp/package/business-succession.html,,2,https://www.insource.co.jp/municipality/index.html,/package/,/package/business-succession.html/,706,https://www.insource.co.jp/package/business-succession.html,2026-09-03T03:21:30.100957+00:00,
https://www.insource.co.jp/energy/energy_vol17.html,"ENERGY Vol.17 企業課題を解決 - 社員研修,教育 職員研修 人材育成ならインソース",,200,text/html; charset=UTF-8,https://www.insource.co.jp/energy/energy_vol17.html,,2,https://www.insource.co.jp/municipality/index.html,/energy/,/energy/energy_vol17.html/,677,https://www.insource.co.jp/energy/energy_vol17.html,2026-09-03T03:21:31.569433+00:00,
https://www.insource.co.jp/energy/digital_human_resources.html,"経営戦略として、デジタルアカデミーを創設し、デジタル人財を育成する【清水建設株式会社】 - 社員研修,教育 職員研修 人材育成ならインソース",経営戦略として、デジタルアカデミーを創設し、デジタル人財を育成する【清水建設株式会社】,200,text/html; charset=UTF-8,https://www.insource.co.jp/energy/digital_human_resources.html,,2,https://www.insource.co.jp/municipality/index.html,/energy/,/energy/digital_human_resources.html/,841,https://www.insource.co.jp/energy/digital_human_resources.html,2026-09-03T03:21:33.018287+00:00,
https://www.insource.co.jp/energy/hrsupport_plan.html,"インソース『人事支援 まるごとプラン』で人材に関する悩みをまるごと解決 - 社員研修,教育 職員研修 人材育成ならインソース",インソース『人事支援 まるごとプラン』で 人材に関する悩みをまるごと解決,200,text/html; charset=UTF-8,https://www.insource.co.jp/energy/hrsupport_plan.html,,2,https://www.insource.co.jp/municipality/index.html,/energy/,/energy/hrsupport_plan.html/,650,https://www.insource.co.jp/energy/hrsupport_plan.html,2026-09-03T03:21:34.644491+00:00,
https://www.insource.co.jp/energy/company_onayami_qa.html,"企業が抱えるお悩みＱ＆Ａ - 社員研修,教育 職員研修 人材育成ならインソース",企業が抱えるお悩みＱ＆Ａ,200,text/html; charset=UTF-8,https://www.insource.co.jp/energy/company_onayami_qa.html,,2,https://www.insource.co.jp/municipality/index.html,/energy/,/energy/company_onayami_qa.html/,641,https://www.insource.co.jp/energy/company_onayami_qa.html,2026-09-03T03:21:36.057269+00:00,
https://www.insource.co.jp/energy/ins-bunkai-vol10.html,"ins-bunkai 【第十回】理論と実践を融合させるインソース総合研究所 卓越した価値の創造と社会実装のプラットフォーム - 社員研修,教育 職員研修 人材育成ならインソース",ins-bunkai 【第十回】理論と実践を融合させるインソース総合研究所 卓越した価値の創造と社会実装のプラットフォーム,200,text/html; charset=UTF-8,https://www.insource.co.jp/energy/ins-bunkai-vol10.html,,2,https://www.insource.co.jp/municipality/index.html,/energy/,/energy/ins-bunkai-vol10.html/,716,https://www.insource.co.jp/energy/ins-bunkai-vol10.html,2026-09-03T03:21:37.687668+00:00,
https://www.insource.co.jp/energy/energy_vol16.html,"ENERGY Vol.16 Z世代・シニアと向き合う - 社員研修,教育 職員研修 人材育成ならインソース",,200,text/html; charset=UTF-8,https://www.insource.co.jp/energy/energy_vol16.html,,2,https://www.insource.co.jp/municipality/index.html,/energy/,/energy/energy_vol16.html/,642,https://www.insource.co.jp/energy/energy_vol16.html,2026-09-03T03:21:39.182648+00:00,
https://www.insource.co.jp/energy/genz_senior.html,"【人事担当者の声】Ｚ世代、シニア人材の現状 - 社員研修,教育 職員研修 人材育成ならインソース",【人事担当者の声】Z世代、シニア人材の現状,200,text/html; charset=UTF-8,https://www.insource.co.jp/energy/genz_senior.html,,2,https://www.insource.co.jp/municipality/index.html,/energy/,/energy/genz_senior.html/,722,https://www.insource.co.jp/energy/genz_senior.html,2026-09-03T03:21:40.599245+00:00,
https://www.insource.co.jp/energy/genz_true-characteristics.html,"Ｚ世代の真の特徴～思春期化する若手社員の羽化を促す - 社員研修,教育 職員研修 人材育成ならインソース",Ｚ世代の真の特徴～思春期化する若手社員の羽化を促す,200,text/html; charset=UTF-8,https://www.insource.co.jp/energy/genz_true-characteristics.html,,2,https://www.insource.co.jp/municipality/index.html,/energy/,/energy/genz_true-characteristics.html/,633,https://www.insource.co.jp/energy/genz_true-characteristics.html,2026-09-03T03:21:42.118397+00:00,
https://www.insource.co.jp/energy/updating-training-methods.html,"新人・若手世代の育成方法のアップデート - 社員研修,教育 職員研修 人材育成ならインソース",新人・若手世代の育成方法のアップデート,200,text/html; charset=UTF-8,https://www.insource.co.jp/energy/updating-training-methods.html,,2,https://www.insource.co.jp/municipality/index.html,/energy/,/energy/updating-training-methods.html/,647,https://www.insource.co.jp/energy/updating-training-methods.html,2026-09-03T03:21:43.517394+00:00,
https://www.insource.co.jp/energy/senior-human-resources-promoting.html,"シニア人材の活用促進に向けて - 社員研修,教育 職員研修 人材育成ならインソース",シニア人材の活用促進に向けて,200,text/html; charset=UTF-8,https://www.insource.co.jp/energy/senior-human-resources-promoting.html,,2,https://www.insource.co.jp/municipality/index.html,/energy/,/energy/senior-human-resources-promoting.html/,651,https://www.insource.co.jp/energy/senior-human-resources-promoting.html,2026-09-03T03:21:44.930717+00:00,
https://www.insource.co.jp/energy/reskilling-strategies-for-veteran.html,"ベテラン人材のリスキリング戦略～シニア人材のコンサル化に向けて - 社員研修,教育 職員研修 人材育成ならインソース",ベテラン人材のリスキリング戦略～シニア人材のコンサル化に向けて,200,text/html; charset=UTF-8,https://www.insource.co.jp/energy/reskilling-strategies-for-veteran.html,,2,https://www.insource.co.jp/municipality/index.html,/energy/,/energy/reskilling-strategies-for-veteran.html/,810,https://www.insource.co.jp/energy/reskilling-strategies-for-veteran.html,2026-09-03T03:21:46.347682+00:00,
https://www.insource.co.jp/energy/energy_vol15.html,"ENERGY Vol.15 日本最大級のLMS - 社員研修,教育 職員研修 人材育成ならインソース",,200,text/html; charset=UTF-8,https://www.insource.co.jp/energy/energy_vol15.html,,2,https://www.insource.co.jp/municipality/index.html,/energy/,/energy/energy_vol15.html/,648,https://www.insource.co.jp/energy/energy_vol15.html,2026-09-03T03:21:47.951929+00:00,
https://www.insource.co.jp/energy/leaf_buildup.html,"社員全体の教育基盤をLeafで構築～社内からでも社外からでも常に使い勝手の良いシステム【三菱UFJ信託銀行株式会社】 - 社員研修,教育 職員研修 人材育成ならインソース",社員全体の教育基盤をLeafで構築～社内からでも社外からでも常に使い勝手の良いシステム【三菱UFJ信託銀行株式会社】,200,text/html; charset=UTF-8,https://www.insource.co.jp/energy/leaf_buildup.html,,2,https://www.insource.co.jp/municipality/index.html,/energy/,/energy/leaf_buildup.html/,817,https://www.insource.co.jp/energy/leaf_buildup.html,2026-09-03T03:21:49.371032+00:00,
https://www.insource.co.jp/energy/leaf_makeup.html,"日本組織の強みを引き出すシステムが作りたかった - 社員研修,教育 職員研修 人材育成ならインソース",日本組織の強みを引き出すシステムが作りたかった,200,text/html; charset=UTF-8,https://www.insource.co.jp/energy/leaf_makeup.html,,2,https://www.insource.co.jp/municipality/index.html,/energy/,/energy/leaf_makeup.html/,769,https://www.insource.co.jp/energy/leaf_makeup.html,2026-09-03T03:21:51.199207+00:00,
https://www.insource.co.jp/energy/leaf_lightning_customize.html,"Leaf lightningお客さま事例集 - 社員研修,教育 職員研修 人材育成ならインソース",Leaf lightningお客さま事例集,200,text/html; charset=UTF-8,https://www.insource.co.jp/energy/leaf_lightning_customize.html,,2,https://www.insource.co.jp/municipality/index.html,/energy/,/energy/leaf_lightning_customize.html/,798,https://www.insource.co.jp/energy/leaf_lightning_customize.html,2026-09-03T03:21:52.756929+00:00,
https://www.insource.co.jp/energy/leaf_discussion.html,"Leaf開発者若手メンバー座談会 - 社員研修,教育 職員研修 人材育成ならインソース",Leaf開発者若手メンバー座談会～AI時代に求められるエンジニアになる,200,text/html; charset=UTF-8,https://www.insource.co.jp/energy/leaf_discussion.html,,2,https://www.insource.co.jp/municipality/index.html,/energy/,/energy/leaf_discussion.html/,707,https://www.insource.co.jp/energy/leaf_discussion.html,2026-09-03T03:21:54.343723+00:00,
https://www.insource.co.jp/energy/energy_vol14.html,"ENERGY Vol.14 使えるアセスメント - 社員研修,教育 職員研修 人材育成ならインソース",,200,text/html; charset=UTF-8,https://www.insource.co.jp/energy/energy_vol14.html,,2,https://www.insource.co.jp/municipality/index.html,/energy/,/energy/energy_vol14.html/,633,https://www.insource.co.jp/energy/energy_vol14.html,2026-09-03T03:21:55.838368+00:00,
https://www.insource.co.jp/energy/assessment_recruit.html,"採用アセスメント～面接を信頼してよいか - 社員研修,教育 職員研修 人材育成ならインソース",採用アセスメント～面接を信頼してよいか,200,text/html; charset=UTF-8,https://www.insource.co.jp/energy/assessment_recruit.html,,2,https://www.insource.co.jp/municipality/index.html,/energy/,/energy/assessment_recruit.html/,708,https://www.insource.co.jp/energy/assessment_recruit.html,2026-09-03T03:21:57.252447+00:00,
https://www.insource.co.jp/energy/assessment_future.html,"人材アセスメントのこれから - 社員研修,教育 職員研修 人材育成ならインソース",人材アセスメントのこれから,200,text/html; charset=UTF-8,https://www.insource.co.jp/energy/assessment_future.html,,2,https://www.insource.co.jp/municipality/index.html,/energy/,/energy/assessment_future.html/,660,https://www.insource.co.jp/energy/assessment_future.html,2026-09-03T03:21:58.743629+00:00,
https://www.insource.co.jp/energy/assessment_management.html,"アセスメントを活用した管理職育成の現場から - 社員研修,教育 職員研修 人材育成ならインソース",アセスメントを活用した管理職育成の現場から,200,text/html; charset=UTF-8,https://www.insource.co.jp/energy/assessment_management.html,,2,https://www.insource.co.jp/municipality/index.html,/energy/,/energy/assessment_management.html/,687,https://www.insource.co.jp/energy/assessment_management.html,2026-09-03T03:22:00.184976+00:00,
https://www.insource.co.jp/energy/insbunkai-vol9.html,"ins-bunkai 【第九回】アセスメント開発の最前線を走る開発担当者にきく 今求められるアセスメント開発への想い - 社員研修,教育 職員研修 人材育成ならインソース",”多様な経験とエネルギー ”で、顧客の人材開発におけるPDCAサイクルを回す,200,text/html; charset=UTF-8,https://www.insource.co.jp/energy/insbunkai-vol9.html,,2,https://www.insource.co.jp/municipality/index.html,/energy/,/energy/insbunkai-vol9.html/,709,https://www.insource.co.jp/energy/insbunkai-vol9.html,2026-09-03T03:22:01.652741+00:00,
https://www.insource.co.jp/energy/energy_vol13.html,"ENERGY Vol.13 リスキリングの今 - 社員研修,教育 職員研修 人材育成ならインソース",,200,text/html; charset=UTF-8,https://www.insource.co.jp/energy/energy_vol13.html,,2,https://www.insource.co.jp/municipality/index.html,/energy/,/energy/energy_vol13.html/,695,https://www.insource.co.jp/energy/energy_vol13.html,2026-09-03T03:22:03.376515+00:00,
https://www.insource.co.jp/energy/reskilling_questionnaire.html,"企業アンケートからの現状と課題～リスキリングの現在地 - 社員研修,教育 職員研修 人材育成ならインソース",企業アンケートからの現状と課題～リスキリングの現在地,200,text/html; charset=UTF-8,https://www.insource.co.jp/energy/reskilling_questionnaire.html,,2,https://www.insource.co.jp/municipality/index.html,/energy/,/energy/reskilling_questionnaire.html/,788,https://www.insource.co.jp/energy/reskilling_questionnaire.html,2026-09-03T03:22:04.851919+00:00,
https://www.insource.co.jp/energy/reskilling_business-person.html,"ビジネスパーソンの成長希求～個人目線のリスキリング - 社員研修,教育 職員研修 人材育成ならインソース",ビジネスパーソンの成長希求～個人目線のリスキリング,200,text/html; charset=UTF-8,https://www.insource.co.jp/energy/reskilling_business-person.html,,2,https://www.insource.co.jp/municipality/index.html,/energy/,/energy/reskilling_business-person.html/,811,https://www.insource.co.jp/energy/reskilling_business-person.html,2026-09-03T03:22:06.433122+00:00,
https://www.insource.co.jp/energy/reskilling_experienced.html,"「リスキリング」でベテラン人材の活性化ー企業成長の鍵はスキルアップ投資 - 社員研修,教育 職員研修 人材育成ならインソース",「リスキリング」でベテラン人材の活性化ー企業成長の鍵はスキルアップ投資,200,text/html; charset=UTF-8,https://www.insource.co.jp/energy/reskilling_experienced.html,,2,https://www.insource.co.jp/municipality/index.html,/energy/,/energy/reskilling_experienced.html/,793,https://www.insource.co.jp/energy/reskilling_experienced.html,2026-09-03T03:22:08.038423+00:00,
https://www.insource.co.jp/energy/reskilling_leaf-university.html,"リスキリングに最適な自律型教育サポート「Leaf企業内大学」 - 社員研修,教育 職員研修 人材育成ならインソース",リスキリングに最適な自律型教育サポート「Leaf企業内大学」,200,text/html; charset=UTF-8,https://www.insource.co.jp/energy/reskilling_leaf-university.html,,2,https://www.insource.co.jp/municipality/index.html,/energy/,/energy/reskilling_leaf-university.html/,813,https://www.insource.co.jp/energy/reskilling_leaf-university.html,2026-09-03T03:22:09.625541+00:00,
https://www.insource.co.jp/energy/insbunkai-vol8.html,"ins-bunkai 【第八回】本質を突き詰める インソースコンサルティング - 社員研修,教育 職員研修 人材育成ならインソース",教育体系構築・次世代リーダー育成が主力,200,text/html; charset=UTF-8,https://www.insource.co.jp/energy/insbunkai-vol8.html,,2,https://www.insource.co.jp/municipality/index.html,/energy/,/energy/insbunkai-vol8.html/,942,https://www.insource.co.jp/energy/insbunkai-vol8.html,2026-09-03T03:22:11.230808+00:00,
https://www.insource.co.jp/energy/energy_vol12.html,"ENERGY Vol.12 今日からはじめるDX - 社員研修,教育 職員研修 人材育成ならインソース",,200,text/html; charset=UTF-8,https://www.insource.co.jp/energy/energy_vol12.html,,2,https://www.insource.co.jp/municipality/index.html,/energy/,/energy/energy_vol12.html/,739,https://www.insource.co.jp/energy/energy_vol12.html,2026-09-03T03:22:12.980471+00:00,
https://www.insource.co.jp/energy/dx_management.html,"プロジェクト成功のカギを握る「要求定義と要件定義」 - 社員研修,教育 職員研修 人材育成ならインソース",プロジェクト成功のカギを握る「要求定義と要件定義」,200,text/html; charset=UTF-8,https://www.insource.co.jp/energy/dx_management.html,,2,https://www.insource.co.jp/municipality/index.html,/energy/,/energy/dx_management.html/,914,https://www.insource.co.jp/energy/dx_management.html,2026-09-03T03:22:14.495632+00:00,
https://www.insource.co.jp/energy/dx_maiz.html,"中堅成長企業のDX化はシステム会社との連携がカギ【株式会社メイズ】 - 社員研修,教育 職員研修 人材育成ならインソース",中堅成長企業のDX化はシステム会社との連携がカギ【株式会社メイズ】,200,text/html; charset=UTF-8,https://www.insource.co.jp/energy/dx_maiz.html,,2,https://www.insource.co.jp/municipality/index.html,/energy/,/energy/dx_maiz.html/,848,https://www.insource.co.jp/energy/dx_maiz.html,2026-09-03T03:22:16.390965+00:00,
https://www.insource.co.jp/energy/invoice_degital.html,"経営トップはインボイス制度を契機にデジタル化を推進すべき【辻・本郷ＩＴコンサルティング株式会社】 - 社員研修,教育 職員研修 人材育成ならインソース",経営トップはインボイス制度を契機にデジタル化を推進すべき【辻・本郷ＩＴコンサルティング株式会社】,200,text/html; charset=UTF-8,https://www.insource.co.jp/energy/invoice_degital.html,,2,https://www.insource.co.jp/municipality/index.html,/energy/,/energy/invoice_degital.html/,821,https://www.insource.co.jp/energy/invoice_degital.html,2026-09-03T03:22:18.028865+00:00,
https://www.insource.co.jp/energy/microsoft365_dx.html,"Microsoft365ではじめるDX - 社員研修,教育 職員研修 人材育成ならインソース",Microsoft365ではじめるDX,200,text/html; charset=UTF-8,https://www.insource.co.jp/energy/microsoft365_dx.html,,2,https://www.insource.co.jp/municipality/index.html,/energy/,/energy/microsoft365_dx.html/,852,https://www.insource.co.jp/energy/microsoft365_dx.html,2026-09-03T03:22:21.209529+00:00,
https://www.insource.co.jp/energy/dx_onayami_qa.html,"DXお悩みQ&A - 社員研修,教育 職員研修 人材育成ならインソース",DXお悩みQ&A,200,text/html; charset=UTF-8,https://www.insource.co.jp/energy/dx_onayami_qa.html,,2,https://www.insource.co.jp/municipality/index.html,/energy/,/energy/dx_onayami_qa.html/,872,https://www.insource.co.jp/energy/dx_onayami_qa.html,2026-09-03T03:22:22.849361+00:00,
https://www.insource.co.jp/energy/energy_vol11.html,"ENERGY Vol.11 DX革命 第二章～着手から実践へ - 社員研修,教育 職員研修 人材育成ならインソース",,200,text/html; charset=UTF-8,https://www.insource.co.jp/energy/energy_vol11.html,,2,https://www.insource.co.jp/municipality/index.html,/energy/,/energy/energy_vol11.html/,692,https://www.insource.co.jp/energy/energy_vol11.html,2026-09-03T03:22:24.513552+00:00,
https://www.insource.co.jp/energy/dx_revolution.html,"DX革命の実践方法～段階を踏んで着実に組織を変えていく - 社員研修,教育 職員研修 人材育成ならインソース",DX革命の実践方法～段階を踏んで着実に組織を変えていく,200,text/html; charset=UTF-8,https://www.insource.co.jp/energy/dx_revolution.html,,2,https://www.insource.co.jp/municipality/index.html,/energy/,/energy/dx_revolution.html/,886,https://www.insource.co.jp/energy/dx_revolution.html,2026-09-03T03:22:25.982819+00:00,
https://www.insource.co.jp/energy/dx_core-solution.html,"DXコア・ソリューションプラン - 社員研修,教育 職員研修 人材育成ならインソース",DXコア・ソリューションプラン,200,text/html; charset=UTF-8,https://www.insource.co.jp/energy/dx_core-solution.html,,2,https://www.insource.co.jp/municipality/index.html,/energy/,/energy/dx_core-solution.html/,854,https://www.insource.co.jp/energy/dx_core-solution.html,2026-09-03T03:22:27.836790+00:00,
https://www.insource.co.jp/energy/seminor_sapporo.html,"4区分したリーダー層に基礎・専門研修を実施【サッポロホールディングス株式会社】 - 社員研修,教育 職員研修 人材育成ならインソース",4区分したリーダー層に基礎・専門研修を実施【サッポロホールディングス株式会社】,200,text/html; charset=UTF-8,https://www.insource.co.jp/energy/seminor_sapporo.html,,2,https://www.insource.co.jp/municipality/index.html,/energy/,/energy/seminor_sapporo.html/,860,https://www.insource.co.jp/energy/seminor_sapporo.html,2026-09-03T03:22:29.480423+00:00,
https://www.insource.co.jp/energy/degital_platform.html,"デジタルプラットフォーム構築 3年間の軌跡と成果【第一工業製薬株式会社】 - 社員研修,教育 職員研修 人材育成ならインソース",デジタルプラットフォーム構築 3年間の軌跡と成果【第一工業製薬株式会社】,200,text/html; charset=UTF-8,https://www.insource.co.jp/energy/degital_platform.html,,2,https://www.insource.co.jp/municipality/index.html,/energy/,/energy/degital_platform.html/,868,https://www.insource.co.jp/energy/degital_platform.html,2026-09-03T03:22:31.132295+00:00,
https://www.insource.co.jp/energy/ins-bunkai_special.html,"ins-bunkai 【特別回】デジタル人材育成を担う経営者が語る 自社の強みと今後の展望 - 社員研修,教育 職員研修 人材育成ならインソース",スピードとスコープを強みに、更なるスケール拡大を図る,200,text/html; charset=UTF-8,https://www.insource.co.jp/energy/ins-bunkai_special.html,,2,https://www.insource.co.jp/municipality/index.html,/energy/,/energy/ins-bunkai_special.html/,881,https://www.insource.co.jp/energy/ins-bunkai_special.html,2026-09-03T03:22:32.789837+00:00,
https://www.insource.co.jp/energy/energy_vol10.html,"ENERGY Vol.10 人的資本経営の進め方 - 社員研修,教育 職員研修 人材育成ならインソース",,200,text/html; charset=UTF-8,https://www.insource.co.jp/energy/energy_vol10.html,,2,https://www.insource.co.jp/municipality/index.html,/energy/,/energy/energy_vol10.html/,678,https://www.insource.co.jp/energy/energy_vol10.html,2026-09-03T03:22:34.462163+00:00,
https://www.insource.co.jp/energy/interview-souzitu.html,"人的資本ナンバーワン企業に聞く【双日株式会社】 - 社員研修,教育 職員研修 人材育成ならインソース",人的資本ナンバーワン企業に聞く,200,text/html; charset=UTF-8,https://www.insource.co.jp/energy/interview-souzitu.html,,2,https://www.insource.co.jp/municipality/index.html,/energy/,/energy/interview-souzitu.html/,707,https://www.insource.co.jp/energy/interview-souzitu.html,2026-09-03T03:22:35.918724+00:00,
https://www.insource.co.jp/energy/human-capital-management.html,"「人的資本経営」に 企業と人事部長は どう取り組むか ～CHRO、人事部長が経営トップになる時代へ - 社員研修,教育 職員研修 人材育成ならインソース",「人的資本経営」に企業と人事部長はどう取り組むか～CHRO、人事部長が経営トップになる時代へ,200,text/html; charset=UTF-8,https://www.insource.co.jp/energy/human-capital-management.html,,2,https://www.insource.co.jp/municipality/index.html,/energy/,/energy/human-capital-management.html/,689,https://www.insource.co.jp/energy/human-capital-management.html,2026-09-03T03:22:37.408282+00:00,
https://www.insource.co.jp/energy/company-appeal.html,"人的資本開示で 自社の強みをアピールする！ - 社員研修,教育 職員研修 人材育成ならインソース",人的資本開示で 自社の強みをアピールする！,200,text/html; charset=UTF-8,https://www.insource.co.jp/energy/company-appeal.html,,2,https://www.insource.co.jp/municipality/index.html,/energy/,/energy/company-appeal.html/,743,https://www.insource.co.jp/energy/company-appeal.html,2026-09-03T03:22:38.879879+00:00,
https://www.insource.co.jp/energy/how-to-approach.html,"人的資本経営 の取組み方 ～経営戦略との連動性を踏まえた人材戦略とその開示項目の設定 - 社員研修,教育 職員研修 人材育成ならインソース",人的資本経営 の取組み方 ～経営戦略との連動性を踏まえた人材戦略とその開示項目の設定,200,text/html; charset=UTF-8,https://www.insource.co.jp/energy/how-to-approach.html,,2,https://www.insource.co.jp/municipality/index.html,/energy/,/energy/how-to-approach.html/,709,https://www.insource.co.jp/energy/how-to-approach.html,2026-09-03T03:22:40.615747+00:00,
https://www.insource.co.jp/energy/financial-literacy.html,"人事部長に求められるファイナンシャル・リテラシー - 社員研修,教育 職員研修 人材育成ならインソース",人事部長に求められるファイナンシャル・リテラシー,200,text/html; charset=UTF-8,https://www.insource.co.jp/energy/financial-literacy.html,,2,https://www.insource.co.jp/municipality/index.html,/energy/,/energy/financial-literacy.html/,763,https://www.insource.co.jp/energy/financial-literacy.html,2026-09-03T03:22:42.108585+00:00,
https://www.insource.co.jp/energy/energy_vol9.html,"ENERGY Vol.09 地域に挑戦の連鎖を生み出す - 社員研修,教育 職員研修 人材育成ならインソース",,200,text/html; charset=UTF-8,https://www.insource.co.jp/energy/energy_vol9.html,,2,https://www.insource.co.jp/municipality/index.html,/energy/,/energy/energy_vol9.html/,650,https://www.insource.co.jp/energy/energy_vol9.html,2026-09-03T03:22:43.664473+00:00,
https://www.insource.co.jp/energy/regional-rolemodel.html,"地域にロールモデルと好循環を生み出す - 社員研修,教育 職員研修 人材育成ならインソース",地域にロールモデルと好循環を生み出す,200,text/html; charset=UTF-8,https://www.insource.co.jp/energy/regional-rolemodel.html,,2,https://www.insource.co.jp/municipality/index.html,/energy/,/energy/regional-rolemodel.html/,700,https://www.insource.co.jp/energy/regional-rolemodel.html,2026-09-03T03:22:45.092799+00:00,
https://www.insource.co.jp/energy/regional-co-creation-case.html,"地域共創プロジェクト事例・実績紹介 - 社員研修,教育 職員研修 人材育成ならインソース",事例・実績紹介,200,text/html; charset=UTF-8,https://www.insource.co.jp/energy/regional-co-creation-case.html,,2,https://www.insource.co.jp/municipality/index.html,/energy/,/energy/regional-co-creation-case.html/,680,https://www.insource.co.jp/energy/regional-co-creation-case.html,2026-09-03T03:22:46.577976+00:00,
https://www.insource.co.jp/energy/insbunkai-vol7.html,"ins-bunkai 【第七回】持続的な地域経済活性化の秘訣 - 社員研修,教育 職員研修 人材育成ならインソース",「人づくり・事業づくり・循環づくり」で 地域の活性化を実現する,200,text/html; charset=UTF-8,https://www.insource.co.jp/energy/insbunkai-vol7.html,,2,https://www.insource.co.jp/municipality/index.html,/energy/,/energy/insbunkai-vol7.html/,746,https://www.insource.co.jp/energy/insbunkai-vol7.html,2026-09-03T03:22:48.047921+00:00,
https://www.insource.co.jp/energy/energy_vol8.html,"ENERGY Vol.08 壁を乗り越える - 社員研修,教育 職員研修 人材育成ならインソース",,200,text/html; charset=UTF-8,https://www.insource.co.jp/energy/energy_vol8.html,,2,https://www.insource.co.jp/municipality/index.html,/energy/,/energy/energy_vol8.html/,684,https://www.insource.co.jp/energy/energy_vol8.html,2026-09-03T03:22:49.575428+00:00,
https://www.insource.co.jp/energy/over-the-wall-by-age.html,"壁を乗り越える ～年齢ごとの「壁」と向き合うには - 社員研修,教育 職員研修 人材育成ならインソース",壁を乗り越える 年齢ごとの「壁」と向き合うには,200,text/html; charset=UTF-8,https://www.insource.co.jp/energy/over-the-wall-by-age.html,,2,https://www.insource.co.jp/municipality/index.html,/energy/,/energy/over-the-wall-by-age.html/,881,https://www.insource.co.jp/energy/over-the-wall-by-age.html,2026-09-03T03:22:51.036177+00:00,
https://www.insource.co.jp/energy/core-solution.html,"コア・ソリューションプラン 社会人の「壁」を乗り越え、モチベーション高く働くプラン - 社員研修,教育 職員研修 人材育成ならインソース",コア・ソリューションプラン 社会人の「壁」を乗り越え、モチベーション高く働くプラン,200,text/html; charset=UTF-8,https://www.insource.co.jp/energy/core-solution.html,,2,https://www.insource.co.jp/municipality/index.html,/energy/,/energy/core-solution.html/,740,https://www.insource.co.jp/energy/core-solution.html,2026-09-03T03:22:52.891108+00:00,
https://www.insource.co.jp/energy/purpose-management.html,"パーパス経営の勧め ～活力が欲しい組織の処方箋 - 社員研修,教育 職員研修 人材育成ならインソース",パーパス経営の勧め ～活力が欲しい組織の処方箋,200,text/html; charset=UTF-8,https://www.insource.co.jp/energy/purpose-management.html,,2,https://www.insource.co.jp/municipality/index.html,/energy/,/energy/purpose-management.html/,913,https://www.insource.co.jp/energy/purpose-management.html,2026-09-03T03:22:54.414656+00:00,
https://www.insource.co.jp/energy/middle-itjinzai.html,"ミドル・シニアのＩＴ人材化がＤＸ推進のカギを握る - 社員研修,教育 職員研修 人材育成ならインソース",ミドル・シニアのＩＴ人材化がＤＸ推進のカギを握る,200,text/html; charset=UTF-8,https://www.insource.co.jp/energy/middle-itjinzai.html,,2,https://www.insource.co.jp/municipality/index.html,/energy/,/energy/middle-itjinzai.html/,910,https://www.insource.co.jp/energy/middle-itjinzai.html,2026-09-03T03:22:56.134630+00:00,
https://www.insource.co.jp/energy/hybridwork-management.html,"ハイブリッドワークにおけるマネジメントの秘訣 ～成功のヒントは小学校教育 - 社員研修,教育 職員研修 人材育成ならインソース",ハイブリッドワークにおけるマネジメントの秘訣 ～成功のヒントは小学校教育,200,text/html; charset=UTF-8,https://www.insource.co.jp/energy/hybridwork-management.html,,2,https://www.insource.co.jp/municipality/index.html,/energy/,/energy/hybridwork-management.html/,890,https://www.insource.co.jp/energy/hybridwork-management.html,2026-09-03T03:22:57.851857+00:00,
https://www.insource.co.jp/energy/ins-bunkai-vol6.html,"ins-bunkai 【第六回】アフターコロナを見据えたソリューション営業とは - 社員研修,教育 職員研修 人材育成ならインソース",激動の中を勝ち抜くために、 「アッと驚くようなご提案」がモットー,200,text/html; charset=UTF-8,https://www.insource.co.jp/energy/ins-bunkai-vol6.html,,2,https://www.insource.co.jp/municipality/index.html,/energy/,/energy/ins-bunkai-vol6.html/,756,https://www.insource.co.jp/energy/ins-bunkai-vol6.html,2026-09-03T03:22:59.545422+00:00,
https://www.insource.co.jp/energy/energy_vol7.html,"ENERGY Vol.07 "" 人"" づくりから始めるＳＤＧｓ - 社員研修,教育 職員研修 人材育成ならインソース",,200,text/html; charset=UTF-8,https://www.insource.co.jp/energy/energy_vol7.html,,2,https://www.insource.co.jp/municipality/index.html,/energy/,/energy/energy_vol7.html/,682,https://www.insource.co.jp/energy/energy_vol7.html,2026-09-03T03:23:01.083240+00:00,
https://www.insource.co.jp/energy/growth-sdgs.html,"企業成長の新機軸となるＳＤＧｓ - 社員研修,教育 職員研修 人材育成ならインソース",企業成長の新機軸となるＳＤＧｓ,200,text/html; charset=UTF-8,https://www.insource.co.jp/energy/growth-sdgs.html,,2,https://www.insource.co.jp/municipality/index.html,/energy/,/energy/growth-sdgs.html/,758,https://www.insource.co.jp/energy/growth-sdgs.html,2026-09-03T03:23:02.541552+00:00,
https://www.insource.co.jp/energy/sdgs-esg.html,"全社員で実現するSDGs・ESG経営 - 社員研修,教育 職員研修 人材育成ならインソース",全社員で実現するSDGs・ESG経営,200,text/html; charset=UTF-8,https://www.insource.co.jp/energy/sdgs-esg.html,,2,https://www.insource.co.jp/municipality/index.html,/energy/,/energy/sdgs-esg.html/,732,https://www.insource.co.jp/energy/sdgs-esg.html,2026-09-03T03:23:04.293620+00:00,
https://www.insource.co.jp/energy/sdgs-consulting.html,"ＳＤＧｓ人材コンサルティングの最前線 - 社員研修,教育 職員研修 人材育成ならインソース",ＳＤＧｓ人材コンサルティングの最前線,200,text/html; charset=UTF-8,https://www.insource.co.jp/energy/sdgs-consulting.html,,2,https://www.insource.co.jp/municipality/index.html,/energy/,/energy/sdgs-consulting.html/,697,https://www.insource.co.jp/energy/sdgs-consulting.html,2026-09-03T03:23:05.809401+00:00,
https://www.insource.co.jp/energy/esg-3point.html,"企業価値を押し上げるESG開示 ～３つの鉄則 - 社員研修,教育 職員研修 人材育成ならインソース",企業価値を押し上げるESG開示 ３つの鉄則,200,text/html; charset=UTF-8,https://www.insource.co.jp/energy/esg-3point.html,,2,https://www.insource.co.jp/municipality/index.html,/energy/,/energy/esg-3point.html/,708,https://www.insource.co.jp/energy/esg-3point.html,2026-09-03T03:23:07.290734+00:00,
https://www.insource.co.jp/energy/insbunkai-vol5.html,"ins-bunkai 【第五回】勝ち残る組織の条件 - 社員研修,教育 職員研修 人材育成ならインソース",勝ち残るために、常に最前線に立つ。日々 新たなプロジェクトを同時進行で回していく,200,text/html; charset=UTF-8,https://www.insource.co.jp/energy/insbunkai-vol5.html,,2,https://www.insource.co.jp/municipality/index.html,/energy/,/energy/insbunkai-vol5.html/,711,https://www.insource.co.jp/energy/insbunkai-vol5.html,2026-09-03T03:23:08.784329+00:00,
https://www.insource.co.jp/energy/energy_vol6.html,"ENERGY Vol.06 教育DX - 社員研修,教育 職員研修 人材育成ならインソース",,200,text/html; charset=UTF-8,https://www.insource.co.jp/energy/energy_vol6.html,,2,https://www.insource.co.jp/municipality/index.html,/energy/,/energy/energy_vol6.html/,700,https://www.insource.co.jp/energy/energy_vol6.html,2026-09-03T03:23:10.278550+00:00,
https://www.insource.co.jp/energy/lms-leaf.html,"進化する次世代型LMS「Leaf」～教育DXが人材育成のあり方を変える - 社員研修,教育 職員研修 人材育成ならインソース",進化する次世代型LMS「Leaf」～教育DXが人材育成のあり方を変える,200,text/html; charset=UTF-8,https://www.insource.co.jp/energy/lms-leaf.html,,2,https://www.insource.co.jp/municipality/index.html,/energy/,/energy/lms-leaf.html/,748,https://www.insource.co.jp/energy/lms-leaf.html,2026-09-03T03:23:11.757976+00:00,
https://www.insource.co.jp/energy/leaf-usage.html,"Leaf活用のすすめ ～お客さま事例集 - 社員研修,教育 職員研修 人材育成ならインソース",お客さま事例集,200,text/html; charset=UTF-8,https://www.insource.co.jp/energy/leaf-usage.html,,2,https://www.insource.co.jp/municipality/index.html,/energy/,/energy/leaf-usage.html/,743,https://www.insource.co.jp/energy/leaf-usage.html,2026-09-03T03:23:13.294288+00:00,
https://www.insource.co.jp/energy/insbunkai-vol4.html,"ins-bunkai 【第四回】新機能誕生の裏側 - 社員研修,教育 職員研修 人材育成ならインソース",社会人教育の会社が開発するからこそ たどり着く、教育システムの最適解,200,text/html; charset=UTF-8,https://www.insource.co.jp/energy/insbunkai-vol4.html,,2,https://www.insource.co.jp/municipality/index.html,/energy/,/energy/insbunkai-vol4.html/,759,https://www.insource.co.jp/energy/insbunkai-vol4.html,2026-09-03T03:23:14.825433+00:00,
https://www.insource.co.jp/energy/energy_vol5.html,"ENERGY Vol.05 数字は組織の共通言語 - 社員研修,教育 職員研修 人材育成ならインソース",,200,text/html; charset=UTF-8,https://www.insource.co.jp/energy/energy_vol5.html,,2,https://www.insource.co.jp/municipality/index.html,/energy/,/energy/energy_vol5.html/,631,https://www.insource.co.jp/energy/energy_vol5.html,2026-09-03T03:23:16.552761+00:00,
https://www.insource.co.jp/energy/number-for-organization.html,"【巻頭特集】数字は組織の共通言語 - 社員研修,教育 職員研修 人材育成ならインソース",数字は組織の共通言語,200,text/html; charset=UTF-8,https://www.insource.co.jp/energy/number-for-organization.html,,2,https://www.insource.co.jp/municipality/index.html,/energy/,/energy/number-for-organization.html/,768,https://www.insource.co.jp/energy/number-for-organization.html,2026-09-03T03:23:17.959632+00:00,
https://www.insource.co.jp/energy/kpi.html,"ビジネスの数字を読み解く〜業界特有のＫＰＩ９選 - 社員研修,教育 職員研修 人材育成ならインソース",業界特有のＫＰＩ９選,200,text/html; charset=UTF-8,https://www.insource.co.jp/energy/kpi.html,,2,https://www.insource.co.jp/municipality/index.html,/energy/,/energy/kpi.html/,776,https://www.insource.co.jp/energy/kpi.html,2026-09-03T03:23:19.519983+00:00,
https://www.insource.co.jp/energy/insbunkai-vol3.html,"ins-bunkai 【第三回】納得感のあるコンテンツを生み出すために - 社員研修,教育 職員研修 人材育成ならインソース",感覚的な部分をいかに言語化し、 数字で具体性を出せるか。そこが腕の見せ所。,200,text/html; charset=UTF-8,https://www.insource.co.jp/energy/insbunkai-vol3.html,,2,https://www.insource.co.jp/municipality/index.html,/energy/,/energy/insbunkai-vol3.html/,725,https://www.insource.co.jp/energy/insbunkai-vol3.html,2026-09-03T03:23:21.092769+00:00,
https://www.insource.co.jp/energy/energy_vol4.html,"ENERGY Vol.04 DX革命 - 社員研修,教育 職員研修 人材育成ならインソース",,200,text/html; charset=UTF-8,https://www.insource.co.jp/energy/energy_vol4.html,,2,https://www.insource.co.jp/municipality/index.html,/energy/,/energy/energy_vol4.html/,696,https://www.insource.co.jp/energy/energy_vol4.html,2026-09-03T03:23:22.609869+00:00,
https://www.insource.co.jp/energy/production-site-dx.html,"生産現場からDX革命【第一工業製薬株式会社】 - 社員研修,教育 職員研修 人材育成ならインソース",社員全員をデジタルプラットフォームに乗せる,200,text/html; charset=UTF-8,https://www.insource.co.jp/energy/production-site-dx.html,,2,https://www.insource.co.jp/municipality/index.html,/energy/,/energy/production-site-dx.html/,695,https://www.insource.co.jp/energy/production-site-dx.html,2026-09-03T03:23:24.083355+00:00,
https://www.insource.co.jp/energy/dx-training.html,"インソースが考えるDX人材育成 教育で社員をDX人材へ - 社員研修,教育 職員研修 人材育成ならインソース",経営者・人事必見 インソースが考える DX 人材育成～教育で社員をＤＸ人材へ,200,text/html; charset=UTF-8,https://www.insource.co.jp/energy/dx-training.html,,2,https://www.insource.co.jp/municipality/index.html,/energy/,/energy/dx-training.html/,838,https://www.insource.co.jp/energy/dx-training.html,2026-09-03T03:23:25.545506+00:00,
https://www.insource.co.jp/energy/dx-0en.html,"0円からはじめるDX ファイル名の標準化はDXのスタート - 社員研修,教育 職員研修 人材育成ならインソース",０円からはじめるＤＸ～ファイル名の標準化はＤＸのスタート,200,text/html; charset=UTF-8,https://www.insource.co.jp/energy/dx-0en.html,,2,https://www.insource.co.jp/municipality/index.html,/energy/,/energy/dx-0en.html/,819,https://www.insource.co.jp/energy/dx-0en.html,2026-09-03T03:23:27.174709+00:00,
https://www.insource.co.jp/energy/insbunkai-special1.html,"ins-bunkai【特別回】事業開始にかける想い - 社員研修,教育 職員研修 人材育成ならインソース",直ちに困難に立ち向かえ、 そうすればその解決は時間の問題となる。,200,text/html; charset=UTF-8,https://www.insource.co.jp/energy/insbunkai-special1.html,,2,https://www.insource.co.jp/municipality/index.html,/energy/,/energy/insbunkai-special1.html/,845,https://www.insource.co.jp/energy/insbunkai-special1.html,2026-09-03T03:23:28.992505+00:00,
https://www.insource.co.jp/energy/dx-analog.html,"DX推進におけるアナログの重要性 - 社員研修,教育 職員研修 人材育成ならインソース",DX推進におけるアナログの重要性,200,text/html; charset=UTF-8,https://www.insource.co.jp/energy/dx-analog.html,,2,https://www.insource.co.jp/municipality/index.html,/energy/,/energy/dx-analog.html/,829,https://www.insource.co.jp/energy/dx-analog.html,2026-09-03T03:23:30.632058+00:00,
https://www.insource.co.jp/energy/energy_vol3.html,"ENERGY Vol.03 顧客を捉える - 社員研修,教育 職員研修 人材育成ならインソース",,200,text/html; charset=UTF-8,https://www.insource.co.jp/energy/energy_vol3.html,,2,https://www.insource.co.jp/municipality/index.html,/energy/,/energy/energy_vol3.html/,691,https://www.insource.co.jp/energy/energy_vol3.html,2026-09-03T03:23:32.247474+00:00,
https://www.insource.co.jp/energy/sales-dx.html,"業績回復のカギは営業ＤＸ〜トップは情報に着目した総力戦で勝ち残りを目指せ - 社員研修,教育 職員研修 人材育成ならインソース",業績回復のカギは営業ＤＸ 〜トップは情報に着目した総力戦で勝ち残りを目指せ,200,text/html; charset=UTF-8,https://www.insource.co.jp/energy/sales-dx.html,,2,https://www.insource.co.jp/municipality/index.html,/energy/,/energy/sales-dx.html/,709,https://www.insource.co.jp/energy/sales-dx.html,2026-09-03T03:23:33.715144+00:00,
https://www.insource.co.jp/energy/approach-enterprise.html,"今こそ大企業に切り込む〜アフターコロナの4つの勝機 - 社員研修,教育 職員研修 人材育成ならインソース",アフターコロナの4つの勝機,200,text/html; charset=UTF-8,https://www.insource.co.jp/energy/approach-enterprise.html,,2,https://www.insource.co.jp/municipality/index.html,/energy/,/energy/approach-enterprise.html/,710,https://www.insource.co.jp/energy/approach-enterprise.html,2026-09-03T03:23:35.207719+00:00,
https://www.insource.co.jp/energy/sales-website.html,"売上げをあげる強い自社サイトは営業主導でつくる - 社員研修,教育 職員研修 人材育成ならインソース",売上をあげる強い自社サイトは営業主導でつくる,200,text/html; charset=UTF-8,https://www.insource.co.jp/energy/sales-website.html,,2,https://www.insource.co.jp/municipality/index.html,/energy/,/energy/sales-website.html/,744,https://www.insource.co.jp/energy/sales-website.html,2026-09-03T03:23:36.702086+00:00,
https://www.insource.co.jp/energy/how-to-online-sales.html,"オンライン商談の勝ち筋 ""対面重視派""が未来を切り開くには? - 社員研修,教育 職員研修 人材育成ならインソース","""対面重視派""が未来を切り拓くには？",200,text/html; charset=UTF-8,https://www.insource.co.jp/energy/how-to-online-sales.html,,2,https://www.insource.co.jp/municipality/index.html,/energy/,/energy/how-to-online-sales.html/,749,https://www.insource.co.jp/energy/how-to-online-sales.html,2026-09-03T03:23:38.229586+00:00,
https://www.insource.co.jp/energy/energy_vol2.html,"ENERGY Vol.02 リーダー渇望 - 社員研修,教育 職員研修 人材育成ならインソース",,200,text/html; charset=UTF-8,https://www.insource.co.jp/energy/energy_vol2.html,,2,https://www.insource.co.jp/municipality/index.html,/energy/,/energy/energy_vol2.html/,801,https://www.insource.co.jp/energy/energy_vol2.html,2026-09-03T03:23:41.533155+00:00,
https://www.insource.co.jp/energy/after-covid19.html,"アフターコロナに活躍する強いリーダー - 社員研修,教育 職員研修 人材育成ならインソース",アフターコロナに活躍する強いリーダー,200,text/html; charset=UTF-8,https://www.insource.co.jp/energy/after-covid19.html,,2,https://www.insource.co.jp/municipality/index.html,/energy/,/energy/after-covid19.html/,911,https://www.insource.co.jp/energy/after-covid19.html,2026-09-03T03:23:43.111567+00:00,
https://www.insource.co.jp/energy/female-leader.html,"ダイバーシティリーダー - 社員研修,教育 職員研修 人材育成ならインソース",コロナ禍で結果的に出現した「フェアに戦う環境」で成果を競う,200,text/html; charset=UTF-8,https://www.insource.co.jp/energy/female-leader.html,,2,https://www.insource.co.jp/municipality/index.html,/energy/,/energy/female-leader.html/,901,https://www.insource.co.jp/energy/female-leader.html,2026-09-03T03:23:44.825423+00:00,
https://www.insource.co.jp/energy/behavioral-economics.html,"行動経済学を活用した若手リーダーの育成 - 社員研修,教育 職員研修 人材育成ならインソース",行動経済学を活用した若手リーダーの育成,200,text/html; charset=UTF-8,https://www.insource.co.jp/energy/behavioral-economics.html,,2,https://www.insource.co.jp/municipality/index.html,/energy/,/energy/behavioral-economics.html/,893,https://www.insource.co.jp/energy/behavioral-economics.html,2026-09-03T03:23:46.530445+00:00,
https://www.insource.co.jp/energy/Important-for-leaders.html,"リーダーに大切なこと ～歴史から学ぶリーダーの心得 - 社員研修,教育 職員研修 人材育成ならインソース",コロナ禍とリーダー,200,text/html; charset=UTF-8,https://www.insource.co.jp/energy/Important-for-leaders.html,,2,https://www.insource.co.jp/municipality/index.html,/energy/,/energy/Important-for-leaders.html/,900,https://www.insource.co.jp/energy/Important-for-leaders.html,2026-09-03T03:23:48.229366+00:00,
https://www.insource.co.jp/energy/insbunkai-vol2.html,"ins-bunkai【第二回】今、求められるリーダー - 社員研修,教育 職員研修 人材育成ならインソース",混乱期・変革期の今、求められるのは 「パトス（ｐａｔｈｏｓ）」を持ったリーダーである,200,text/html; charset=UTF-8,https://www.insource.co.jp/energy/insbunkai-vol2.html,,2,https://www.insource.co.jp/municipality/index.html,/energy/,/energy/insbunkai-vol2.html/,915,https://www.insource.co.jp/energy/insbunkai-vol2.html,2026-09-03T03:23:49.931917+00:00,
https://www.insource.co.jp/energy/energy_vol1.html,"ENERGY Vol.01「個」を見る - 社員研修,教育 職員研修 人材育成ならインソース",,200,text/html; charset=UTF-8,https://www.insource.co.jp/energy/energy_vol1.html,,2,https://www.insource.co.jp/municipality/index.html,/energy/,/energy/energy_vol1.html/,666,https://www.insource.co.jp/energy/energy_vol1.html,2026-09-03T03:23:51.646323+00:00,
https://www.insource.co.jp/energy/trend-generation.html,"「イマドキ世代の育て方」における組織の課題 - 社員研修,教育 職員研修 人材育成ならインソース",鍵は、組織及び個人の「エナジー」を 中心とした人材育成,200,text/html; charset=UTF-8,https://www.insource.co.jp/energy/trend-generation.html,,2,https://www.insource.co.jp/municipality/index.html,/energy/,/energy/trend-generation.html/,754,https://www.insource.co.jp/energy/trend-generation.html,2026-09-03T03:23:53.288153+00:00,
https://www.insource.co.jp/energy/hrm-individuals.html,"集団ではなく個を見る人材育成 - 社員研修,教育 職員研修 人材育成ならインソース",集団ではなく個を見る人材育成,200,text/html; charset=UTF-8,https://www.insource.co.jp/energy/hrm-individuals.html,,2,https://www.insource.co.jp/municipality/index.html,/energy/,/energy/hrm-individuals.html/,757,https://www.insource.co.jp/energy/hrm-individuals.html,2026-09-03T03:23:54.823829+00:00,
https://www.insource.co.jp/energy/dx_resource.html,"DX人材育成のポイント - 社員研修,教育 職員研修 人材育成ならインソース",内部人材のＤＸ人材化で実現するデジタルトランスフォーメーション,200,text/html; charset=UTF-8,https://www.insource.co.jp/energy/dx_resource.html,,2,https://www.insource.co.jp/municipality/index.html,/energy/,/energy/dx_resource.html/,704,https://www.insource.co.jp/energy/dx_resource.html,2026-09-03T03:23:56.362369+00:00,
https://www.insource.co.jp/energy/insbunkai-vol1.html,"insbunkai【第一回】「イマドキ世代」の育成 - 社員研修,教育 職員研修 人材育成ならインソース",個々のメンバーの性格や状態に合わせて働きかけを変える柔軟性が求められる,200,text/html; charset=UTF-8,https://www.insource.co.jp/energy/insbunkai-vol1.html,,2,https://www.insource.co.jp/municipality/index.html,/energy/,/energy/insbunkai-vol1.html/,704,https://www.insource.co.jp/energy/insbunkai-vol1.html,2026-09-03T03:23:57.848637+00:00,
https://www.insource.co.jp/contents/fax_download.html,FAXダウンロード:研修会社インソース～講師派遣研修／公開講座の研修,,200,text/html; charset=UTF-8,https://www.insource.co.jp/contents/fax_download.html,,2,https://www.insource.co.jp/municipality/index.html,/contents/,/contents/fax_download.html/,659,https://www.insource.co.jp/contents/fax_download.html,2026-09-03T03:23:59.335226+00:00,
https://www.insource.co.jp/ihl/250415_product_marketing.html,"製品３層モデル、デザイン思考、アンゾフの成長マトリクス～「売れる」製品開発のために知っておくべき３つのこと｜社員研修,教育 職員研修 人材育成ならインソース",製品３層モデル、デザイン思考、アンゾフの成長マトリクス～「売れる」製品開発のために知っておくべき３つのこと,200,text/html; charset=UTF-8,https://www.insource.co.jp/ihl/250415_product_marketing.html,,2,https://www.insource.co.jp/municipality/index.html,/ihl/,/ihl/250415_product_marketing.html/,754,https://www.insource.co.jp/ihl/250415_product_marketing.html,2026-09-03T03:24:00.754465+00:00,
https://www.insource.co.jp/ihl/250409_ojt-newcomer.html,"「教えてばかり」になっていませんか？～新人にやりがいを感じさせ離職を防ぐ、ＯＪＴのコツ｜社員研修,教育 職員研修 人材育成ならインソース",「教えてばかり」になっていませんか？～新人にやりがいを感じさせ離職を防ぐ、ＯＪＴのコツ,200,text/html; charset=UTF-8,https://www.insource.co.jp/ihl/250409_ojt-newcomer.html,,2,https://www.insource.co.jp/municipality/index.html,/ihl/,/ihl/250409_ojt-newcomer.html/,892,https://www.insource.co.jp/ihl/250409_ojt-newcomer.html,2026-09-03T03:24:02.303966+00:00,
https://www.insource.co.jp/ihl/250425_risk-suppress.html,"身近に潜む、危険な１０の行動～ちょっとした行為が情報セキュリティリスクにつながる｜社員研修,教育 職員研修 人材育成ならインソース",身近に潜む、危険な１０の行動～ちょっとした行為が情報セキュリティリスクにつながる,200,text/html; charset=UTF-8,https://www.insource.co.jp/ihl/250425_risk-suppress.html,,2,https://www.insource.co.jp/municipality/index.html,/ihl/,/ihl/250425_risk-suppress.html/,867,https://www.insource.co.jp/ihl/250425_risk-suppress.html,2026-09-03T03:24:03.970133+00:00,
https://www.insource.co.jp/ihl/250508_conversational-ai-imagination.html,"ChatGPTはアイデア出しの優秀なパートナー！～上手く使いこなすコツとは？｜社員研修,教育 職員研修 人材育成ならインソース",ChatGPTはアイデア出しの優秀なパートナー！～上手く使いこなすコツとは？,200,text/html; charset=UTF-8,https://www.insource.co.jp/ihl/250508_conversational-ai-imagination.html,,2,https://www.insource.co.jp/municipality/index.html,/ihl/,/ihl/250508_conversational-ai-imagination.html/,833,https://www.insource.co.jp/ihl/250508_conversational-ai-imagination.html,2026-09-03T03:24:05.612223+00:00,
https://www.insource.co.jp/ihl/250409_new-senior-staff.html,"「主任になったばかり」のときこそ知りたい～陥りやすい傾向と、後輩指導の仕方｜社員研修,教育 職員研修 人材育成ならインソース",「主任になったばかり」のときこそ知りたい～陥りやすい傾向と、後輩指導の仕方,200,text/html; charset=UTF-8,https://www.insource.co.jp/ihl/250409_new-senior-staff.html,,2,https://www.insource.co.jp/municipality/index.html,/ihl/,/ihl/250409_new-senior-staff.html/,945,https://www.insource.co.jp/ihl/250409_new-senior-staff.html,2026-09-03T03:24:07.404644+00:00,
https://www.insource.co.jp/ihl/250527_excelskillmap.html,"「Excelができる」ってどんな状態？Excel（エクセル）スキルはデータの「分析」か「処理」の２つに分類できる｜社員研修,教育 職員研修 人材育成ならインソース",「Excelができる」ってどんな状態？Excel（エクセル）スキルはデータの「分析」か「処理」の２つに分類できる,200,text/html; charset=UTF-8,https://www.insource.co.jp/ihl/250527_excelskillmap.html,,2,https://www.insource.co.jp/municipality/index.html,/ihl/,/ihl/250527_excelskillmap.html/,828,https://www.insource.co.jp/ihl/250527_excelskillmap.html,2026-09-03T03:24:09.125173+00:00,
https://www.insource.co.jp/ihl/250508_marketing_learn_mistake.html,"成功は偶然、失敗は必然。失敗しないための要件を導き出し、マーケティング施策に活かす｜社員研修,教育 職員研修 人材育成ならインソース",成功は偶然、失敗は必然。失敗しないための要件を導き出し、マーケティング施策に活かす,200,text/html; charset=UTF-8,https://www.insource.co.jp/ihl/250508_marketing_learn_mistake.html,,2,https://www.insource.co.jp/municipality/index.html,/ihl/,/ihl/250508_marketing_learn_mistake.html/,688,https://www.insource.co.jp/ihl/250508_marketing_learn_mistake.html,2026-09-03T03:24:10.733751+00:00,
https://www.insource.co.jp/ihl/kanrishoku3.html,"後悔しないためのラインケア～部下のメンタル不調に気づくための４つの視点｜社員研修,教育 職員研修 人材育成ならインソース",後悔しないためのラインケア～部下のメンタル不調に気づくための４つの視点,200,text/html; charset=UTF-8,https://www.insource.co.jp/ihl/kanrishoku3.html,,2,https://www.insource.co.jp/municipality/index.html,/ihl/,/ihl/kanrishoku3.html/,658,https://www.insource.co.jp/ihl/kanrishoku3.html,2026-09-03T03:24:12.205157+00:00,
https://www.insource.co.jp/ihl/250605_bup_kanrishoku2.html,"「教えない文化」からの脱却！人を育てる組織風土の醸成が未来を拓く｜社員研修,教育 職員研修 人材育成ならインソース",「教えない文化」からの脱却！人を育てる組織風土の醸成が未来を拓く,200,text/html; charset=UTF-8,https://www.insource.co.jp/ihl/250605_bup_kanrishoku2.html,,2,https://www.insource.co.jp/municipality/index.html,/ihl/,/ihl/250605_bup_kanrishoku2.html/,867,https://www.insource.co.jp/ihl/250605_bup_kanrishoku2.html,2026-09-03T03:24:13.639366+00:00,
https://www.insource.co.jp/it-tool/column/cost-leaf-system.html,研修の運用コストはどう減らす？LMS導入企業の工夫３選 | eラーニング/研修システム・LMS 「Leaf （リーフ）」,研修の運用コストはどう減らす？LMS導入企業の工夫３選,200,text/html; charset=UTF-8,https://www.insource.co.jp/it-tool/column/cost-leaf-system.html,,2,https://www.insource.co.jp/municipality/index.html,/it-tool/,/it-tool/column/,633,https://www.insource.co.jp/it-tool/column/cost-leaf-system.html,2026-09-03T03:24:15.284942+00:00,
https://www.insource.co.jp/it-tool/column/sc_lgwan_mix.html,自治体でストレスチェックをWEB実施にするには？LGWAN受検や紙併用など、取り入れやすい方法を解説！ | eラーニング/研修システム・LMS 「Leaf （リーフ）」,自治体でストレスチェックをWEB実施にするには？ LGWAN受検や紙併用など、取り入れやすい方法を解説！,200,text/html; charset=UTF-8,https://www.insource.co.jp/it-tool/column/sc_lgwan_mix.html,,2,https://www.insource.co.jp/municipality/index.html,/it-tool/,/it-tool/column/,665,https://www.insource.co.jp/it-tool/column/sc_lgwan_mix.html,2026-09-03T03:24:16.692252+00:00,
https://www.insource.co.jp/gam-batte/challenge/article/career-over-thewall.html,"離職防止のためのキャリア教育～若手がぶつかる「壁」に対応する｜Gambatte｜ガンバッテ｜社員研修,教育 職員研修 人材育成ならインソース",離職防止のためのキャリア教育～若手がぶつかる「壁」に対応する,200,text/html; charset=UTF-8,https://www.insource.co.jp/gam-batte/challenge/article/career-over-thewall.html,,2,https://www.insource.co.jp/municipality/index.html,/gam-batte/,/gam-batte/challenge/,868,https://www.insource.co.jp/gam-batte/challenge/article/career-over-thewall.html,2026-09-03T03:24:18.126397+00:00,
https://www.insource.co.jp/contents/column_customer-harassment.html,"知っているだけで心が落ち着くカスハラ対策～悪質クレーム対応 - 社員研修,教育 職員研修 人材育成ならインソース",知っているだけで心が落ち着くカスハラ対策 ～悪質クレーム対応,200,text/html; charset=UTF-8,https://www.insource.co.jp/contents/column_customer-harassment.html,,2,https://www.insource.co.jp/municipality/index.html,/contents/,/contents/column_customer-harassment.html/,699,https://www.insource.co.jp/contents/column_customer-harassment.html,2026-09-03T03:24:19.771026+00:00,
https://www.insource.co.jp/contents/column_generationgap_xyz.html,"Ｚ世代に知ってほしい、上司世代の本音とは～なぜしっくりいかない異世代コミュニケーション - 社員研修,教育 職員研修 人材育成ならインソース",Ｚ世代に知ってほしい、上司世代の本音とは ～なぜしっくりいかない異世代コミュニケーション,200,text/html; charset=UTF-8,https://www.insource.co.jp/contents/column_generationgap_xyz.html,,2,https://www.insource.co.jp/municipality/index.html,/contents/,/contents/column_generationgap_xyz.html/,951,https://www.insource.co.jp/contents/column_generationgap_xyz.html,2026-09-03T03:24:21.465154+00:00,
https://www.insource.co.jp/contents/column_unlearning.html,"持続可能な成長をするためのアンラーニング～知識・スキル・ノウハウのアップデート - 社員研修,教育 職員研修 人材育成ならインソース",持続可能な成長をするためのアンラーニング ～知識・スキル・ノウハウのアップデート,200,text/html; charset=UTF-8,https://www.insource.co.jp/contents/column_unlearning.html,,2,https://www.insource.co.jp/municipality/index.html,/contents/,/contents/column_unlearning.html/,778,https://www.insource.co.jp/contents/column_unlearning.html,2026-09-03T03:24:23.216089+00:00,
https://www.insource.co.jp/workshop/citypromotion-citysales-training.html,シティプロモーション「シティセールス研修」～地域の資源を魅力化する:研修会社インソース～研修／デザイン／システム,シティプロモーション「シティセールス研修」 ～地域の資源を魅力化する,200,text/html; charset=UTF-8,https://www.insource.co.jp/workshop/citypromotion-citysales-training.html,,2,https://www.insource.co.jp/municipality/index.html,/workshop/,/workshop/citypromotion-citysales-training.html/,681,https://www.insource.co.jp/workshop/citypromotion-citysales-training.html,2026-09-03T03:24:24.783388+00:00,
https://www.insource.co.jp/video-slide-production/video-from-insight.html,視聴者インサイトに訴求した動画制作～記憶に残る映像を制作する:研修会社インソース～研修／デザイン／システム,視聴者インサイトに訴求した動画制作 ～記憶に残る映像を制作する,200,text/html; charset=UTF-8,https://www.insource.co.jp/video-slide-production/video-from-insight.html,,2,https://www.insource.co.jp/municipality/index.html,/video-slide-production/,/video-slide-production/video-from-insight.html/,644,https://www.insource.co.jp/video-slide-production/video-from-insight.html,2026-09-03T03:24:26.272604+00:00,
https://www.insource.co.jp/workshop/citypromotion-marketing.html,地域魅力化プロデューサー養成塾～地域の資産を魅力化するリーン・スタートアップ（迅速な事業立ち上げ）プログラム:研修会社インソース～研修／デザイン／システム,地域魅力化プロデューサー養成塾 ～地域の資産を魅力化するリーン・スタートアップ（迅速な事業立ち上げ）プログラム,200,text/html; charset=UTF-8,https://www.insource.co.jp/workshop/citypromotion-marketing.html,,2,https://www.insource.co.jp/municipality/index.html,/workshop/,/workshop/citypromotion-marketing.html/,638,https://www.insource.co.jp/workshop/citypromotion-marketing.html,2026-09-03T03:24:27.668858+00:00,
https://www.insource.co.jp/workshop/citypromotion-machinakamiraikaigi.html,シティプロモーション「マチナカ、シアワセミライカイギ」～ファンを生むコミュニティづくり:研修会社インソース～研修／デザイン／システム,シティプロモーション「マチナカ、シアワセミライカイギ」 ～ファンを生むコミュニティづくり,200,text/html; charset=UTF-8,https://www.insource.co.jp/workshop/citypromotion-machinakamiraikaigi.html,,2,https://www.insource.co.jp/municipality/index.html,/workshop/,/workshop/citypromotion-machinakamiraikaigi.html/,620,https://www.insource.co.jp/workshop/citypromotion-machinakamiraikaigi.html,2026-09-03T03:24:29.101605+00:00,
https://www.insource.co.jp/workshop/citypromotion-facilitation.html,市民ファシリテーター養成～官民協働から民主体のまちづくり実現にむけたひとづくり:研修会社インソース～研修／デザイン／システム,市民ファシリテーター養成 ～官民協働から民主体のまちづくり実現にむけたひとづくり,200,text/html; charset=UTF-8,https://www.insource.co.jp/workshop/citypromotion-facilitation.html,,2,https://www.insource.co.jp/municipality/index.html,/workshop/,/workshop/citypromotion-facilitation.html/,648,https://www.insource.co.jp/workshop/citypromotion-facilitation.html,2026-09-03T03:24:30.468598+00:00,
https://www.insource.co.jp/video-slide-production/citypromotion-awareness-video-for-staff.html,シティプロモーション「地域の誇り醸成のための映像制作」:研修会社インソース～研修／デザイン／システム,シティプロモーション「地域の誇り醸成のための映像制作」,200,text/html; charset=UTF-8,https://www.insource.co.jp/video-slide-production/citypromotion-awareness-video-for-staff.html,,2,https://www.insource.co.jp/municipality/index.html,/video-slide-production/,/video-slide-production/citypromotion-awareness-video-for-staff.html/,679,https://www.insource.co.jp/video-slide-production/citypromotion-awareness-video-for-staff.html,2026-09-03T03:24:31.906116+00:00,
https://www.insource.co.jp/workshop/citypromotion-shiawasemiraikaigi.html,シティプロモーション「シアワセミライカイギ」～住民向けワークショップによる人づくり:研修会社インソース～研修／デザイン／システム,シティプロモーション「シアワセミライカイギ」 ～住民向けワークショップによる人づくり,200,text/html; charset=UTF-8,https://www.insource.co.jp/workshop/citypromotion-shiawasemiraikaigi.html,,2,https://www.insource.co.jp/municipality/index.html,/workshop/,/workshop/citypromotion-shiawasemiraikaigi.html/,613,https://www.insource.co.jp/workshop/citypromotion-shiawasemiraikaigi.html,2026-09-03T03:24:33.334364+00:00,
https://www.insource.co.jp/jichitai/jichitai_director_deputy_manager_top.html,行政向け部長・次長級職員研修 | 官公庁・自治体の教育・研修ならインソース,行政向け部長・次長級職員研修 | 官公庁・自治体の教育・研修ならインソース,200,text/html; charset=UTF-8,https://www.insource.co.jp/jichitai/jichitai_director_deputy_manager_top.html,,2,https://www.insource.co.jp/municipality/index.html,/jichitai/,/jichitai/jichitai_director_deputy_manager_top.html/,633,https://www.insource.co.jp/jichitai/jichitai_director_deputy_manager_top.html,2026-09-03T03:24:34.699793+00:00,
https://www.insource.co.jp/jichitai/jichitai_middle5.html,行政向け課長・所属長職員研修 | 官公庁・自治体の教育・研修ならインソース,行政向け課長・所属長職員研修 | 官公庁・自治体の教育・研修ならインソース,200,text/html; charset=UTF-8,https://www.insource.co.jp/jichitai/jichitai_middle5.html,,2,https://www.insource.co.jp/municipality/index.html,/jichitai/,/jichitai/jichitai_middle5.html/,803,https://www.insource.co.jp/jichitai/jichitai_middle5.html,2026-09-03T03:24:36.372169+00:00,
https://www.insource.co.jp/jichitai/jichitai_deputy_section_manager_chief_top.html,行政向け課長補佐・主幹職員研修 | 官公庁・自治体の教育・研修ならインソース,行政向け課長補佐・主幹職員研修 | 官公庁・自治体の教育・研修ならインソース,200,text/html; charset=UTF-8,https://www.insource.co.jp/jichitai/jichitai_deputy_section_manager_chief_top.html,,2,https://www.insource.co.jp/municipality/index.html,/jichitai/,/jichitai/jichitai_deputy_section_manager_chief_top.html/,661,https://www.insource.co.jp/jichitai/jichitai_deputy_section_manager_chief_top.html,2026-09-03T03:24:37.976519+00:00,
https://www.insource.co.jp/jichitai/jichitai-cyuken_top.html,行政向け係長級職員研修 | 官公庁・自治体の教育・研修ならインソース,行政向け係長級職員研修 | 官公庁・自治体の教育・研修ならインソース,200,text/html; charset=UTF-8,https://www.insource.co.jp/jichitai/jichitai-cyuken_top.html,,2,https://www.insource.co.jp/municipality/index.html,/jichitai/,/jichitai/jichitai-cyuken_top.html/,712,https://www.insource.co.jp/jichitai/jichitai-cyuken_top.html,2026-09-03T03:24:39.433239+00:00,
https://www.insource.co.jp/jichitai/jichitai-wakate_top.html,行政向け主任・主事職員研修 | 官公庁・自治体の教育・研修ならインソース,行政向け主任・主事職員研修 | 官公庁・自治体の教育・研修ならインソース,200,text/html; charset=UTF-8,https://www.insource.co.jp/jichitai/jichitai-wakate_top.html,,2,https://www.insource.co.jp/municipality/index.html,/jichitai/,/jichitai/jichitai-wakate_top.html/,670,https://www.insource.co.jp/jichitai/jichitai-wakate_top.html,2026-09-03T03:24:40.940678+00:00,
https://www.insource.co.jp/jichitai/jichitai_middle1.html,行政向け新規採用職員研修 | 官公庁・自治体の教育・研修ならインソース,行政向け新規採用職員研修 | 官公庁・自治体の教育・研修ならインソース,200,text/html; charset=UTF-8,https://www.insource.co.jp/jichitai/jichitai_middle1.html,,2,https://www.insource.co.jp/municipality/index.html,/jichitai/,/jichitai/jichitai_middle1.html/,704,https://www.insource.co.jp/jichitai/jichitai_middle1.html,2026-09-03T03:24:42.406739+00:00,
https://www.insource.co.jp/set/window_cs_light.html,ＣＳ（顧客満足度）調査サービス～総合ページ:現場で使える研修ならインソース,ＣＳ（顧客満足度）調査サービス～総合ページ | 現場で使える研修ならインソース,200,text/html; charset=UTF-8,https://www.insource.co.jp/set/window_cs_light.html,,2,https://www.insource.co.jp/municipality/index.html,/set/,/set/window_cs_light.html/,723,https://www.insource.co.jp/set/window_cs_light.html,2026-09-03T03:24:43.902440+00:00,
https://www.insource.co.jp/jichitai/j_kikaku_kaihatsu.html,行政向け伴走型政策形成研修（４日間）:現場で使える研修ならインソース,行政向け伴走型政策形成研修（４日間）,200,text/html; charset=UTF-8,https://www.insource.co.jp/jichitai/j_kikaku_kaihatsu.html,,2,https://www.insource.co.jp/municipality/index.html,/jichitai/,/jichitai/j_kikaku_kaihatsu.html/,799,https://www.insource.co.jp/jichitai/j_kikaku_kaihatsu.html,2026-09-03T03:24:45.440740+00:00,
https://www.insource.co.jp/jichitai/jichitai_middle7.html,行政向けコミュニケーション力向上 | 官公庁・自治体の教育・研修ならインソース,行政向けコミュニケーション力向上 | 官公庁・自治体の教育・研修ならインソース,200,text/html; charset=UTF-8,https://www.insource.co.jp/jichitai/jichitai_middle7.html,,2,https://www.insource.co.jp/municipality/index.html,/jichitai/,/jichitai/jichitai_middle7.html/,654,https://www.insource.co.jp/jichitai/jichitai_middle7.html,2026-09-03T03:24:47.293456+00:00,
https://www.insource.co.jp/jichitai/jichitai_middle6.html,行政向け部下・後輩育成能力向上 | 官公庁・自治体の教育・研修ならインソース,行政向け部下・後輩育成能力向上 | 官公庁・自治体の教育・研修ならインソース,200,text/html; charset=UTF-8,https://www.insource.co.jp/jichitai/jichitai_middle6.html,,2,https://www.insource.co.jp/municipality/index.html,/jichitai/,/jichitai/jichitai_middle6.html/,668,https://www.insource.co.jp/jichitai/jichitai_middle6.html,2026-09-03T03:24:48.748389+00:00,
https://www.insource.co.jp/jichitai/jichitai_middle2.html,官公庁・自治体向けリーダーシップ研修:現場で使える研修ならインソース,官公庁・自治体向けリーダーシップ研修 | 現場で使える研修ならインソース,200,text/html; charset=UTF-8,https://www.insource.co.jp/jichitai/jichitai_middle2.html,,2,https://www.insource.co.jp/municipality/index.html,/jichitai/,/jichitai/jichitai_middle2.html/,645,https://www.insource.co.jp/jichitai/jichitai_middle2.html,2026-09-03T03:24:50.219759+00:00,
https://www.insource.co.jp/jichitai/jichitai_middle14.html,行政向けロジカルシンキング能力向上 | 官公庁・自治体の教育・研修ならインソース,行政向けロジカルシンキング能力向上 | 官公庁・自治体の教育・研修ならインソース,200,text/html; charset=UTF-8,https://www.insource.co.jp/jichitai/jichitai_middle14.html,,2,https://www.insource.co.jp/municipality/index.html,/jichitai/,/jichitai/jichitai_middle14.html/,643,https://www.insource.co.jp/jichitai/jichitai_middle14.html,2026-09-03T03:24:51.660669+00:00,
https://www.insource.co.jp/jichitai/jichitai_middle15.html,行政向け政策立案能力向上 | 官公庁・自治体の教育・研修ならインソース,行政向け政策立案能力向上 | 官公庁・自治体の教育・研修ならインソース,200,text/html; charset=UTF-8,https://www.insource.co.jp/jichitai/jichitai_middle15.html,,2,https://www.insource.co.jp/municipality/index.html,/jichitai/,/jichitai/jichitai_middle15.html/,855,https://www.insource.co.jp/jichitai/jichitai_middle15.html,2026-09-03T03:24:53.093219+00:00,
https://www.insource.co.jp/jichitai/jichitai_middle13.html,行政向け折衝力・交渉能力向上 | 官公庁・自治体の教育・研修ならインソース,行政向け折衝力・交渉能力向上 | 官公庁・自治体の教育・研修ならインソース,200,text/html; charset=UTF-8,https://www.insource.co.jp/jichitai/jichitai_middle13.html,,2,https://www.insource.co.jp/municipality/index.html,/jichitai/,/jichitai/jichitai_middle13.html/,684,https://www.insource.co.jp/jichitai/jichitai_middle13.html,2026-09-03T03:24:54.743084+00:00,
https://www.insource.co.jp/jichitai/jichitai_middle8.html,行政向けプレゼンテーション力向上 | 官公庁・自治体の教育・研修ならインソース,行政向けプレゼンテーション力向上 | 官公庁・自治体の教育・研修ならインソース,200,text/html; charset=UTF-8,https://www.insource.co.jp/jichitai/presen-top.html,,2,https://www.insource.co.jp/municipality/index.html,/jichitai/,/jichitai/jichitai_middle8.html/,1213,https://www.insource.co.jp/jichitai/presen-top.html,2026-09-03T03:24:56.425717+00:00,
https://www.insource.co.jp/jichitai/jichitai_middle4.html,行政向け住民満足向上 | 官公庁・自治体の教育・研修ならインソース,行政向け住民満足向上 | 官公庁・自治体の教育・研修ならインソース,200,text/html; charset=UTF-8,https://www.insource.co.jp/jichitai/jichitai_middle4.html,,2,https://www.insource.co.jp/municipality/index.html,/jichitai/,/jichitai/jichitai_middle4.html/,762,https://www.insource.co.jp/jichitai/jichitai_middle4.html,2026-09-03T03:24:58.437404+00:00,
https://www.insource.co.jp/jichitai/jichitai_middle16.html,行政向けクレーム、苦情対応 | 官公庁・自治体の教育・研修ならインソース,行政向けクレーム、苦情対応 | 官公庁・自治体の教育・研修ならインソース,200,text/html; charset=UTF-8,https://www.insource.co.jp/jichitai/jichitai_middle16.html,,2,https://www.insource.co.jp/municipality/index.html,/jichitai/,/jichitai/jichitai_middle16.html/,712,https://www.insource.co.jp/jichitai/jichitai_middle16.html,2026-09-03T03:25:01.618856+00:00,
https://www.insource.co.jp/jichitai/jichitai_middle12.html,行政向け業務改善力向上 | 官公庁・自治体の教育・研修ならインソース,行政向け業務改善力向上 | 官公庁・自治体の教育・研修ならインソース,200,text/html; charset=UTF-8,https://www.insource.co.jp/jichitai/gyomukaizen-top.html,,2,https://www.insource.co.jp/municipality/index.html,/jichitai/,/jichitai/jichitai_middle12.html/,1195,https://www.insource.co.jp/jichitai/gyomukaizen-top.html,2026-09-03T03:25:03.127754+00:00,
https://www.insource.co.jp/jichitai/jichitai_middle3.html,行政向け自己管理能力向上 | 官公庁・自治体の教育・研修ならインソース,行政向け自己管理能力向上 | 官公庁・自治体の教育・研修ならインソース,200,text/html; charset=UTF-8,https://www.insource.co.jp/jichitai/jichitai_middle3.html,,2,https://www.insource.co.jp/municipality/index.html,/jichitai/,/jichitai/jichitai_middle3.html/,658,https://www.insource.co.jp/jichitai/jichitai_middle3.html,2026-09-03T03:25:05.124192+00:00,
https://www.insource.co.jp/jichitai/jichitai_middle17.html,行政向けキャリアデザイン | 官公庁・自治体の教育・研修ならインソース,行政向けキャリアデザイン | 官公庁・自治体の教育・研修ならインソース,200,text/html; charset=UTF-8,https://www.insource.co.jp/jichitai/jichitai_middle17.html,,2,https://www.insource.co.jp/municipality/index.html,/jichitai/,/jichitai/jichitai_middle17.html/,656,https://www.insource.co.jp/jichitai/jichitai_middle17.html,2026-09-03T03:25:06.573186+00:00,
https://www.insource.co.jp/gyokai/teacher_top.html,教職員向け研修・サービス | 官公庁・自治体の教育・研修ならインソース,教職員向け研修・サービス | 官公庁・自治体の教育・研修ならインソース,200,text/html; charset=UTF-8,https://www.insource.co.jp/gyokai/teacher_top.html,,2,https://www.insource.co.jp/municipality/index.html,/gyokai/,/gyokai/teacher_top.html/,658,https://www.insource.co.jp/gyokai/teacher_top.html,2026-09-03T03:25:08.238684+00:00,
https://www.insource.co.jp/jichitai/ginou_top.html,技能職員向け研修・サービス | 官公庁・自治体の教育・研修ならインソース,技能職員向け研修・サービス | 官公庁・自治体の教育・研修ならインソース,200,text/html; charset=UTF-8,https://www.insource.co.jp/jichitai/ginou_top.html,,2,https://www.insource.co.jp/municipality/index.html,/jichitai/,/jichitai/ginou_top.html/,685,https://www.insource.co.jp/jichitai/ginou_top.html,2026-09-03T03:25:09.687265+00:00,
https://www.insource.co.jp/jichitai/firefighter_top.html,消防士向け研修・サービス | 官公庁・自治体の教育・研修ならインソース,消防士向け研修・サービス | 官公庁・自治体の教育・研修ならインソース,200,text/html; charset=UTF-8,https://www.insource.co.jp/jichitai/firefighter_top.html,,2,https://www.insource.co.jp/municipality/index.html,/jichitai/,/jichitai/firefighter_top.html/,344,https://www.insource.co.jp/jichitai/firefighter_top.html,2026-09-03T03:25:11.162934+00:00,
https://www.insource.co.jp/jichitai/suidoukyoku_top.html,水道局／水道業界向け研修・サービス～総合ページ | 官公庁・自治体の教育・研修ならインソース,水道局／水道業界向け研修・サービス～総合ページ | 官公庁・自治体の教育・研修ならインソース,200,text/html; charset=UTF-8,https://www.insource.co.jp/jichitai/suidoukyoku_top.html,,2,https://www.insource.co.jp/municipality/index.html,/jichitai/,/jichitai/suidoukyoku_top.html/,640,https://www.insource.co.jp/jichitai/suidoukyoku_top.html,2026-09-03T03:25:12.299177+00:00,
https://www.insource.co.jp/jichitai/construction_bureau_top.html,建設局向け研修・サービス | 官公庁・自治体の教育・研修ならインソース,建設局向け研修・サービス | 官公庁・自治体の教育・研修ならインソース,200,text/html; charset=UTF-8,https://www.insource.co.jp/jichitai/construction_bureau_top.html,,2,https://www.insource.co.jp/municipality/index.html,/jichitai/,/jichitai/construction_bureau_top.html/,622,https://www.insource.co.jp/jichitai/construction_bureau_top.html,2026-09-03T03:25:13.732515+00:00,
https://www.insource.co.jp/jichitai/environment_bureau_top.html,環境局向け研修・サービス | 官公庁・自治体の教育・研修ならインソース,環境局向け研修・サービス | 官公庁・自治体の教育・研修ならインソース,200,text/html; charset=UTF-8,https://www.insource.co.jp/jichitai/environment_bureau_top.html,,2,https://www.insource.co.jp/municipality/index.html,/jichitai/,/jichitai/environment_bureau_top.html/,659,https://www.insource.co.jp/jichitai/environment_bureau_top.html,2026-09-03T03:25:15.146107+00:00,
https://www.insource.co.jp/jichitai/tourism_bureauourism_bureau_top.html,経済局・観光局向け研修・サービス | 官公庁・自治体の教育・研修ならインソース,経済局・観光局向け研修・サービス | 官公庁・自治体の教育・研修ならインソース,200,text/html; charset=UTF-8,https://www.insource.co.jp/jichitai/tourism_bureauourism_bureau_top.html,,2,https://www.insource.co.jp/municipality/index.html,/jichitai/,/jichitai/tourism_bureauourism_bureau_top.html/,681,https://www.insource.co.jp/jichitai/tourism_bureauourism_bureau_top.html,2026-09-03T03:25:16.598425+00:00,
https://www.insource.co.jp/gyokai/houmukyoku.html,法務局向け研修・サービス:現場で使える研修ならインソース,法務局向け研修・サービス | 官公庁・自治体の教育・研修ならインソース,200,text/html; charset=UTF-8,https://www.insource.co.jp/gyokai/houmukyoku.html,,2,https://www.insource.co.jp/municipality/index.html,/gyokai/,/gyokai/houmukyoku.html/,654,https://www.insource.co.jp/gyokai/houmukyoku.html,2026-09-03T03:25:18.072504+00:00,
https://www.insource.co.jp/jichitai/court_top.html,裁判所職員向け研修・サービス:現場で使える研修ならインソース,裁判所職員向け研修・サービス | 官公庁・自治体の教育・研修ならインソース,200,text/html; charset=UTF-8,https://www.insource.co.jp/jichitai/court_top.html,,2,https://www.insource.co.jp/municipality/index.html,/jichitai/,/jichitai/court_top.html/,648,https://www.insource.co.jp/jichitai/court_top.html,2026-09-03T03:25:19.713614+00:00,
https://www.insource.co.jp/gyokai/library_top.html,図書館・博物館・美術館向け研修・サービス | 官公庁・自治体の教育・研修ならインソース,図書館・博物館・美術館向け研修・サービス | 官公庁・自治体の教育・研修ならインソース,200,text/html; charset=UTF-8,https://www.insource.co.jp/gyokai/library_top.html,,2,https://www.insource.co.jp/municipality/index.html,/gyokai/,/gyokai/library_top.html/,703,https://www.insource.co.jp/gyokai/library_top.html,2026-09-03T03:25:21.147822+00:00,
https://www.insource.co.jp/period-poverty/case.html,生理用品を配布した自治体のお声 - 株式会社インソース,,200,text/html; charset=UTF-8,https://www.insource.co.jp/period-poverty/case.html,,2,https://www.insource.co.jp/municipality/index.html,/period-poverty/,/period-poverty/case.html/,699,https://www.insource.co.jp/period-poverty/case.html,2026-09-03T03:25:22.642744+00:00,
https://www.insource.co.jp/period-poverty-municipality/faq/index.html,生理の貧困対策支援プロジェクト（自治体向け）全力Q&A | 「すべての人材を見える化する」人材紹介サービスでもインソース,,200,text/html; charset=UTF-8,https://www.insource.co.jp/period-poverty-municipality/faq/index.html,,2,https://www.insource.co.jp/municipality/index.html,/period-poverty-municipality/,/period-poverty-municipality/faq/,642,https://www.insource.co.jp/period-poverty-municipality/faq/index.html,2026-09-03T03:25:24.111113+00:00,
https://www.insource.co.jp/kenshu-flow.html,インソース 研修の考え方 研修実施の流れ - 株式会社インソース,インソース 研修の考え方 翌日から実践できる内容を！,200,text/html; charset=UTF-8,https://www.insource.co.jp/kenshu-flow.html,,2,https://www.insource.co.jp/kyoiku/koshihaken_gyoshu.html,/kenshu-flow.html/,,644,https://www.insource.co.jp/kenshu-flow.html,2026-09-03T03:25:25.518057+00:00,
https://www.insource.co.jp/leader/boss_expectations.html,期待に応える中堅社員研修～次のステージに進むための自己点検（１日間）:現場で使える研修ならインソース,期待に応える中堅社員研修～次のステージに進むための自己点検（１日間）,200,text/html; charset=UTF-8,https://www.insource.co.jp/leader/boss_expectations.html,,2,https://www.insource.co.jp/kyoiku/koshihaken_gyoshu.html,/leader/,/leader/boss_expectations.html/,1372,https://www.insource.co.jp/leader/boss_expectations.html,2026-09-03T03:25:26.911652+00:00,
https://www.insource.co.jp/ojt/5step_guidance.html,５ステップＯＪＴ研修～準備・訓練・伴走による部下育成（１日間）:現場で使える研修ならインソース,５ステップＯＪＴ研修～準備・訓練・伴走による部下育成（１日間）,200,text/html; charset=UTF-8,https://www.insource.co.jp/ojt/5step_guidance.html,,2,https://www.insource.co.jp/kyoiku/koshihaken_gyoshu.html,/ojt/,/ojt/5step_guidance.html/,922,https://www.insource.co.jp/ojt/5step_guidance.html,2026-09-03T03:25:29.153749+00:00,
https://www.insource.co.jp/assertive/manager_practical.html,管理職向けアサーティブコミュニケーション研修～信頼を損ねず要点を伝える（１日間）:現場で使える研修ならインソース,管理職向けアサーティブコミュニケーション研修～信頼を損ねず要点を伝える（１日間）,200,text/html; charset=UTF-8,https://www.insource.co.jp/assertive/manager_practical.html,,2,https://www.insource.co.jp/kyoiku/koshihaken_gyoshu.html,/assertive/,/assertive/manager_practical.html/,1111,https://www.insource.co.jp/assertive/manager_practical.html,2026-09-03T03:25:30.922683+00:00,
https://www.insource.co.jp/ai-solution/ai_agent_gemini.html,AIエージェント基礎研修～Geminiで自組織専用のGemを作成する（１日間）:現場で使える研修ならインソース,AIエージェント基礎研修～Geminiで自組織専用のGemを作成する（１日間）,200,text/html; charset=UTF-8,https://www.insource.co.jp/ai-solution/ai_agent_gemini.html,,2,https://www.insource.co.jp/kyoiku/koshihaken_gyoshu.html,/ai-solution/,/ai-solution/ai_agent_gemini.html/,898,https://www.insource.co.jp/ai-solution/ai_agent_gemini.html,2026-09-03T03:25:33.128427+00:00,
https://www.insource.co.jp/dougahyakkaten/selection_customer-harassment.html,動画百貨店 業界向けカスタマーハラスメント対策動画教材セレクション:eラーニング・動画教材での研修もインソース,,200,text/html; charset=UTF-8,https://www.insource.co.jp/dougahyakkaten/selection_customer-harassment.html,,2,https://www.insource.co.jp/kyoiku/koshihaken_gyoshu.html,/dougahyakkaten/,/dougahyakkaten/selection_customer-harassment.html/,619,https://www.insource.co.jp/dougahyakkaten/selection_customer-harassment.html,2026-09-03T03:25:34.860742+00:00,
https://www.insource.co.jp/kyoiku/faq/index.html,テーマ別の講師派遣型研修 全力Q&A:現場で使える研修ならインソース,,200,text/html; charset=UTF-8,https://www.insource.co.jp/kyoiku/faq/index.html,,2,https://www.insource.co.jp/kyoiku/koshihaken_gyoshu.html,/kyoiku/,/kyoiku/faq/,659,https://www.insource.co.jp/kyoiku/faq/index.html,2026-09-03T03:25:36.246568+00:00,
https://www.insource.co.jp/case/index.html,全力ケーススタディ:現場で使える研修ならインソース,,200,text/html; charset=UTF-8,https://www.insource.co.jp/case/index.html,,2,https://www.insource.co.jp/kyoiku/koshihaken_gyoshu.html,/case/,/case/index.html/,667,https://www.insource.co.jp/case/index.html,2026-09-03T03:25:37.644054+00:00,
https://www.insource.co.jp/kenshu/digitaltext-flow.html,インソース電子テキスト～講師派遣型研修:現場で使える研修ならインソース,,200,text/html; charset=UTF-8,https://www.insource.co.jp/kenshu/digitaltext-flow.html,,2,https://www.insource.co.jp/kyoiku/koshihaken_gyoshu.html,/kenshu/,/kenshu/digitaltext-flow.html/,624,https://www.insource.co.jp/kenshu/digitaltext-flow.html,2026-09-03T03:25:39.063891+00:00,
https://www.insource.co.jp/contents/text_print.html,テキスト印刷サービス:研修会社インソース～講師派遣研修／公開講座の研修,テキスト印刷サービス,200,text/html; charset=UTF-8,https://www.insource.co.jp/contents/text_print.html,,2,https://www.insource.co.jp/kyoiku/koshihaken_gyoshu.html,/contents/,/contents/text_print.html/,636,https://www.insource.co.jp/contents/text_print.html,2026-09-03T03:25:40.435674+00:00,
https://www.insource.co.jp/contents/binding-text-service.html,研修テキスト試し読み:研修会社インソース～講師派遣研修／公開講座の研修,,200,text/html; charset=UTF-8,https://www.insource.co.jp/contents/binding-text-service.html,,2,https://www.insource.co.jp/kyoiku/koshihaken_gyoshu.html,/contents/,/contents/binding-text-service.html/,692,https://www.insource.co.jp/contents/binding-text-service.html,2026-09-03T03:25:41.819397+00:00,
https://www.insource.co.jp/skill-thinking-nature/workshop.html,ワークショップ関連サービス | 現場で使える研修ならインソース,ワークショップ関連サービス | 現場で使える研修ならインソース,200,text/html; charset=UTF-8,https://www.insource.co.jp/skill-thinking-nature/workshop.html,,2,https://www.insource.co.jp/kyoiku/koshihaken_gyoshu.html,/skill-thinking-nature/,/skill-thinking-nature/workshop.html/,653,https://www.insource.co.jp/skill-thinking-nature/workshop.html,2026-09-03T03:25:43.336166+00:00,
https://www.insource.co.jp/online-support/management-agency.html,研修業務委託サービス:研修会社インソース～講師派遣研修／公開講座の研修,,200,text/html; charset=UTF-8,https://www.insource.co.jp/ikkatsu/ikkatsu_top.html,,2,https://www.insource.co.jp/kyoiku/koshihaken_gyoshu.html,/online-support/,/online-support/management-agency.html/,1124,https://www.insource.co.jp/ikkatsu/ikkatsu_top.html,2026-09-03T03:25:44.982758+00:00,
https://www.insource.co.jp/contents/text-retailing.html,テキスト販売サービス:研修会社インソース～講師派遣研修／公開講座の研修,,200,text/html; charset=UTF-8,https://www.insource.co.jp/contents/text-retailing.html,,2,https://www.insource.co.jp/kyoiku/koshihaken_gyoshu.html,/contents/,/contents/text-retailing.html/,653,https://www.insource.co.jp/contents/text-retailing.html,2026-09-03T03:25:46.883354+00:00,
https://www.insource.co.jp/online-support/ochanomizu.html,研修業務委託サービス:研修会社インソース～講師派遣研修／公開講座の研修,,200,text/html; charset=UTF-8,https://www.insource.co.jp/ikkatsu/ikkatsu_top.html,,2,https://www.insource.co.jp/kyoiku/koshihaken_gyoshu.html,/online-support/,/online-support/ochanomizu.html/,504,https://www.insource.co.jp/ikkatsu/ikkatsu_top.html,2026-09-03T03:25:48.342168+00:00,
https://www.insource.co.jp/project-management/requirement_efinition.html,【極意シリーズ】要求定義研修～要望の具体化と合意形成（半日間）:現場で使える研修ならインソース,【極意シリーズ】要求定義研修～要望の具体化と合意形成（半日間）,200,text/html; charset=UTF-8,https://www.insource.co.jp/project-management/requirement_efinition.html,,2,https://www.insource.co.jp/kyoiku/koshihaken_gyoshu.html,/project-management/,/project-management/requirement_efinition.html/,866,https://www.insource.co.jp/project-management/requirement_efinition.html,2026-09-03T03:25:49.621062+00:00,
https://www.insource.co.jp/makermaneger/cost_reduction.html,（工場管理職向け）原価管理・コスト削減研修（１日間）:現場で使える研修ならインソース,（工場管理職向け）原価管理・コスト削減研修（１日間）,200,text/html; charset=UTF-8,https://www.insource.co.jp/makermaneger/cost_reduction.html,,2,https://www.insource.co.jp/kyoiku/koshihaken_gyoshu.html,/makermaneger/,/makermaneger/cost_reduction.html/,776,https://www.insource.co.jp/makermaneger/cost_reduction.html,2026-09-03T03:25:51.328615+00:00,
https://www.insource.co.jp/dx-human-resources/ai_improve_efficiency.html,（人事担当者向け）生成ＡＩ活用研修～採用・人材育成業務から進める人事ＤＸ（１日間）:現場で使える研修ならインソース,（人事担当者向け）生成ＡＩ活用研修～採用・人材育成業務から進める人事ＤＸ（１日間）,200,text/html; charset=UTF-8,https://www.insource.co.jp/dx-human-resources/ai_improve_efficiency.html,,2,https://www.insource.co.jp/kyoiku/koshihaken_gyoshu.html,/dx-human-resources/,/dx-human-resources/ai_improve_efficiency.html/,1353,https://www.insource.co.jp/dx-human-resources/ai_improve_efficiency.html,2026-09-03T03:25:52.930095+00:00,
https://www.insource.co.jp/bup/bup_corporate-services.html,公開講座法人向けサービス―１名から参加できる研修の会社インソース,,200,text/html; charset=UTF-8,https://www.insource.co.jp/bup/bup_corporate-services.html,,2,https://www.insource.co.jp/kyoiku/newrelease_list.html,/bup/,/bup/bup_corporate-services.html/,698,https://www.insource.co.jp/bup/bup_corporate-services.html,2026-09-03T03:25:55.139645+00:00,
https://www.insource.co.jp/mailmagazine/backnumber/index.html,"トレンドニュース - 社員研修,教育 職員研修 人材育成ならインソース",,200,text/html; charset=UTF-8,https://www.insource.co.jp/mailmagazine/backnumber/index.html,,2,https://www.insource.co.jp/kyoiku/newrelease_list.html,/mailmagazine/,/mailmagazine/backnumber/,605,https://www.insource.co.jp/mailmagazine/backnumber/index.html,2026-09-03T03:25:56.887312+00:00,
https://www.insource.co.jp/kyoiku/newrelease_bup.html,新作研修・動画教材一覧～公開講座型研修:現場で使える研修ならインソース,,200,text/html; charset=UTF-8,https://www.insource.co.jp/kyoiku/newrelease_bup.html,,2,https://www.insource.co.jp/kyoiku/newrelease_list.html,/kyoiku/,/kyoiku/newrelease_bup.html/,641,https://www.insource.co.jp/kyoiku/newrelease_bup.html,2026-09-03T03:25:58.249045+00:00,
https://www.insource.co.jp/kyoiku/newrelease_dougahyakkaten.html,新作研修・動画教材一覧～動画教材:現場で使える研修ならインソース,,200,text/html; charset=UTF-8,https://www.insource.co.jp/kyoiku/newrelease_dougahyakkaten.html,,2,https://www.insource.co.jp/kyoiku/newrelease_list.html,/kyoiku/,/kyoiku/newrelease_dougahyakkaten.html/,649,https://www.insource.co.jp/kyoiku/newrelease_dougahyakkaten.html,2026-09-03T03:25:59.675566+00:00,
https://www.insource.co.jp/ai-solution/analysis_agent.html,カレンダーやメールを分析するＡＩ作成研修～Copilot Studioで業務自動化（半日間）:現場で使える研修ならインソース,カレンダーやメールを分析するＡＩ作成研修～Copilot Studioで業務自動化（半日間）,200,text/html; charset=UTF-8,https://www.insource.co.jp/ai-solution/analysis_agent.html,,2,https://www.insource.co.jp/kyoiku/newrelease_list.html,/ai-solution/,/ai-solution/analysis_agent.html/,930,https://www.insource.co.jp/ai-solution/analysis_agent.html,2026-09-03T03:26:01.107797+00:00,
https://www.insource.co.jp/ai-transformation/integrate_gemini.html,基礎から学ぶGemini研修～Googleアプリと連携しGemで効率化する（２日間）:現場で使える研修ならインソース,基礎から学ぶGemini研修～Googleアプリと連携しGemで効率化する（２日間）,200,text/html; charset=UTF-8,https://www.insource.co.jp/ai-transformation/integrate_gemini.html,,2,https://www.insource.co.jp/kyoiku/newrelease_list.html,/ai-transformation/,/ai-transformation/integrate_gemini.html/,811,https://www.insource.co.jp/ai-transformation/integrate_gemini.html,2026-09-03T03:26:02.874108+00:00,
https://www.insource.co.jp/learn-deepen/copilot.html,じっくり学ぶCopilot活用研修～生成ＡＩを業務で使いこなす（１日間）:現場で使える研修ならインソース,じっくり学ぶCopilot活用研修～生成ＡＩを業務で使いこなす（１日間）,200,text/html; charset=UTF-8,https://www.insource.co.jp/learn-deepen/copilot.html,,2,https://www.insource.co.jp/kyoiku/newrelease_list.html,/learn-deepen/,/learn-deepen/copilot.html/,797,https://www.insource.co.jp/learn-deepen/copilot.html,2026-09-03T03:26:04.513317+00:00,
https://www.insource.co.jp/ai-solution/copilot_wordexcel.html,業務効率化のためのCopilot研修～Word・Excelへの生成ＡＩ活用（１日間）:現場で使える研修ならインソース,業務効率化のためのCopilot研修～Word・Excelへの生成ＡＩ活用（１日間）,200,text/html; charset=UTF-8,https://www.insource.co.jp/ai-solution/copilot_wordexcel.html,,2,https://www.insource.co.jp/kyoiku/newrelease_list.html,/ai-solution/,/ai-solution/copilot_wordexcel.html/,937,https://www.insource.co.jp/ai-solution/copilot_wordexcel.html,2026-09-03T03:26:06.134697+00:00,
https://www.insource.co.jp/data-scientist/ai_analysis.html,生成ＡＩを用いたデータ分析力向上研修～課題設定から施策立案まで（１日間）:現場で使える研修ならインソース,生成ＡＩを用いたデータ分析力向上研修～課題設定から施策立案まで（１日間）,200,text/html; charset=UTF-8,https://www.insource.co.jp/data-scientist/ai_analysis.html,,2,https://www.insource.co.jp/kyoiku/newrelease_list.html,/data-scientist/,/data-scientist/ai_analysis.html/,1106,https://www.insource.co.jp/data-scientist/ai_analysis.html,2026-09-03T03:26:08.094953+00:00,
https://www.insource.co.jp/pckenshu/ms365_gyoumukaizen.html,Microsoft 365業務改善研修～業務効率化を組織の成果へ（１日間）:現場で使える研修ならインソース,Microsoft 365業務改善研修～業務効率化を組織の成果へ（１日間）,200,text/html; charset=UTF-8,https://www.insource.co.jp/pckenshu/ms365_gyoumukaizen.html,,2,https://www.insource.co.jp/kyoiku/newrelease_list.html,/pckenshu/,/pckenshu/ms365_gyoumukaizen.html/,850,https://www.insource.co.jp/pckenshu/ms365_gyoumukaizen.html,2026-09-03T03:26:10.059769+00:00,
https://www.insource.co.jp/ai-solution/chatgpt_prompt.html,業務効率化のためのChatGPT活用研修～仕事に使える指示の出し方を学ぶ（１日間）:現場で使える研修ならインソース,業務効率化のためのChatGPT活用研修～仕事に使える指示の出し方を学ぶ（１日間）,200,text/html; charset=UTF-8,https://www.insource.co.jp/ai-solution/chatgpt_prompt.html,,2,https://www.insource.co.jp/kyoiku/newrelease_list.html,/ai-solution/,/ai-solution/chatgpt_prompt.html/,834,https://www.insource.co.jp/ai-solution/chatgpt_prompt.html,2026-09-03T03:26:11.741288+00:00,
https://www.insource.co.jp/ai-transformation/ai_business_improvement.html,ＡＸ理解研修～生成ＡＩによる業務改善を組織変革へ発展させる（１日間）:現場で使える研修ならインソース,ＡＸ理解研修～生成ＡＩによる業務改善を組織変革へ発展させる（１日間）,200,text/html; charset=UTF-8,https://www.insource.co.jp/ai-transformation/ai_business_improvement.html,,2,https://www.insource.co.jp/kyoiku/newrelease_list.html,/ai-transformation/,/ai-transformation/ai_business_improvement.html/,847,https://www.insource.co.jp/ai-transformation/ai_business_improvement.html,2026-09-03T03:26:13.403866+00:00,
https://www.insource.co.jp/workshop/ai_knowledge_management.html,暗黙知を「生きた資産」に変えるナレッジマネジメント設計ワークショップ（１日間）:現場で使える研修ならインソース,暗黙知を「生きた資産」に変えるナレッジマネジメント設計ワークショップ（１日間）,200,text/html; charset=UTF-8,https://www.insource.co.jp/workshop/ai_knowledge_management.html,,2,https://www.insource.co.jp/kyoiku/newrelease_list.html,/workshop/,/workshop/ai_knowledge_management.html/,1096,https://www.insource.co.jp/workshop/ai_knowledge_management.html,2026-09-03T03:26:15.074845+00:00,
https://www.insource.co.jp/soshikinochi/ai_knowledge.html,生成ＡＩを用いた属人化防止研修～データ活用によるナレッジ伝承と標準化（１日間）:現場で使える研修ならインソース,生成ＡＩを用いた属人化防止研修～データ活用によるナレッジ伝承と標準化（１日間）,200,text/html; charset=UTF-8,https://www.insource.co.jp/soshikinochi/ai_knowledge.html,,2,https://www.insource.co.jp/kyoiku/newrelease_list.html,/soshikinochi/,/soshikinochi/ai_knowledge.html/,1089,https://www.insource.co.jp/soshikinochi/ai_knowledge.html,2026-09-03T03:26:17.253731+00:00,
https://www.insource.co.jp/bukashido/ai_delegate_work.html,【ＡＩと働く】仕事の任せ方研修～ＡＩへ指示し品質管理できる部下の育成（１日間）:現場で使える研修ならインソース,【ＡＩと働く】仕事の任せ方研修～ＡＩへ指示し品質管理できる部下の育成（１日間）,200,text/html; charset=UTF-8,https://www.insource.co.jp/bukashido/ai_delegate_work.html,,2,https://www.insource.co.jp/kyoiku/newrelease_list.html,/bukashido/,/bukashido/ai_delegate_work.html/,1217,https://www.insource.co.jp/bukashido/ai_delegate_work.html,2026-09-03T03:26:19.193478+00:00,
https://www.insource.co.jp/coaching/ai_growth_support.html,【ＡＩと働く】コーチング研修～ＡＩを味方につけて部下の成長を支える（１日間）:現場で使える研修ならインソース,【ＡＩと働く】コーチング研修～ＡＩを味方につけて部下の成長を支える（１日間）,200,text/html; charset=UTF-8,https://www.insource.co.jp/coaching/ai_growth_support.html,,2,https://www.insource.co.jp/kyoiku/newrelease_list.html,/coaching/,/coaching/ai_growth_support.html/,1091,https://www.insource.co.jp/coaching/ai_growth_support.html,2026-09-03T03:26:21.288410+00:00,
https://www.insource.co.jp/mentor/ai_utilization.html,【ＡＩと働く】メンター研修～ＡＩを活用し、一人ひとりに寄り添う（１日間）:現場で使える研修ならインソース,【ＡＩと働く】メンター研修～ＡＩを活用し、一人ひとりに寄り添う（１日間）,200,text/html; charset=UTF-8,https://www.insource.co.jp/mentor/ai_utilization.html,,2,https://www.insource.co.jp/kyoiku/newrelease_list.html,/mentor/,/mentor/ai_utilization.html/,802,https://www.insource.co.jp/mentor/ai_utilization.html,2026-09-03T03:26:24.905881+00:00,
https://www.insource.co.jp/salesdesign/farmer_sales_style.html,営業基礎研修～見込み客を育て、着実に成果を上げる農耕型営業を理解する（１日間）:現場で使える研修ならインソース,営業基礎研修～見込み客を育て、着実に成果を上げる農耕型営業を理解する（１日間）,200,text/html; charset=UTF-8,https://www.insource.co.jp/salesdesign/farmer_sales_style.html,,2,https://www.insource.co.jp/kyoiku/newrelease_list.html,/salesdesign/,/salesdesign/farmer_sales_style.html/,774,https://www.insource.co.jp/salesdesign/farmer_sales_style.html,2026-09-03T03:26:26.796313+00:00,
https://www.insource.co.jp/sales-strategy/manager_compliance.html,営業マネージャー向けコンプライアンス研修～日頃の関わりで不正を防ぐ（１日間）:現場で使える研修ならインソース,営業マネージャー向けコンプライアンス研修～日頃の関わりで不正を防ぐ（１日間）,200,text/html; charset=UTF-8,https://www.insource.co.jp/sales-strategy/manager_compliance.html,,2,https://www.insource.co.jp/kyoiku/newrelease_list.html,/sales-strategy/,/sales-strategy/manager_compliance.html/,768,https://www.insource.co.jp/sales-strategy/manager_compliance.html,2026-09-03T03:26:28.402928+00:00,
https://www.insource.co.jp/eigyo-dairiten/partner_sales.html,パートナーセールス強化研修～売りたいと思わせる代理店営業としての働きかけ（１日間）:現場で使える研修ならインソース,パートナーセールス強化研修～売りたいと思わせる代理店営業としての働きかけ（１日間）,200,text/html; charset=UTF-8,https://www.insource.co.jp/eigyo-dairiten/partner_sales.html,,2,https://www.insource.co.jp/kyoiku/newrelease_list.html,/eigyo-dairiten/,/eigyo-dairiten/partner_sales.html/,723,https://www.insource.co.jp/eigyo-dairiten/partner_sales.html,2026-09-03T03:26:30.007193+00:00,
https://www.insource.co.jp/electrical/data_utilization.html,電力・ガス業界向けデータ分析研修（２日間）:現場で使える研修ならインソース,電力・ガス業界向けデータ分析研修（２日間）,200,text/html; charset=UTF-8,https://www.insource.co.jp/electrical/data_utilization.html,,2,https://www.insource.co.jp/kyoiku/newrelease_list.html,/electrical/,/electrical/data_utilization.html/,800,https://www.insource.co.jp/electrical/data_utilization.html,2026-09-03T03:26:31.547191+00:00,
https://www.insource.co.jp/gyomukaizen/build_scrap.html,自治体向け事業見直し研修～財源・人員の最適化に向けたビルド＆スクラップ（１日間）:現場で使える研修ならインソース,自治体向け事業見直し研修～財源・人員の最適化に向けたビルド＆スクラップ（１日間）,200,text/html; charset=UTF-8,https://www.insource.co.jp/gyomukaizen/build_scrap.html,,2,https://www.insource.co.jp/kyoiku/newrelease_list.html,/gyomukaizen/,/gyomukaizen/build_scrap.html/,753,https://www.insource.co.jp/gyomukaizen/build_scrap.html,2026-09-03T03:26:33.187672+00:00,
https://www.insource.co.jp/project-management/stakeholders.html,【極意シリーズ】システム開発ステークホルダーマネジメント研修（１日間）:現場で使える研修ならインソース,【極意シリーズ】システム開発ステークホルダーマネジメント研修（１日間）,200,text/html; charset=UTF-8,https://www.insource.co.jp/project-management/stakeholders.html,,2,https://www.insource.co.jp/kyoiku/newrelease_list.html,/project-management/,/project-management/stakeholders.html/,747,https://www.insource.co.jp/project-management/stakeholders.html,2026-09-03T03:26:34.963365+00:00,
https://www.insource.co.jp/it/it_cobol_basic.html,プログラミング基礎研修（COBOL）（８日間）:現場で使える研修ならインソース,プログラミング基礎研修（COBOL）（８日間）,200,text/html; charset=UTF-8,https://www.insource.co.jp/it/it_cobol_basic.html,,2,https://www.insource.co.jp/kyoiku/newrelease_list.html,/it/,/it/it_cobol_basic.html/,700,https://www.insource.co.jp/it/it_cobol_basic.html,2026-09-03T03:26:36.534975+00:00,
https://www.insource.co.jp/it_hosyu_unyou/wakate_humanskill.html,若手エンジニア向けヒューマンスキル向上研修～生成ＡＩ時代に活躍するために（１日間）:現場で使える研修ならインソース,若手エンジニア向けヒューマンスキル向上研修～生成ＡＩ時代に活躍するために（１日間）,200,text/html; charset=UTF-8,https://www.insource.co.jp/it_hosyu_unyou/wakate_humanskill.html,,2,https://www.insource.co.jp/kyoiku/newrelease_list.html,/it_hosyu_unyou/,/it_hosyu_unyou/wakate_humanskill.html/,929,https://www.insource.co.jp/it_hosyu_unyou/wakate_humanskill.html,2026-09-03T03:26:38.051431+00:00,
https://www.insource.co.jp/nonja_pro/lead_multinational_team.html,多国籍のメンバーを束ねる現場リーダー研修（１日間）:現場で使える研修ならインソース,多国籍のメンバーを束ねる現場リーダー研修（１日間）,200,text/html; charset=UTF-8,https://www.insource.co.jp/nonja_pro/lead_multinational_team.html,,2,https://www.insource.co.jp/kyoiku/newrelease_list.html,/nonja_pro/,/nonja_pro/lead_multinational_team.html/,1357,https://www.insource.co.jp/nonja_pro/lead_multinational_team.html,2026-09-03T03:26:39.823207+00:00,
https://www.insource.co.jp/bup/faq/index.html,公開講座のよくいただくご質問:１名から参加できる研修サービス【株式会社インソースの公開講座】,,200,text/html; charset=UTF-8,https://www.insource.co.jp/bup/faq/index.html,,2,https://www.insource.co.jp/bup/bup_top.html,/bup/,/bup/faq/,669,https://www.insource.co.jp/bup/faq/index.html,2026-09-03T03:26:42.067268+00:00,
https://www.insource.co.jp/bup/about_seminar.html,公開講座とは―１名から参加できる研修の会社インソース,公開講座とは,200,text/html; charset=UTF-8,https://www.insource.co.jp/bup/about_seminar.html,,2,https://www.insource.co.jp/bup/bup_top.html,/bup/,/bup/about_seminar.html/,662,https://www.insource.co.jp/bup/about_seminar.html,2026-09-03T03:26:43.489615+00:00,
https://www.insource.co.jp/bup/bup_nagare.html,研修お申込み方法―１名から参加できる研修の会社インソース,,200,text/html; charset=UTF-8,https://www.insource.co.jp/bup/bup_nagare.html,,2,https://www.insource.co.jp/bup/bup_top.html,/bup/,/bup/bup_nagare.html/,623,https://www.insource.co.jp/bup/bup_nagare.html,2026-09-03T03:26:45.167698+00:00,
https://www.insource.co.jp/bup/bup_choice-training.html,公開講座研修の探し方―１名から参加できる研修の会社インソース,,200,text/html; charset=UTF-8,https://www.insource.co.jp/bup/bup_choice-training.html,,2,https://www.insource.co.jp/bup/bup_top.html,/bup/,/bup/bup_choice-training.html/,637,https://www.insource.co.jp/bup/bup_choice-training.html,2026-09-03T03:26:46.596294+00:00,
https://www.insource.co.jp/bup/bup_for_customers.html,研修受講の流れ―１名から参加できる研修の会社インソース,,200,text/html; charset=UTF-8,https://www.insource.co.jp/bup/bup_for_customers.html,,2,https://www.insource.co.jp/bup/bup_top.html,/bup/,/bup/bup_for_customers.html/,660,https://www.insource.co.jp/bup/bup_for_customers.html,2026-09-03T03:26:48.035357+00:00,
https://www.insource.co.jp/bup/online-flow.html,お申込みをする～オンライン公開講座のお申込みからご受講までの流れ―１名から参加できる研修の会社インソース,,200,text/html; charset=UTF-8,https://www.insource.co.jp/bup/online-flow.html,,2,https://www.insource.co.jp/bup/bup_top.html,/bup/,/bup/online-flow.html/,677,https://www.insource.co.jp/bup/online-flow.html,2026-09-03T03:26:49.498465+00:00,
https://www.insource.co.jp/bup/recent-schedule.html,公開講座 直近開催【研修セミナー公開講座】- 株式会社インソース,,200,text/html; charset=UTF-8,https://www.insource.co.jp/bup/recent-schedule.html,,2,https://www.insource.co.jp/bup/bup_top.html,/bup/,/bup/recent-schedule.html/,645,https://www.insource.co.jp/bup/recent-schedule.html,2026-09-03T03:26:50.919566+00:00,
https://www.insource.co.jp/bup/new_release.html,公開講座 新作研修ラインナップ一覧―１名から参加できる研修の会社インソース,,200,text/html; charset=UTF-8,https://www.insource.co.jp/bup/new_release.html,,2,https://www.insource.co.jp/bup/bup_top.html,/bup/,/bup/new_release.html/,691,https://www.insource.co.jp/bup/new_release.html,2026-09-03T03:26:52.310695+00:00,
https://www.insource.co.jp/bup/bup_ranking.html,公開講座 人気ランキング集｜企業研修・人材育成のトレンドを掴む―１名から参加できる研修の会社インソース,,200,text/html; charset=UTF-8,https://www.insource.co.jp/bup/bup_ranking.html,,2,https://www.insource.co.jp/bup/bup_top.html,/bup/,/bup/bup_ranking.html/,692,https://www.insource.co.jp/bup/bup_ranking.html,2026-09-03T03:26:53.819386+00:00,
https://www.insource.co.jp/bup/bup_request.html,研修リクエスト～少人数でも追加開催ができるサービス―１名から参加できる研修の会社インソース,研修リクエスト～少人数でも追加開催ができるサービス,200,text/html; charset=UTF-8,https://www.insource.co.jp/bup/bup_request.html,,2,https://www.insource.co.jp/bup/bup_top.html,/bup/,/bup/bup_request.html/,633,https://www.insource.co.jp/bup/bup_request.html,2026-09-03T03:26:55.319600+00:00,
https://www.insource.co.jp/bup/online-tour.html,公開講座 オンライン見学サービス―１名から参加できる研修の会社インソース,,200,text/html; charset=UTF-8,https://www.insource.co.jp/bup/online-tour.html,,2,https://www.insource.co.jp/bup/bup_top.html,/bup/,/bup/online-tour.html/,675,https://www.insource.co.jp/bup/online-tour.html,2026-09-03T03:26:56.754172+00:00,
https://www.insource.co.jp/reskilling/index.html,リスキリングトップページ - 株式会社インソース,,200,text/html; charset=UTF-8,https://www.insource.co.jp/reskilling/index.html,,2,https://www.insource.co.jp/bup/bup_top.html,/reskilling/,/reskilling/index.html/,679,https://www.insource.co.jp/reskilling/index.html,2026-09-03T03:26:58.224886+00:00,
https://www.insource.co.jp/bup_case_study/index.html,公開講座活用事例―１名から参加できる研修の会社インソース,インソースの公開講座には“ WEBinsource ”や“ スマートパック ”といったお得なサービスがございます。このページでは、お客さまが公開講座の利用を決めた理由、利用目的、実際の利用例を掲載しました。貴社の「やりたいこと」を実現するためのヒント探し等でご活用いただけますと幸いです。,200,text/html; charset=UTF-8,https://www.insource.co.jp/bup_case_study/index.html,,2,https://www.insource.co.jp/bup/bup_top.html,/bup_case_study/,/bup_case_study/index.html/,671,https://www.insource.co.jp/bup_case_study/index.html,2026-09-03T03:26:59.895896+00:00,
https://www.insource.co.jp/bup/middle-area.html,公開講座 開催地一覧【研修セミナー公開講座】- 株式会社インソース,,200,text/html; charset=UTF-8,https://www.insource.co.jp/bup/middle-area.html,,2,https://www.insource.co.jp/bup/bup_top.html,/bup/,/bup/middle-area.html/,637,https://www.insource.co.jp/bup/middle-area.html,2026-09-03T03:27:01.363548+00:00,
https://www.insource.co.jp/bup/middle-schedule.html,公開講座 日程検索【研修セミナー公開講座】- 株式会社インソース,,200,text/html; charset=UTF-8,https://www.insource.co.jp/bup/middle-schedule.html,,2,https://www.insource.co.jp/bup/bup_top.html,/bup/,/bup/middle-schedule.html/,624,https://www.insource.co.jp/bup/middle-schedule.html,2026-09-03T03:27:02.752737+00:00,
https://www.insource.co.jp/bup/bup_reasons_to_choose.html,インソース公開講座が選ばれる理由―１名から参加できる研修の会社インソース,,200,text/html; charset=UTF-8,https://www.insource.co.jp/bup/bup_reasons_to_choose.html,,2,https://www.insource.co.jp/bup/bup_top.html,/bup/,/bup/bup_reasons_to_choose.html/,664,https://www.insource.co.jp/bup/bup_reasons_to_choose.html,2026-09-03T03:27:04.126190+00:00,
https://www.insource.co.jp/bup/monday-discount.html,マンデー割引公開講座―１名から参加できる研修の会社インソース,,200,text/html; charset=UTF-8,https://www.insource.co.jp/bup/monday-discount.html,,2,https://www.insource.co.jp/bup/bup_top.html,/bup/,/bup/monday-discount.html/,638,https://www.insource.co.jp/bup/monday-discount.html,2026-09-03T03:27:05.595248+00:00,
https://www.insource.co.jp/consulting/subsidy_cs.html,人材育成や企業内研修に使える助成金制度（令和８年度/2026年度版）:研修会社インソース～講師派遣研修／公開講座の研修,,200,text/html; charset=UTF-8,https://www.insource.co.jp/consulting/subsidy_cs.html,,2,https://www.insource.co.jp/bup/bup_top.html,/consulting/,/consulting/subsidy_cs.html/,678,https://www.insource.co.jp/consulting/subsidy_cs.html,2026-09-03T03:27:07.011737+00:00,
https://www.insource.co.jp/webins/function-direct.html,公開ダイレクト～受講者自身でお申込みができる機能 - かんたん研修お申し込みシステム『WEBinsource』:研修会社インソース～講師派遣研修／公開講座の研修,,200,text/html; charset=UTF-8,https://www.insource.co.jp/webins/function-direct.html,,2,https://www.insource.co.jp/bup/bup_top.html,/webins/,/webins/function-direct.html/,663,https://www.insource.co.jp/webins/function-direct.html,2026-09-03T03:27:08.457609+00:00,
https://www.insource.co.jp/bup/business_trip.html,出張公開講座～全国で研修開催します！―１名から参加できる研修の会社インソース,,200,text/html; charset=UTF-8,https://www.insource.co.jp/bup/business_trip.html,,2,https://www.insource.co.jp/bup/bup_top.html,/bup/,/bup/business_trip.html/,705,https://www.insource.co.jp/bup/business_trip.html,2026-09-03T03:27:09.879310+00:00,
https://www.insource.co.jp/bup/online-seminar.html,オンライン公開講座～１名から参加できる異業種交流型のオンライン研修―１名から参加できる研修の会社インソース,オンライン公開講座～１名から参加できる異業種交流型のオンライン研修,200,text/html; charset=UTF-8,https://www.insource.co.jp/bup/online-seminar.html,,2,https://www.insource.co.jp/bup/bup_top.html,/bup/,/bup/online-seminar.html/,626,https://www.insource.co.jp/bup/online-seminar.html,2026-09-03T03:27:11.382297+00:00,
https://www.insource.co.jp/bup/bup_schedule_tokyo.html,研修 東京開催スケジュール―１名から参加できる研修の会社インソース,,200,text/html; charset=UTF-8,https://www.insource.co.jp/bup/bup_schedule_tokyo.html,,2,https://www.insource.co.jp/bup/bup_top.html,/bup/,/bup/bup_schedule_tokyo.html/,691,https://www.insource.co.jp/bup/bup_schedule_tokyo.html,2026-09-03T03:27:12.946452+00:00,
https://www.insource.co.jp/bup/bup_areaschedule_sapporo.html,研修 札幌開催スケジュール―１名から参加できる研修の会社インソース,,200,text/html; charset=UTF-8,https://www.insource.co.jp/bup/bup_areaschedule_sapporo.html,,2,https://www.insource.co.jp/bup/bup_top.html,/bup/,/bup/bup_areaschedule_sapporo.html/,625,https://www.insource.co.jp/bup/bup_areaschedule_sapporo.html,2026-09-03T03:27:14.428697+00:00,
https://www.insource.co.jp/bup/bup_areaschedule_sendai.html,研修 仙台開催スケジュール―１名から参加できる研修の会社インソース,,200,text/html; charset=UTF-8,https://www.insource.co.jp/bup/bup_areaschedule_sendai.html,,2,https://www.insource.co.jp/bup/bup_top.html,/bup/,/bup/bup_areaschedule_sendai.html/,650,https://www.insource.co.jp/bup/bup_areaschedule_sendai.html,2026-09-03T03:27:15.844292+00:00,
https://www.insource.co.jp/bup/bup_schedule_nagoya.html,研修 名古屋開催スケジュール―１名から参加できる研修の会社インソース,,200,text/html; charset=UTF-8,https://www.insource.co.jp/bup/bup_schedule_nagoya.html,,2,https://www.insource.co.jp/bup/bup_top.html,/bup/,/bup/bup_schedule_nagoya.html/,708,https://www.insource.co.jp/bup/bup_schedule_nagoya.html,2026-09-03T03:27:17.285812+00:00,
https://www.insource.co.jp/bup/bup_schedule_osaka.html,研修 大阪開催スケジュール―１名から参加できる研修の会社インソース,,200,text/html; charset=UTF-8,https://www.insource.co.jp/bup/bup_schedule_osaka.html,,2,https://www.insource.co.jp/bup/bup_top.html,/bup/,/bup/bup_schedule_osaka.html/,654,https://www.insource.co.jp/bup/bup_schedule_osaka.html,2026-09-03T03:27:18.784046+00:00,
https://www.insource.co.jp/bup/bup_schedule_fukuoka.html,研修 福岡開催スケジュール―１名から参加できる研修の会社インソース,,200,text/html; charset=UTF-8,https://www.insource.co.jp/bup/bup_schedule_fukuoka.html,,2,https://www.insource.co.jp/bup/bup_top.html,/bup/,/bup/bup_schedule_fukuoka.html/,661,https://www.insource.co.jp/bup/bup_schedule_fukuoka.html,2026-09-03T03:27:20.228648+00:00,
https://www.insource.co.jp/bup/middle_executive.html,役員・幹部・経営層研修―１名から参加できる研修の会社インソース,役員・幹部・経営層研修 | 研修セミナー公開講座,200,text/html; charset=UTF-8,https://www.insource.co.jp/bup/middle_executive.html,,2,https://www.insource.co.jp/bup/bup_top.html,/bup/,/bup/middle_executive.html/,1007,https://www.insource.co.jp/bup/middle_executive.html,2026-09-03T03:27:21.680196+00:00,
https://www.insource.co.jp/bup/middle_manager.html,管理職研修―１名から参加できる研修の会社インソース,管理職研修 | 研修セミナー公開講座,200,text/html; charset=UTF-8,https://www.insource.co.jp/bup/middle_manager.html,,2,https://www.insource.co.jp/bup/bup_top.html,/bup/,/bup/middle_manager.html/,1011,https://www.insource.co.jp/bup/middle_manager.html,2026-09-03T03:27:23.506801+00:00,
https://www.insource.co.jp/bup/middle_veteran.html,ベテラン（40代、50代～）研修―１名から参加できる研修の会社インソース,ベテラン（40代、50代～）研修 | 研修セミナー公開講座,200,text/html; charset=UTF-8,https://www.insource.co.jp/bup/middle_veteran.html,,2,https://www.insource.co.jp/bup/bup_top.html,/bup/,/bup/middle_veteran.html/,1017,https://www.insource.co.jp/bup/middle_veteran.html,2026-09-03T03:27:25.646418+00:00,
https://www.insource.co.jp/bup/middle_mid-level.html,中堅層（６年目～30代）研修―１名から参加できる研修の会社インソース,中堅層（６年目～30代）研修 | 研修セミナー公開講座,200,text/html; charset=UTF-8,https://www.insource.co.jp/bup/middle_mid-level.html,,2,https://www.insource.co.jp/bup/bup_top.html,/bup/,/bup/middle_mid-level.html/,1044,https://www.insource.co.jp/bup/middle_mid-level.html,2026-09-03T03:27:27.487879+00:00,
https://www.insource.co.jp/bup/middle_young.html,若手（２年目～５年目）研修―１名から参加できる研修の会社インソース,若手（２年目～５年目）研修 | 研修セミナー公開講座,200,text/html; charset=UTF-8,https://www.insource.co.jp/bup/middle_young.html,,2,https://www.insource.co.jp/bup/bup_top.html,/bup/,/bup/middle_young.html/,960,https://www.insource.co.jp/bup/middle_young.html,2026-09-03T03:27:29.423789+00:00,
https://www.insource.co.jp/bup/middle_newcomer.html,新入社員・内定者研修―１名から参加できる研修の会社インソース,新入社員・内定者研修 | 研修セミナー公開講座,200,text/html; charset=UTF-8,https://www.insource.co.jp/bup/middle_newcomer.html,,2,https://www.insource.co.jp/bup/bup_top.html,/bup/,/bup/middle_newcomer.html/,979,https://www.insource.co.jp/bup/middle_newcomer.html,2026-09-03T03:27:31.399538+00:00,
https://www.insource.co.jp/bup/middle_dx.html,DX研修―１名から参加できる研修の会社インソース,DX研修 | 研修セミナー公開講座,200,text/html; charset=UTF-8,https://www.insource.co.jp/bup/middle_dx.html,,2,https://www.insource.co.jp/bup/bup_top.html,/bup/,/bup/middle_dx.html/,1019,https://www.insource.co.jp/bup/middle_dx.html,2026-09-03T03:27:33.215658+00:00,
https://www.insource.co.jp/bup/middle_oa-it.html,OA・ITスキル研修―１名から参加できる研修の会社インソース,OA・ITスキル研修 | 研修セミナー公開講座,200,text/html; charset=UTF-8,https://www.insource.co.jp/bup/middle_oa-it.html,,2,https://www.insource.co.jp/bup/bup_top.html,/bup/,/bup/middle_oa-it.html/,1043,https://www.insource.co.jp/bup/middle_oa-it.html,2026-09-03T03:27:35.048281+00:00,
https://www.insource.co.jp/bup/middle_security.html,情報セキュリティ研修―１名から参加できる研修の会社インソース,情報セキュリティ研修 | 研修セミナー公開講座,200,text/html; charset=UTF-8,https://www.insource.co.jp/bup/middle_security.html,,2,https://www.insource.co.jp/bup/bup_top.html,/bup/,/bup/middle_security.html/,987,https://www.insource.co.jp/bup/middle_security.html,2026-09-03T03:27:36.928657+00:00,
https://www.insource.co.jp/bup/middle_ai-business.html,ＡＩ時代のビジネススキル研修―１名から参加できる研修の会社インソース,ＡＩ時代のビジネススキル研修 | 研修セミナー公開講座,200,text/html; charset=UTF-8,https://www.insource.co.jp/bup/middle_ai-business.html,,2,https://www.insource.co.jp/bup/bup_top.html,/bup/,/bup/middle_ai-business.html/,982,https://www.insource.co.jp/bup/middle_ai-business.html,2026-09-03T03:27:38.683704+00:00,
https://www.insource.co.jp/bup/middle_productivity-improvement.html,タイムマネジメント研修―１名から参加できる研修の会社インソース,タイムマネジメント研修 | 研修セミナー公開講座,200,text/html; charset=UTF-8,https://www.insource.co.jp/bup/middle_productivity-improvement.html,,2,https://www.insource.co.jp/bup/bup_top.html,/bup/,/bup/middle_productivity-improvement.html/,1108,https://www.insource.co.jp/bup/middle_productivity-improvement.html,2026-09-03T03:27:40.456570+00:00,
https://www.insource.co.jp/bup/middle_writing.html,文書・資料作成研修―１名から参加できる研修の会社インソース,文書・資料作成研修 | 研修セミナー公開講座,200,text/html; charset=UTF-8,https://www.insource.co.jp/bup/middle_writing.html,,2,https://www.insource.co.jp/bup/bup_top.html,/bup/,/bup/middle_writing.html/,1140,https://www.insource.co.jp/bup/middle_writing.html,2026-09-03T03:27:42.596194+00:00,
https://www.insource.co.jp/bup/middle_solving-problems.html,問題解決力研修―１名から参加できる研修の会社インソース,問題解決力研修 | 研修セミナー公開講座,200,text/html; charset=UTF-8,https://www.insource.co.jp/bup/middle_solving-problems.html,,2,https://www.insource.co.jp/bup/bup_top.html,/bup/,/bup/middle_solving-problems.html/,1091,https://www.insource.co.jp/bup/middle_solving-problems.html,2026-09-03T03:27:44.556387+00:00,
https://www.insource.co.jp/bup/middle_rpa.html,業務自動化・ＲＰＡ研修―１名から参加できる研修の会社インソース,業務自動化・ＲＰＡ研修 | 研修セミナー公開講座,200,text/html; charset=UTF-8,https://www.insource.co.jp/bup/middle_rpa.html,,2,https://www.insource.co.jp/bup/bup_top.html,/bup/,/bup/middle_rpa.html/,1005,https://www.insource.co.jp/bup/middle_rpa.html,2026-09-03T03:27:48.109352+00:00,
https://www.insource.co.jp/bup/middle_telephone-etiquettes.html,電話応対研修―１名から参加できる研修の会社インソース,電話応対研修 | 研修セミナー公開講座,200,text/html; charset=UTF-8,https://www.insource.co.jp/bup/middle_telephone-etiquettes.html,,2,https://www.insource.co.jp/bup/bup_top.html,/bup/,/bup/middle_telephone-etiquettes.html/,1085,https://www.insource.co.jp/bup/middle_telephone-etiquettes.html,2026-09-03T03:27:49.902698+00:00,
https://www.insource.co.jp/bup/middle_sales.html,営業研修―１名から参加できる研修の会社インソース,営業研修 | 研修セミナー公開講座,200,text/html; charset=UTF-8,https://www.insource.co.jp/bup/middle_sales.html,,2,https://www.insource.co.jp/bup/bup_top.html,/bup/,/bup/middle_sales.html/,1010,https://www.insource.co.jp/bup/middle_sales.html,2026-09-03T03:27:51.782120+00:00,
https://www.insource.co.jp/bup/middle_specialists.html,人事・総務・財務・法務研修―１名から参加できる研修の会社インソース,人事・総務・財務・法務研修 | 研修セミナー公開講座,200,text/html; charset=UTF-8,https://www.insource.co.jp/bup/middle_specialists.html,,2,https://www.insource.co.jp/bup/bup_top.html,/bup/,/bup/middle_specialists.html/,1027,https://www.insource.co.jp/bup/middle_specialists.html,2026-09-03T03:27:53.828391+00:00,
https://www.insource.co.jp/bup/middle_data-analytics.html,統計・データ分析研修―１名から参加できる研修の会社インソース,統計・データ分析研修 | 研修セミナー公開講座,200,text/html; charset=UTF-8,https://www.insource.co.jp/bup/middle_data-analytics.html,,2,https://www.insource.co.jp/bup/bup_top.html,/bup/,/bup/middle_data-analytics.html/,1140,https://www.insource.co.jp/bup/middle_data-analytics.html,2026-09-03T03:27:55.699408+00:00,
https://www.insource.co.jp/bup/middle_comunication.html,コミュニケーション研修―１名から参加できる研修の会社インソース,コミュニケーション研修 | 研修セミナー公開講座,200,text/html; charset=UTF-8,https://www.insource.co.jp/bup/middle_comunication.html,,2,https://www.insource.co.jp/bup/bup_top.html,/bup/,/bup/middle_comunication.html/,1294,https://www.insource.co.jp/bup/middle_comunication.html,2026-09-03T03:27:57.639151+00:00,
https://www.insource.co.jp/bup/middle_telling.html,プレゼンテーション・説明力研修―１名から参加できる研修の会社インソース,プレゼンテーション・説明力研修 | 研修セミナー公開講座,200,text/html; charset=UTF-8,https://www.insource.co.jp/bup/middle_telling.html,,2,https://www.insource.co.jp/bup/bup_top.html,/bup/,/bup/middle_telling.html/,1081,https://www.insource.co.jp/bup/middle_telling.html,2026-09-03T03:27:59.811109+00:00,
https://www.insource.co.jp/bup/middle_claim.html,クレーム対応研修―１名から参加できる研修の会社インソース,クレーム対応研修 | 研修セミナー公開講座,200,text/html; charset=UTF-8,https://www.insource.co.jp/bup/middle_claim.html,,2,https://www.insource.co.jp/bup/bup_top.html,/bup/,/bup/middle_claim.html/,1094,https://www.insource.co.jp/bup/middle_claim.html,2026-09-03T03:28:01.701923+00:00,
https://www.insource.co.jp/bup/middle_business-manners.html,ビジネスマナー研修―１名から参加できる研修の会社インソース,ビジネスマナー研修 | 研修セミナー公開講座,200,text/html; charset=UTF-8,https://www.insource.co.jp/bup/middle_business-manners.html,,2,https://www.insource.co.jp/bup/bup_top.html,/bup/,/bup/middle_business-manners.html/,1099,https://www.insource.co.jp/bup/middle_business-manners.html,2026-09-03T03:28:03.600906+00:00,
https://www.insource.co.jp/bup/middle_comu-direction.html,部下・後輩育成研修―１名から参加できる研修の会社インソース,部下・後輩育成研修 | 研修セミナー公開講座,200,text/html; charset=UTF-8,https://www.insource.co.jp/bup/middle_comu-direction.html,,2,https://www.insource.co.jp/bup/bup_top.html,/bup/,/bup/middle_comu-direction.html/,1250,https://www.insource.co.jp/bup/middle_comu-direction.html,2026-09-03T03:28:05.752111+00:00,
https://www.insource.co.jp/bup/middle_leadership.html,リーダーシップ研修―１名から参加できる研修の会社インソース,リーダーシップ研修 | 研修セミナー公開講座,200,text/html; charset=UTF-8,https://www.insource.co.jp/bup/middle_leadership.html,,2,https://www.insource.co.jp/bup/bup_top.html,/bup/,/bup/middle_leadership.html/,1181,https://www.insource.co.jp/bup/middle_leadership.html,2026-09-03T03:28:07.854459+00:00,
https://www.insource.co.jp/bup/middle_negociating.html,交渉・調整力研修―１名から参加できる研修の会社インソース,交渉・調整力研修 | 研修セミナー公開講座,200,text/html; charset=UTF-8,https://www.insource.co.jp/bup/middle_negociating.html,,2,https://www.insource.co.jp/bup/bup_top.html,/bup/,/bup/middle_negociating.html/,1080,https://www.insource.co.jp/bup/middle_negociating.html,2026-09-03T03:28:09.858550+00:00,
https://www.insource.co.jp/bup/middle_evaluation.html,評価・考課研修―１名から参加できる研修の会社インソース,評価・考課研修 | 研修セミナー公開講座,200,text/html; charset=UTF-8,https://www.insource.co.jp/bup/middle_evaluation.html,,2,https://www.insource.co.jp/bup/bup_top.html,/bup/,/bup/middle_evaluation.html/,1071,https://www.insource.co.jp/bup/middle_evaluation.html,2026-09-03T03:28:11.725977+00:00,
https://www.insource.co.jp/bup/middle_management.html,マネジメント研修―１名から参加できる研修の会社インソース,マネジメント研修 | 研修セミナー公開講座,200,text/html; charset=UTF-8,https://www.insource.co.jp/bup/middle_management.html,,2,https://www.insource.co.jp/bup/bup_top.html,/bup/,/bup/middle_management.html/,1090,https://www.insource.co.jp/bup/middle_management.html,2026-09-03T03:28:13.573301+00:00,
https://www.insource.co.jp/bup/middle_thinking.html,論理的思考力向上研修―１名から参加できる研修の会社インソース,論理的思考力向上研修 | 研修セミナー公開講座,200,text/html; charset=UTF-8,https://www.insource.co.jp/bup/middle_thinking.html,,2,https://www.insource.co.jp/bup/bup_top.html,/bup/,/bup/middle_thinking.html/,1081,https://www.insource.co.jp/bup/middle_thinking.html,2026-09-03T03:28:15.488318+00:00,
https://www.insource.co.jp/bup/middle_create.html,企画力・発想力研修―１名から参加できる研修の会社インソース,企画力・発想力研修 | 研修セミナー公開講座,200,text/html; charset=UTF-8,https://www.insource.co.jp/bup/middle_create.html,,2,https://www.insource.co.jp/bup/bup_top.html,/bup/,/bup/middle_create.html/,1116,https://www.insource.co.jp/bup/middle_create.html,2026-09-03T03:28:17.367597+00:00,
https://www.insource.co.jp/bup/middle_management-strategy.html,マーケティング・経営戦略研修―１名から参加できる研修の会社インソース,マーケティング・経営戦略研修 | 研修セミナー公開講座,200,text/html; charset=UTF-8,https://www.insource.co.jp/bup/middle_management-strategy.html,,2,https://www.insource.co.jp/bup/bup_top.html,/bup/,/bup/middle_management-strategy.html/,1108,https://www.insource.co.jp/bup/middle_management-strategy.html,2026-09-03T03:28:19.527166+00:00,
https://www.insource.co.jp/bup/middle_risk-management.html,リスク管理・コンプライアンス研修―１名から参加できる研修の会社インソース,リスク管理・コンプライアンス研修 | 研修セミナー公開講座,200,text/html; charset=UTF-8,https://www.insource.co.jp/bup/middle_risk-management.html,,2,https://www.insource.co.jp/bup/bup_top.html,/bup/,/bup/middle_risk-management.html/,1033,https://www.insource.co.jp/bup/middle_risk-management.html,2026-09-03T03:28:21.466462+00:00,
https://www.insource.co.jp/bup/middle_mental.html,労務管理・ハラスメント防止・メンタルヘルス研修―１名から参加できる研修の会社インソース,労務管理・ハラスメント防止・メンタルヘルス研修 | 研修セミナー公開講座,200,text/html; charset=UTF-8,https://www.insource.co.jp/bup/middle_mental.html,,2,https://www.insource.co.jp/bup/bup_top.html,/bup/,/bup/middle_mental.html/,1048,https://www.insource.co.jp/bup/middle_mental.html,2026-09-03T03:28:23.297096+00:00,
https://www.insource.co.jp/bup/middle_business-mind.html,ビジネスマインド・意欲向上研修―１名から参加できる研修の会社インソース,ビジネスマインド・意欲向上研修 | 研修セミナー公開講座,200,text/html; charset=UTF-8,https://www.insource.co.jp/bup/middle_business-mind.html,,2,https://www.insource.co.jp/bup/bup_top.html,/bup/,/bup/middle_business-mind.html/,1114,https://www.insource.co.jp/bup/middle_business-mind.html,2026-09-03T03:28:25.149783+00:00,
https://www.insource.co.jp/bup/middle_it-div.html,プログラミング・システム部門向け研修―１名から参加できる研修の会社インソース,プログラミング・システム部門向け研修 | 研修セミナー公開講座,200,text/html; charset=UTF-8,https://www.insource.co.jp/bup/middle_it-div.html,,2,https://www.insource.co.jp/bup/bup_top.html,/bup/,/bup/middle_it-div.html/,975,https://www.insource.co.jp/bup/middle_it-div.html,2026-09-03T03:28:27.096054+00:00,
https://www.insource.co.jp/bup/middle_career-design.html,キャリアデザイン研修―１名から参加できる研修の会社インソース,キャリアデザイン研修 | 研修セミナー公開講座,200,text/html; charset=UTF-8,https://www.insource.co.jp/bup/middle_career-design.html,,2,https://www.insource.co.jp/bup/bup_top.html,/bup/,/bup/middle_career-design.html/,1151,https://www.insource.co.jp/bup/middle_career-design.html,2026-09-03T03:28:29.079567+00:00,
https://www.insource.co.jp/bup/middle_team-building.html,チームビルディング研修―１名から参加できる研修の会社インソース,チームビルディング研修 | 研修セミナー公開講座,200,text/html; charset=UTF-8,https://www.insource.co.jp/bup/middle_team-building.html,,2,https://www.insource.co.jp/bup/bup_top.html,/bup/,/bup/middle_team-building.html/,1043,https://www.insource.co.jp/bup/middle_team-building.html,2026-09-03T03:28:31.045051+00:00,
https://www.insource.co.jp/bup/middle_global-diversity.html,グローバル・ダイバーシティ研修―１名から参加できる研修の会社インソース,グローバル・ダイバーシティ研修 | 研修セミナー公開講座,200,text/html; charset=UTF-8,https://www.insource.co.jp/bup/middle_global-diversity.html,,2,https://www.insource.co.jp/bup/bup_top.html,/bup/,/bup/middle_global-diversity.html/,1038,https://www.insource.co.jp/bup/middle_global-diversity.html,2026-09-03T03:28:32.862050+00:00,
https://www.insource.co.jp/bup/hands-on_workshop.html,ワークショップ型公開講座―１名から参加できる研修の会社インソース,ワークショップ型公開講座 | 研修セミナー公開講座,200,text/html; charset=UTF-8,https://www.insource.co.jp/bup/hands-on_workshop.html,,2,https://www.insource.co.jp/bup/bup_top.html,/bup/,/bup/hands-on_workshop.html/,1113,https://www.insource.co.jp/bup/hands-on_workshop.html,2026-09-03T03:28:34.698873+00:00,
https://www.insource.co.jp/bup/middle_mid-career.html,中途採用者向け・受け入れ―１名から参加できる研修の会社インソース,中途採用者向け・受け入れ | 研修セミナー公開講座,200,text/html; charset=UTF-8,https://www.insource.co.jp/bup/middle_mid-career.html,,2,https://www.insource.co.jp/bup/bup_top.html,/bup/,/bup/middle_mid-career.html/,1063,https://www.insource.co.jp/bup/middle_mid-career.html,2026-09-03T03:28:36.611364+00:00,
https://www.insource.co.jp/bup/course-map-dx.html,公開講座AI・DX利活用推進スキルコースマップ―１名から参加できる研修の会社インソース,,200,text/html; charset=UTF-8,https://www.insource.co.jp/bup/course-map-dx.html,,2,https://www.insource.co.jp/bup/bup_top.html,/bup/,/bup/course-map-dx.html/,656,https://www.insource.co.jp/bup/course-map-dx.html,2026-09-03T03:28:38.470436+00:00,
https://www.insource.co.jp/bup/add-new-schedule.html,公開講座 開催確定講座・日程追加講座のお知らせ―１名から参加できる研修の会社インソース,,200,text/html; charset=UTF-8,https://www.insource.co.jp/bup/add-new-schedule.html,,2,https://www.insource.co.jp/bup/bup_top.html,/bup/,/bup/add-new-schedule.html/,635,https://www.insource.co.jp/bup/add-new-schedule.html,2026-09-03T03:28:39.884033+00:00,
https://www.insource.co.jp/bup/half-day-special.html,半日研修特集ページ―１名から参加できる研修の会社インソース,,200,text/html; charset=UTF-8,https://www.insource.co.jp/bup/half-day-special.html,,2,https://www.insource.co.jp/bup/bup_top.html,/bup/,/bup/half-day-special.html/,662,https://www.insource.co.jp/bup/half-day-special.html,2026-09-03T03:28:41.334626+00:00,
https://www.insource.co.jp/bup/weekend-program.html,土日開催スキルアップ研修- 株式会社インソース,,200,text/html; charset=UTF-8,https://www.insource.co.jp/bup/weekend-program.html,,2,https://www.insource.co.jp/bup/bup_top.html,/bup/,/bup/weekend-program.html/,705,https://www.insource.co.jp/bup/weekend-program.html,2026-09-03T03:28:42.967666+00:00,
https://www.insource.co.jp/bup/bup_consecutive-holidays.html,公開講座 連休セミナー｜個のスキルを磨く―１名から参加できる研修の会社インソース,,200,text/html; charset=UTF-8,https://www.insource.co.jp/bup/bup_consecutive-holidays.html,,2,https://www.insource.co.jp/bup/bup_top.html,/bup/,/bup/bup_consecutive-holidays.html/,686,https://www.insource.co.jp/bup/bup_consecutive-holidays.html,2026-09-03T03:28:44.434040+00:00,
https://www.insource.co.jp/bup/middle-task-situation.html,公開講座 課題・状況で探す｜１名から参加できる公開型セミナー【研修セミナー公開講座】- 株式会社インソース,,200,text/html; charset=UTF-8,https://www.insource.co.jp/bup/middle-task-situation.html,,2,https://www.insource.co.jp/bup/bup_top.html,/bup/,/bup/middle-task-situation.html/,634,https://www.insource.co.jp/bup/middle-task-situation.html,2026-09-03T03:28:45.917574+00:00,
https://www.insource.co.jp/bup/middle-needs.html,公開講座 職種で探す【研修セミナー公開講座】- 株式会社インソース,,200,text/html; charset=UTF-8,https://www.insource.co.jp/bup/middle-needs.html,,2,https://www.insource.co.jp/bup/bup_top.html,/bup/,/bup/middle-needs.html/,661,https://www.insource.co.jp/bup/middle-needs.html,2026-09-03T03:28:47.320162+00:00,
https://www.insource.co.jp/bup/seminar-recommend-plan.html,公開講座セットプラン:研修会社インソース～講師派遣研修／公開講座の研修,,200,text/html; charset=UTF-8,https://www.insource.co.jp/bup/total_coordinate.html,,2,https://www.insource.co.jp/bup/bup_top.html,/bup/,/bup/seminar-recommend-plan.html/,1362,https://www.insource.co.jp/bup/total_coordinate.html,2026-09-03T03:28:48.728834+00:00,
https://www.insource.co.jp/dougahyakkaten/dougahyakkaten-introduction.html,動画百貨店とは:eラーニング・動画教材での研修もインソース,動画百貨店とは,200,text/html; charset=UTF-8,https://www.insource.co.jp/dougahyakkaten/about.html,,2,https://www.insource.co.jp/bup/bup_top.html,/dougahyakkaten/,/dougahyakkaten/dougahyakkaten-introduction.html/,1135,https://www.insource.co.jp/dougahyakkaten/about.html,2026-09-03T03:28:51.085628+00:00,
https://www.insource.co.jp/dougahyakkaten/ranking.html,動画教材・eラーニング 人気ランキングBest10:eラーニング・動画教材での研修もインソース,,200,text/html; charset=UTF-8,https://www.insource.co.jp/dougahyakkaten/ranking.html,,2,https://www.insource.co.jp/bup/bup_top.html,/dougahyakkaten/,/dougahyakkaten/ranking.html/,660,https://www.insource.co.jp/dougahyakkaten/ranking.html,2026-09-03T03:28:52.987059+00:00,
https://www.insource.co.jp/dougahyakkaten/douga_trend_word.html,動画百貨店 いま注目！トレンド動画:eラーニング・動画教材での研修もインソース,,200,text/html; charset=UTF-8,https://www.insource.co.jp/dougahyakkaten/douga_trend_word.html,,2,https://www.insource.co.jp/bup/bup_top.html,/dougahyakkaten/,/dougahyakkaten/douga_trend_word.html/,700,https://www.insource.co.jp/dougahyakkaten/douga_trend_word.html,2026-09-03T03:28:54.603488+00:00,
https://www.insource.co.jp/kyoiku/faq/middle_kenshu_e-learning-top.html,動画・eラーニング教材 全力Q&A:現場で使える研修ならインソース,,200,text/html; charset=UTF-8,https://www.insource.co.jp/kyoiku/faq/middle_kenshu_e-learning-top.html,,2,https://www.insource.co.jp/bup/bup_top.html,/kyoiku/,/kyoiku/faq/,671,https://www.insource.co.jp/kyoiku/faq/middle_kenshu_e-learning-top.html,2026-09-03T03:28:56.084937+00:00,
https://www.insource.co.jp/new-service-lineup/sunryse.html,新規事業向け世界のスタートアップ事例情報データベース～（サンライズ）SUNRYSE.:研修会社インソース～講師派遣研修／公開講座の研修,,200,text/html; charset=UTF-8,https://www.insource.co.jp/new-service-lineup/sunryse.html,,2,https://www.insource.co.jp/bup/bup_top.html,/new-service-lineup/,/new-service-lineup/sunryse.html/,703,https://www.insource.co.jp/new-service-lineup/sunryse.html,2026-09-03T03:28:57.495052+00:00,
https://www.insource.co.jp/meeting-booth/index.html,個室型オンラインブース／ミーティングブース・サイレント（完全密封式） - 株式会社インソース,,200,text/html; charset=UTF-8,https://www.insource.co.jp/meeting-booth/index.html,,2,https://www.insource.co.jp/bup/bup_top.html,/meeting-booth/,/meeting-booth/index.html/,636,https://www.insource.co.jp/meeting-booth/index.html,2026-09-03T03:28:58.946180+00:00,
https://www.insource.co.jp/contents/treasure-seminar.html,コンテンツクリエイターズワークス:研修会社インソース～講師派遣研修／公開講座の研修,,200,text/html; charset=UTF-8,https://www.insource.co.jp/contents/treasure-seminar.html,,2,https://www.insource.co.jp/bup/bup_top.html,/contents/,/contents/treasure-seminar.html/,832,https://www.insource.co.jp/contents/treasure-seminar.html,2026-09-03T03:29:00.337641+00:00,
https://www.insource.co.jp/bup/manager_bup_biz_trip_edition.html,【無料特典付き】新任役職者スキルアップキャンペーン～昇格後の不安を払拭し、確かな一歩を踏み出す―１名から参加できる研修の会社インソース,,200,text/html; charset=UTF-8,https://www.insource.co.jp/bup/manager_bup_biz_trip_edition.html,,2,https://www.insource.co.jp/bup/bup_top.html,/bup/,/bup/manager_bup_biz_trip_edition.html/,664,https://www.insource.co.jp/bup/manager_bup_biz_trip_edition.html,2026-09-03T03:29:02.107433+00:00,
https://www.insource.co.jp/ihl/260716_bup_manager-feedback.html,"現代の部下指導に求められる「両利きのフィードバック」｜社員研修,教育 職員研修 人材育成ならインソース",現代の部下指導に求められる「両利きのフィードバック」,200,text/html; charset=UTF-8,https://www.insource.co.jp/ihl/260716_bup_manager-feedback.html,,2,https://www.insource.co.jp/bup/bup_top.html,/ihl/,/ihl/260716_bup_manager-feedback.html/,867,https://www.insource.co.jp/ihl/260716_bup_manager-feedback.html,2026-09-03T03:29:03.576155+00:00,
https://www.insource.co.jp/bup/about_ondemand.html,公開講座オンデマンドとは―１名から参加できる研修の会社インソース,公開講座オンデマンドとは 〜ライブ感のある録画配信で、いつでも・どこでもセミナー受講,200,text/html; charset=UTF-8,https://www.insource.co.jp/bup/about_ondemand.html,,2,https://www.insource.co.jp/bup/bup_top.html,/bup/,/bup/about_ondemand.html/,675,https://www.insource.co.jp/bup/about_ondemand.html,2026-09-03T03:29:05.217830+00:00,
https://www.insource.co.jp/bup/about_presurvey.html,事前アンケート付き公開講座―１名から参加できる研修の会社インソース,,200,text/html; charset=UTF-8,https://www.insource.co.jp/bup/about_presurvey.html,,2,https://www.insource.co.jp/bup/bup_top.html,/bup/,/bup/about_presurvey.html/,641,https://www.insource.co.jp/bup/about_presurvey.html,2026-09-03T03:29:06.884453+00:00,
https://www.insource.co.jp/bup/bup_copilot-intermediate.html,【研修セミナー公開講座】Copilot実践者向け！Excel自動化からＡＩエージェント構築まで学ぶ３日間集中コース- 株式会社インソース,Copilot実践者向け！Excel自動化からＡＩエージェント構築まで学ぶ３日間集中コース,200,text/html; charset=UTF-8,https://www.insource.co.jp/bup/bup_copilot-intermediate.html,,2,https://www.insource.co.jp/bup/bup_top.html,/bup/,/bup/bup_copilot-intermediate.html/,1572,https://www.insource.co.jp/bup/bup_copilot-intermediate.html,2026-09-03T03:29:08.295685+00:00,
https://www.insource.co.jp/bup/bup_rag-dify.html,【研修セミナー公開講座】RAGシステム実践研修～Difyで組織内のデータを活用するＡＩエージェントを構築する- 株式会社インソース,RAGシステム実践研修～Difyで組織内のデータを活用するＡＩエージェントを構築する,200,text/html; charset=UTF-8,https://www.insource.co.jp/bup/bup_rag-dify.html,,2,https://www.insource.co.jp/bup/bup_top.html,/bup/,/bup/bup_rag-dify.html/,1638,https://www.insource.co.jp/bup/bup_rag-dify.html,2026-09-03T03:29:10.733797+00:00,
https://www.insource.co.jp/bup/bup_rag-basic.html,【研修セミナー公開講座】（半日研修）RAGシステム基礎研修～組織内のデータを活用するＡＩエージェントの仕組みを知る- 株式会社インソース,（半日研修）RAGシステム基礎研修～組織内のデータを活用するＡＩエージェントの仕組みを知る,200,text/html; charset=UTF-8,https://www.insource.co.jp/bup/bup_rag-basic.html,,2,https://www.insource.co.jp/bup/bup_top.html,/bup/,/bup/bup_rag-basic.html/,1592,https://www.insource.co.jp/bup/bup_rag-basic.html,2026-09-03T03:29:13.228217+00:00,
https://www.insource.co.jp/bup/bup_negative-feedback.html,【研修セミナー公開講座】ネガティブフィードバック研修～厳しいことを納得させる工夫- 株式会社インソース,ネガティブフィードバック研修～厳しいことを納得させる工夫,200,text/html; charset=UTF-8,https://www.insource.co.jp/bup/bup_negative-feedback.html,,2,https://www.insource.co.jp/bup/bup_top.html,/bup/,/bup/bup_negative-feedback.html/,1674,https://www.insource.co.jp/bup/bup_negative-feedback.html,2026-09-03T03:29:15.674188+00:00,
https://www.insource.co.jp/bup/middle-skill-technical.html,公開講座 テーマで研修を探す～テクニカルスキル｜１名から参加できる公開型セミナー【研修セミナー公開講座】- 株式会社インソース,,200,text/html; charset=UTF-8,https://www.insource.co.jp/bup/middle-skill-technical.html,,2,https://www.insource.co.jp/bup/bup_top.html,/bup/,/bup/middle-skill-technical.html/,1201,https://www.insource.co.jp/bup/middle-skill-technical.html,2026-09-03T03:29:18.429709+00:00,
https://www.insource.co.jp/bup/middle-trade-division.html,公開講座 業界・職種で研修を探す｜１名から参加できる公開型セミナー【研修セミナー公開講座】- 株式会社インソース,,200,text/html; charset=UTF-8,https://www.insource.co.jp/bup/middle-trade-division.html,,2,https://www.insource.co.jp/bup/bup_top.html,/bup/,/bup/middle-trade-division.html/,1146,https://www.insource.co.jp/bup/middle-trade-division.html,2026-09-03T03:29:22.623074+00:00,
https://www.insource.co.jp/bup/total_coordinate.html,公開講座セットプラン:研修会社インソース～講師派遣研修／公開講座の研修,,200,text/html; charset=UTF-8,https://www.insource.co.jp/bup/total_coordinate.html,,2,https://www.insource.co.jp/bup/bup_top.html,/bup/,/bup/total_coordinate.html/,40,https://www.insource.co.jp/bup/total_coordinate.html,2026-09-03T03:29:25.351822+00:00,
https://www.insource.co.jp/bup/bup_work-parenting-support.html,【研修セミナー公開講座】不登校問題から考える仕事と子育ての両立支援研修｜東京学芸大学共催- 株式会社インソース,不登校問題から考える仕事と子育ての両立支援研修｜東京学芸大学共催,200,text/html; charset=UTF-8,https://www.insource.co.jp/bup/bup_work-parenting-support.html,,2,https://www.insource.co.jp/bup/bup_top.html,/bup/,/bup/bup_work-parenting-support.html/,699,https://www.insource.co.jp/bup/bup_work-parenting-support.html,2026-09-03T03:29:26.384116+00:00,
https://www.insource.co.jp/bup/business_card_exchange.html,名刺交換会付き公開講座―１名から参加できる研修の会社インソース,,200,text/html; charset=UTF-8,https://www.insource.co.jp/bup/business_card_exchange.html,,2,https://www.insource.co.jp/bup/bup_top.html,/bup/,/bup/business_card_exchange.html/,700,https://www.insource.co.jp/bup/business_card_exchange.html,2026-09-03T03:29:27.872894+00:00,
https://www.insource.co.jp/webins/,かんたんお申込みシステム『WEBinsource』:研修会社インソース～講師派遣研修／公開講座の研修,,200,text/html; charset=UTF-8,https://www.insource.co.jp/webins/index.html,,2,https://www.insource.co.jp/bup/bup_top.html,/webins/,,1183,https://www.insource.co.jp/webins/index.html,2026-09-03T03:29:29.400979+00:00,
https://www.insource.co.jp/bup/bup_ai_thinking_essentials.html,【研修セミナー公開講座】ＡＩ任せを防ぐ思考力２日間速習コース～回答の鵜呑みをなくし、使い時を見極める- 株式会社インソース,ＡＩ任せを防ぐ思考力２日間速習コース～回答の鵜呑みをなくし、使い時を見極める,200,text/html; charset=UTF-8,https://www.insource.co.jp/bup/bup_ai_thinking_essentials.html,,2,https://www.insource.co.jp/bup/bup_top.html,/bup/,/bup/bup_ai_thinking_essentials.html/,1492,https://www.insource.co.jp/bup/bup_ai_thinking_essentials.html,2026-09-03T03:29:31.344907+00:00,
https://www.insource.co.jp/bup/bup_claude_skills_utilization.html,【研修セミナー公開講座】実務を変えるClaude２日間速習コース～活用場面を拡大し、Skillsを使いこなす- 株式会社インソース,実務を変えるClaude２日間速習コース～活用場面を拡大し、Skillsを使いこなす,200,text/html; charset=UTF-8,https://www.insource.co.jp/bup/bup_claude_skills_utilization.html,,2,https://www.insource.co.jp/bup/bup_top.html,/bup/,/bup/bup_claude_skills_utilization.html/,1548,https://www.insource.co.jp/bup/bup_claude_skills_utilization.html,2026-09-03T03:29:33.711942+00:00,
https://www.insource.co.jp/bup/bup_gemini_gem_automation.html,【研修セミナー公開講座】実務を変えるGemini２日間速習コース～活用場面を拡大し、Gemで業務を自動化する- 株式会社インソース,実務を変えるGemini２日間速習コース～活用場面を拡大し、Gemで業務を自動化する,200,text/html; charset=UTF-8,https://www.insource.co.jp/bup/bup_gemini_gem_automation.html,,2,https://www.insource.co.jp/bup/bup_top.html,/bup/,/bup/bup_gemini_gem_automation.html/,1561,https://www.insource.co.jp/bup/bup_gemini_gem_automation.html,2026-09-03T03:29:36.355912+00:00,
https://www.insource.co.jp/bup/bup_copilot_agent_automation.html,【研修セミナー公開講座】実務を変えるCopilot２日間速習コース～活用場面を拡大し、ＡＩエージェントで自動化する- 株式会社インソース,実務を変えるCopilot２日間速習コース～活用場面を拡大し、ＡＩエージェントで自動化する,200,text/html; charset=UTF-8,https://www.insource.co.jp/bup/bup_copilot_agent_automation.html,,2,https://www.insource.co.jp/bup/bup_top.html,/bup/,/bup/bup_copilot_agent_automation.html/,1572,https://www.insource.co.jp/bup/bup_copilot_agent_automation.html,2026-09-03T03:29:38.789741+00:00,
https://www.insource.co.jp/bup/bup_chatgpt_macro_automation.html,【研修セミナー公開講座】実務を変えるChatGPT２日間速習コース～活用場面を拡大し、マクロ作成で業務を自動化する- 株式会社インソース,実務を変えるChatGPT２日間速習コース～活用場面を拡大し、マクロ作成で業務を自動化する,200,text/html; charset=UTF-8,https://www.insource.co.jp/bup/bup_chatgpt_macro_automation.html,,2,https://www.insource.co.jp/bup/bup_top.html,/bup/,/bup/bup_chatgpt_macro_automation.html/,1570,https://www.insource.co.jp/bup/bup_chatgpt_macro_automation.html,2026-09-03T03:29:41.226776+00:00,
https://www.insource.co.jp/bup/bup_marketing-plan-copywriting.html,【研修セミナー公開講座】コピーライティング研修～読まれる・動かす・売れる文章を作る- 株式会社インソース,コピーライティング研修～読まれる・動かす・売れる文章を作る,200,text/html; charset=UTF-8,https://www.insource.co.jp/bup/bup_marketing-plan-copywriting.html,,2,https://www.insource.co.jp/bup/bup_top.html,/bup/,/bup/bup_marketing-plan-copywriting.html/,1698,https://www.insource.co.jp/bup/bup_marketing-plan-copywriting.html,2026-09-03T03:29:43.659760+00:00,
https://www.insource.co.jp/bup/bup_genai-slide.html,【研修セミナー公開講座】（半日研修）生成ＡＩスライド資料作成研修～伝わる構造設計を習得する- 株式会社インソース,（半日研修）生成ＡＩスライド資料作成研修～伝わる構造設計を習得する,200,text/html; charset=UTF-8,https://www.insource.co.jp/bup/bup_genai-slide.html,,2,https://www.insource.co.jp/bup/bup_top.html,/bup/,/bup/bup_genai-slide.html/,1735,https://www.insource.co.jp/bup/bup_genai-slide.html,2026-09-03T03:29:46.243324+00:00,
https://www.insource.co.jp/bup/bup_streamlining-operations.html,【研修セミナー公開講座】リーダー向けタイムマネジメント研修～自身とメンバーの業務管理- 株式会社インソース,リーダー向けタイムマネジメント研修～自身とメンバーの業務管理,200,text/html; charset=UTF-8,https://www.insource.co.jp/bup/bup_streamlining-operations.html,,2,https://www.insource.co.jp/bup/bup_top.html,/bup/,/bup/bup_streamlining-operations.html/,1950,https://www.insource.co.jp/bup/bup_streamlining-operations.html,2026-09-03T03:29:49.048909+00:00,
https://www.insource.co.jp/bup/bup_inquiry-agent.html,【研修セミナー公開講座】（半日研修）問合せに対応するＡＩ窓口作成研修～Copilot Studioで業務自動化- 株式会社インソース,（半日研修）問合せに対応するＡＩ窓口作成研修～Copilot Studioで業務自動化,200,text/html; charset=UTF-8,https://www.insource.co.jp/bup/bup_inquiry-agent.html,,2,https://www.insource.co.jp/bup/bup_top.html,/bup/,/bup/bup_inquiry-agent.html/,1901,https://www.insource.co.jp/bup/bup_inquiry-agent.html,2026-09-03T03:29:51.895535+00:00,
https://www.insource.co.jp/bup/bup_copilot-in-excel.html,【研修セミナー公開講座】生成ＡＩを活用したExcel効率化研修～Copilot in Excel編- 株式会社インソース,生成ＡＩを活用したExcel効率化研修～Copilot in Excel編,200,text/html; charset=UTF-8,https://www.insource.co.jp/bup/bup_copilot-in-excel.html,,2,https://www.insource.co.jp/bup/bup_top.html,/bup/,/bup/bup_copilot-in-excel.html/,1715,https://www.insource.co.jp/bup/bup_copilot-in-excel.html,2026-09-03T03:29:54.673152+00:00,
https://www.insource.co.jp/bup/bup_unexpected-complaints.html,【研修セミナー公開講座】想定外にも強くなるクレーム対応研修～迷った時の４つの拠り所- 株式会社インソース,想定外にも強くなるクレーム対応研修～迷った時の４つの拠り所,200,text/html; charset=UTF-8,https://www.insource.co.jp/bup/bup_unexpected-complaints.html,,2,https://www.insource.co.jp/bup/bup_top.html,/bup/,/bup/bup_unexpected-complaints.html/,1651,https://www.insource.co.jp/bup/bup_unexpected-complaints.html,2026-09-03T03:29:57.430916+00:00,
https://www.insource.co.jp/bup/bup_legal-proper-transactions-act.html,【研修セミナー公開講座】（半日研修）取適法研修～義務と禁止事項を自社取引で点検する- 株式会社インソース,（半日研修）取適法研修～義務と禁止事項を自社取引で点検する,200,text/html; charset=UTF-8,https://www.insource.co.jp/bup/bup_legal-proper-transactions-act.html,,2,https://www.insource.co.jp/bup/bup_top.html,/bup/,/bup/bup_legal-proper-transactions-act.html/,1710,https://www.insource.co.jp/bup/bup_legal-proper-transactions-act.html,2026-09-03T03:29:59.988079+00:00,
https://www.insource.co.jp/bup/bup_autonomous-robot.html,【研修セミナー公開講座】（半日研修）フィジカルＡＩ理解研修～自律型ロボットの活用法を学び、人手不足解消を目指す- 株式会社インソース,（半日研修）フィジカルＡＩ理解研修～自律型ロボットの活用法を学び、人手不足解消を目指す,200,text/html; charset=UTF-8,https://www.insource.co.jp/bup/bup_autonomous-robot.html,,2,https://www.insource.co.jp/bup/bup_top.html,/bup/,/bup/bup_autonomous-robot.html/,1837,https://www.insource.co.jp/bup/bup_autonomous-robot.html,2026-09-03T03:30:02.576175+00:00,
https://www.insource.co.jp/bup/bup_copilot-word-excel.html,【研修セミナー公開講座】業務効率化のためのCopilot研修～Word・Excelへの生成ＡＩ活用- 株式会社インソース,業務効率化のためのCopilot研修～Word・Excelへの生成ＡＩ活用,200,text/html; charset=UTF-8,https://www.insource.co.jp/bup/bup_copilot-word-excel.html,,2,https://www.insource.co.jp/bup/bup_top.html,/bup/,/bup/bup_copilot-word-excel.html/,1752,https://www.insource.co.jp/bup/bup_copilot-word-excel.html,2026-09-03T03:30:05.283029+00:00,
https://www.insource.co.jp/bup/bup_chatgpt-prompt.html,【研修セミナー公開講座】業務効率化のためのChatGPT活用研修～仕事に使える指示の出し方を学ぶ- 株式会社インソース,業務効率化のためのChatGPT活用研修～仕事に使える指示の出し方を学ぶ,200,text/html; charset=UTF-8,https://www.insource.co.jp/bup/bup_chatgpt-prompt.html,,2,https://www.insource.co.jp/bup/bup_top.html,/bup/,/bup/bup_chatgpt-prompt.html/,1834,https://www.insource.co.jp/bup/bup_chatgpt-prompt.html,2026-09-03T03:30:08.089022+00:00,
https://www.insource.co.jp/bup/bup_copilot-basic.html,【研修セミナー公開講座】Copilotのはじめ方研修～基礎から学び、生成ＡＩを自身の仕事に活かす- 株式会社インソース,Copilotのはじめ方研修～基礎から学び、生成ＡＩを自身の仕事に活かす,200,text/html; charset=UTF-8,https://www.insource.co.jp/bup/bup_copilot-basic.html,,2,https://www.insource.co.jp/bup/bup_top.html,/bup/,/bup/bup_copilot-basic.html/,1829,https://www.insource.co.jp/bup/bup_copilot-basic.html,2026-09-03T03:30:10.794691+00:00,
https://www.insource.co.jp/bup/bup_fde-introduction.html,【研修セミナー公開講座】ＦＤＥ（顧客密着型エンジニア）育成導入研修～３つの人間力を身につける（２日間）- 株式会社インソース,ＦＤＥ（顧客密着型エンジニア）育成導入研修～３つの人間力を身につける（２日間）,200,text/html; charset=UTF-8,https://www.insource.co.jp/bup/bup_fde-introduction.html,,2,https://www.insource.co.jp/bup/bup_top.html,/bup/,/bup/bup_fde-introduction.html/,1569,https://www.insource.co.jp/bup/bup_fde-introduction.html,2026-09-03T03:30:13.491189+00:00,
https://www.insource.co.jp/bup/bup_claude-routine-work.html,【研修セミナー公開講座】Claude Cowork実践研修～定型業務をＡＩに任せる新しい働き方- 株式会社インソース,Claude Cowork実践研修～定型業務をＡＩに任せる新しい働き方,200,text/html; charset=UTF-8,https://www.insource.co.jp/bup/bup_claude-routine-work.html,,2,https://www.insource.co.jp/bup/bup_top.html,/bup/,/bup/bup_claude-routine-work.html/,1747,https://www.insource.co.jp/bup/bup_claude-routine-work.html,2026-09-03T03:30:15.905236+00:00,
https://www.insource.co.jp/bup/bup_co-creative-sales.html,【研修セミナー公開講座】共創型営業研修～顧客と共に未来を創る「営業3.0」へのバージョンアップ- 株式会社インソース,共創型営業研修～顧客と共に未来を創る「営業3.0」へのバージョンアップ,200,text/html; charset=UTF-8,https://www.insource.co.jp/bup/bup_co-creative-sales.html,,2,https://www.insource.co.jp/bup/bup_top.html,/bup/,/bup/bup_co-creative-sales.html/,1588,https://www.insource.co.jp/bup/bup_co-creative-sales.html,2026-09-03T03:30:18.523538+00:00,
https://www.insource.co.jp/bup/bup_career-consultation.html,【研修セミナー公開講座】社内向けキャリア相談員研修～心構えとスキルを身につける- 株式会社インソース,社内向けキャリア相談員研修～心構えとスキルを身につける,200,text/html; charset=UTF-8,https://www.insource.co.jp/bup/bup_career-consultation.html,,2,https://www.insource.co.jp/bup/bup_top.html,/bup/,/bup/bup_career-consultation.html/,1926,https://www.insource.co.jp/bup/bup_career-consultation.html,2026-09-03T03:30:21.153167+00:00,
https://www.insource.co.jp/bup/bup-servlet-spring.html,【研修セミナー公開講座】【新人ＩＴ研修】Webアプリケーション研修～サーブレット・Spring（９日間）- 株式会社インソース,【新人ＩＴ研修】Webアプリケーション研修～サーブレット・Spring（９日間）,200,text/html; charset=UTF-8,https://www.insource.co.jp/bup/bup-servlet-spring.html,,2,https://www.insource.co.jp/bup/bup_top.html,/bup/,/bup/bup-servlet-spring.html/,1428,https://www.insource.co.jp/bup/bup-servlet-spring.html,2026-09-03T03:30:23.982973+00:00,
https://www.insource.co.jp/bup/bup_css-3days.html,【研修セミナー公開講座】【新人ＩＴ研修】HTML／CSS基礎研修（３日間）- 株式会社インソース,【新人ＩＴ研修】HTML／CSS基礎研修（３日間）,200,text/html; charset=UTF-8,https://www.insource.co.jp/bup/bup_css-3days.html,,2,https://www.insource.co.jp/bup/bup_top.html,/bup/,/bup/bup_css-3days.html/,1510,https://www.insource.co.jp/bup/bup_css-3days.html,2026-09-03T03:30:26.257371+00:00,
https://www.insource.co.jp/bup/bup_midcareer-practical-skill.html,【研修セミナー公開講座】中堅社員向け実践力強化ワークショップ～悩みを共有しみんなで成長する- 株式会社インソース,中堅社員向け実践力強化ワークショップ～悩みを共有しみんなで成長する,200,text/html; charset=UTF-8,https://www.insource.co.jp/bup/bup_midcareer-practical-skill.html,,2,https://www.insource.co.jp/bup/bup_top.html,/bup/,/bup/bup_midcareer-practical-skill.html/,1612,https://www.insource.co.jp/bup/bup_midcareer-practical-skill.html,2026-09-03T03:30:28.615568+00:00,
https://www.insource.co.jp/bup/bup_copilot-studio-assistant.html,【研修セミナー公開講座】（半日研修）締切を知らせるＡＩ秘書作成研修～Copilot Studioで業務自動化- 株式会社インソース,（半日研修）締切を知らせるＡＩ秘書作成研修～Copilot Studioで業務自動化,200,text/html; charset=UTF-8,https://www.insource.co.jp/bup/bup_copilot-studio-assistant.html,,2,https://www.insource.co.jp/bup/bup_top.html,/bup/,/bup/bup_copilot-studio-assistant.html/,1831,https://www.insource.co.jp/bup/bup_copilot-studio-assistant.html,2026-09-03T03:30:31.312970+00:00,
https://www.insource.co.jp/bup/bup_newemployee-industry-knowledge.html,【研修セミナー公開講座】【内定者セミナー】仕事で役立つ業界知識と情報の集め方- 株式会社インソース,【内定者セミナー】仕事で役立つ業界知識と情報の集め方,200,text/html; charset=UTF-8,https://www.insource.co.jp/bup/bup_newemployee-industry-knowledge.html,,2,https://www.insource.co.jp/bup/bup_top.html,/bup/,/bup/bup_newemployee-industry-knowledge.html/,1602,https://www.insource.co.jp/bup/bup_newemployee-industry-knowledge.html,2026-09-03T03:30:34.033894+00:00,
https://www.insource.co.jp/bup/bup_newemployee-business-email.html,【研修セミナー公開講座】【内定者セミナー】文例から学ぶ！伝わるビジネスメールの書き方- 株式会社インソース,【内定者セミナー】文例から学ぶ！伝わるビジネスメールの書き方,200,text/html; charset=UTF-8,https://www.insource.co.jp/bup/bup_newemployee-business-email.html,,2,https://www.insource.co.jp/bup/bup_top.html,/bup/,/bup/bup_newemployee-business-email.html/,1593,https://www.insource.co.jp/bup/bup_newemployee-business-email.html,2026-09-03T03:30:36.504799+00:00,
https://www.insource.co.jp/bup/middle-history.html,公開講座 検索履歴【研修セミナー公開講座】- 株式会社インソース,,200,text/html; charset=UTF-8,https://www.insource.co.jp/bup/middle-history.html,noindex,2,https://www.insource.co.jp/bup/bup_top.html,/bup/,/bup/middle-history.html/,633,https://www.insource.co.jp/bup/middle-history.html,2026-09-03T03:30:38.970838+00:00,
https://www.insource.co.jp/bup/middle-skill-digital.html,公開講座 テーマで研修を探す～デジタルスキル ｜１名から参加できる公開型セミナー【研修セミナー公開講座】- 株式会社インソース,,200,text/html; charset=UTF-8,https://www.insource.co.jp/bup/middle-skill-digital.html,,2,https://www.insource.co.jp/bup/bup_top.html,/bup/,/bup/middle-skill-digital.html/,1257,https://www.insource.co.jp/bup/middle-skill-digital.html,2026-09-03T03:30:40.349330+00:00,
https://www.insource.co.jp/bup/copilot_optimization.html,【研修セミナー公開講座】（半日研修）業務効率化のためのCopilot研修～文書・Excel業務のコツをつかむ- 株式会社インソース,（半日研修）業務効率化のためのCopilot研修～文書・Excel業務のコツをつかむ,200,text/html; charset=UTF-8,https://www.insource.co.jp/bup/copilot_optimization.html,,2,https://www.insource.co.jp/bup/bup_top.html,/bup/,/bup/copilot_optimization.html/,1642,https://www.insource.co.jp/bup/copilot_optimization.html,2026-09-03T03:30:43.012943+00:00,
https://www.insource.co.jp/bup/bup_ai-agent.html,【研修セミナー公開講座】（半日研修）ＡＩエージェント基礎研修～自分専用の生成ＡＩで業務を自動化する- 株式会社インソース,（半日研修）ＡＩエージェント基礎研修～自分専用の生成ＡＩで業務を自動化する,200,text/html; charset=UTF-8,https://www.insource.co.jp/bup/bup_ai-agent.html,,2,https://www.insource.co.jp/bup/bup_top.html,/bup/,/bup/bup_ai-agent.html/,1645,https://www.insource.co.jp/bup/bup_ai-agent.html,2026-09-03T03:30:45.538733+00:00,
https://www.insource.co.jp/bup/bup-promotion-utilization.html,【研修セミナー公開講座】DX活用・推進研修- 株式会社インソース,DX活用・推進研修,200,text/html; charset=UTF-8,https://www.insource.co.jp/bup/bup-promotion-utilization.html,,2,https://www.insource.co.jp/bup/bup_top.html,/bup/,/bup/bup-promotion-utilization.html/,2491,https://www.insource.co.jp/bup/bup-promotion-utilization.html,2026-09-03T03:30:48.053035+00:00,
https://www.insource.co.jp/bup/bup_data_literacy_bunseki.html,【研修セミナー公開講座】【データリテラシー醸成シリーズ】データ分析力向上研修- 株式会社インソース,【データリテラシー醸成シリーズ】データ分析力向上研修,200,text/html; charset=UTF-8,https://www.insource.co.jp/bup/bup_data_literacy_bunseki.html,,2,https://www.insource.co.jp/bup/bup_top.html,/bup/,/bup/bup_data_literacy_bunseki.html/,1790,https://www.insource.co.jp/bup/bup_data_literacy_bunseki.html,2026-09-03T03:30:51.756801+00:00,
https://www.insource.co.jp/bup/bup_self-productivity-improvement.html,【研修セミナー公開講座】生産性向上研修～仕事の見える化でムダなく成果につなげる- 株式会社インソース,生産性向上研修～仕事の見える化でムダなく成果につなげる,200,text/html; charset=UTF-8,https://www.insource.co.jp/bup/bup_self-productivity-improvement.html,,2,https://www.insource.co.jp/bup/bup_top.html,/bup/,/bup/bup_self-productivity-improvement.html/,1952,https://www.insource.co.jp/bup/bup_self-productivity-improvement.html,2026-09-03T03:30:54.512165+00:00,
https://www.insource.co.jp/bup/bup_bunsho_logic.html,【研修セミナー公開講座】論理的で分かりやすい文書の書き方研修- 株式会社インソース,論理的で分かりやすい文書の書き方研修,200,text/html; charset=UTF-8,https://www.insource.co.jp/bup/bup_bunsho_logic.html,,2,https://www.insource.co.jp/bup/bup_top.html,/bup/,/bup/bup_bunsho_logic.html/,1684,https://www.insource.co.jp/bup/bup_bunsho_logic.html,2026-09-03T03:30:57.405562+00:00,
https://www.insource.co.jp/bup/bup_bunsho4.html,【研修セミナー公開講座】マニュアル作成研修～改善・合理化を促す業務マニュアルの作り方- 株式会社インソース,マニュアル作成研修～改善・合理化を促す業務マニュアルの作り方,200,text/html; charset=UTF-8,https://www.insource.co.jp/bup/bup_bunsho4.html,,2,https://www.insource.co.jp/bup/bup_top.html,/bup/,/bup/bup_bunsho4.html/,2138,https://www.insource.co.jp/bup/bup_bunsho4.html,2026-09-03T03:31:00.201866+00:00,
https://www.insource.co.jp/bup/bup_bunsho1.html,【研修セミナー公開講座】ビジネス文書研修～一生ものの書く技術- 株式会社インソース,ビジネス文書研修～一生ものの書く技術,200,text/html; charset=UTF-8,https://www.insource.co.jp/bup/bup_bunsho1.html,,2,https://www.insource.co.jp/bup/bup_top.html,/bup/,/bup/bup_bunsho1.html/,1903,https://www.insource.co.jp/bup/bup_bunsho1.html,2026-09-03T03:31:03.312705+00:00,
https://www.insource.co.jp/bup/bup_zukaisikou.html,【研修セミナー公開講座】図解力向上研修～情報を整理し、分かりやすくする編- 株式会社インソース,図解力向上研修～情報を整理し、分かりやすくする編,200,text/html; charset=UTF-8,https://www.insource.co.jp/bup/bup_zukaisikou.html,,2,https://www.insource.co.jp/bup/bup_top.html,/bup/,/bup/bup_zukaisikou.html/,1695,https://www.insource.co.jp/bup/bup_zukaisikou.html,2026-09-03T03:31:06.139909+00:00,
https://www.insource.co.jp/bup/bup_critical_thinking.html,【研修セミナー公開講座】クリティカルシンキング研修～本質を見抜く力を養う- 株式会社インソース,クリティカルシンキング研修～本質を見抜く力を養う,200,text/html; charset=UTF-8,https://www.insource.co.jp/bup/bup_critical_thinking.html,,2,https://www.insource.co.jp/bup/bup_top.html,/bup/,/bup/bup_critical_thinking.html/,1974,https://www.insource.co.jp/bup/bup_critical_thinking.html,2026-09-03T03:31:08.937896+00:00,
https://www.insource.co.jp/bup/bup_solution.html,【研修セミナー公開講座】問題解決研修～ビジネス上の問題を解決する- 株式会社インソース,問題解決研修～ビジネス上の問題を解決する,200,text/html; charset=UTF-8,https://www.insource.co.jp/bup/bup_solution.html,,2,https://www.insource.co.jp/bup/bup_top.html,/bup/,/bup/bup_solution.html/,1777,https://www.insource.co.jp/bup/bup_solution.html,2026-09-03T03:31:11.894441+00:00,
https://www.insource.co.jp/bup/kasetsu_kouchiku.html,【研修セミナー公開講座】仮説構築力向上研修～仕事の精度とスピードを高める思考法を身につける- 株式会社インソース,仮説構築力向上研修～仕事の精度とスピードを高める思考法を身につける,200,text/html; charset=UTF-8,https://www.insource.co.jp/bup/kasetsu_kouchiku.html,,2,https://www.insource.co.jp/bup/bup_top.html,/bup/,/bup/kasetsu_kouchiku.html/,1815,https://www.insource.co.jp/bup/kasetsu_kouchiku.html,2026-09-03T03:31:14.638363+00:00,
https://www.insource.co.jp/bup/middle-skill-human.html,公開講座 テーマで研修を探す～ヒューマンスキル｜１名から参加できる公開型セミナー【研修セミナー公開講座】- 株式会社インソース,,200,text/html; charset=UTF-8,https://www.insource.co.jp/bup/middle-skill-human.html,,2,https://www.insource.co.jp/bup/bup_top.html,/bup/,/bup/middle-skill-human.html/,1210,https://www.insource.co.jp/bup/middle-skill-human.html,2026-09-03T03:31:17.624452+00:00,
https://www.insource.co.jp/bup/bup_assertive.html,【研修セミナー公開講座】アサーティブコミュニケーション研修～自他尊重のスタンスで言いにくいことを伝える- 株式会社インソース,アサーティブコミュニケーション研修～自他尊重のスタンスで言いにくいことを伝える,200,text/html; charset=UTF-8,https://www.insource.co.jp/bup/bup_assertive.html,,2,https://www.insource.co.jp/bup/bup_top.html,/bup/,/bup/bup_assertive.html/,1862,https://www.insource.co.jp/bup/bup_assertive.html,2026-09-03T03:31:19.974513+00:00,
https://www.insource.co.jp/bup/bup_assertive-com-leader.html,【研修セミナー公開講座】リーダーのためのアサーティブコミュニケーション研修- 株式会社インソース,リーダーのためのアサーティブコミュニケーション研修,200,text/html; charset=UTF-8,https://www.insource.co.jp/bup/bup_assertive-com-leader.html,,2,https://www.insource.co.jp/bup/bup_top.html,/bup/,/bup/bup_assertive-com-leader.html/,2029,https://www.insource.co.jp/bup/bup_assertive-com-leader.html,2026-09-03T03:31:23.057888+00:00,
https://www.insource.co.jp/bup/bup-purpose-empathy.html,【研修セミナー公開講座】人を動かすコミュニケーション研修～キーパーソンへ働きかける編- 株式会社インソース,人を動かすコミュニケーション研修～キーパーソンへ働きかける編,200,text/html; charset=UTF-8,https://www.insource.co.jp/bup/bup-purpose-empathy.html,,2,https://www.insource.co.jp/bup/bup_top.html,/bup/,/bup/bup-purpose-empathy.html/,2206,https://www.insource.co.jp/bup/bup-purpose-empathy.html,2026-09-03T03:31:26.024923+00:00,
https://www.insource.co.jp/bup/bup_sonota5.html,【研修セミナー公開講座】プレゼンテーション研修～相手を動かす３つの要素を習得する- 株式会社インソース,プレゼンテーション研修～相手を動かす３つの要素を習得する,200,text/html; charset=UTF-8,https://www.insource.co.jp/bup/bup_sonota5.html,,2,https://www.insource.co.jp/bup/bup_top.html,/bup/,/bup/bup_sonota5.html/,1794,https://www.insource.co.jp/bup/bup_sonota5.html,2026-09-03T03:31:29.207050+00:00,
https://www.insource.co.jp/bup/bup_powerpoint_present.html,【研修セミナー公開講座】パワーポイントプレゼンテーション研修～訴求力のある資料と話し方を学ぶ- 株式会社インソース,パワーポイントプレゼンテーション研修～訴求力のある資料と話し方を学ぶ,200,text/html; charset=UTF-8,https://www.insource.co.jp/bup/bup_powerpoint_present.html,,2,https://www.insource.co.jp/bup/bup_top.html,/bup/,/bup/bup_powerpoint_present.html/,1757,https://www.insource.co.jp/bup/bup_powerpoint_present.html,2026-09-03T03:31:33.915114+00:00,
https://www.insource.co.jp/bup/bup_teamwork_engagement.html,【研修セミナー公開講座】チームワーク入門研修～信頼・責任・疾走・勝利で高めるエンゲージメント- 株式会社インソース,チームワーク入門研修～信頼・責任・疾走・勝利で高めるエンゲージメント,200,text/html; charset=UTF-8,https://www.insource.co.jp/bup/bup_teamwork_engagement.html,,2,https://www.insource.co.jp/bup/bup_top.html,/bup/,/bup/bup_teamwork_engagement.html/,2328,https://www.insource.co.jp/bup/bup_teamwork_engagement.html,2026-09-03T03:31:36.597676+00:00,
https://www.insource.co.jp/bup/bup-stress-management.html,【研修セミナー公開講座】リーダーのためのストレスマネジメント研修～ストレスをうまく活用して自分も職場も元気にする- 株式会社インソース,リーダーのためのストレスマネジメント研修～ストレスをうまく活用して自分も職場も元気にする,200,text/html; charset=UTF-8,https://www.insource.co.jp/bup/bup-stress-management.html,,2,https://www.insource.co.jp/bup/bup_top.html,/bup/,/bup/bup-stress-management.html/,2071,https://www.insource.co.jp/bup/bup-stress-management.html,2026-09-03T03:31:40.065948+00:00,
https://www.insource.co.jp/bup/middle-skill-conceptual.html,公開講座 テーマで研修を探す～コンセプチュアルスキル ｜１名から参加できる公開型セミナー【研修セミナー公開講座】- 株式会社インソース,,200,text/html; charset=UTF-8,https://www.insource.co.jp/bup/middle-skill-conceptual.html,,2,https://www.insource.co.jp/bup/bup_top.html,/bup/,/bup/middle-skill-conceptual.html/,1213,https://www.insource.co.jp/bup/middle-skill-conceptual.html,2026-09-03T03:31:43.088913+00:00,
https://www.insource.co.jp/bup/better_decision_making.html,【研修セミナー公開講座】判断力強化研修～８つの観点で意思決定ができる管理職になる- 株式会社インソース,判断力強化研修～８つの観点で意思決定ができる管理職になる,200,text/html; charset=UTF-8,https://www.insource.co.jp/bup/better_decision_making.html,,2,https://www.insource.co.jp/bup/bup_top.html,/bup/,/bup/better_decision_making.html/,1961,https://www.insource.co.jp/bup/better_decision_making.html,2026-09-03T03:31:45.337070+00:00,
https://www.insource.co.jp/bup/bup_sonota9.html,【研修セミナー公開講座】ロジカルシンキング研修- 株式会社インソース,ロジカルシンキング研修,200,text/html; charset=UTF-8,https://www.insource.co.jp/bup/bup_sonota9.html,,2,https://www.insource.co.jp/bup/bup_top.html,/bup/,/bup/bup_sonota9.html/,2041,https://www.insource.co.jp/bup/bup_sonota9.html,2026-09-03T03:31:48.480831+00:00,
https://www.insource.co.jp/bup/bup_lateral-thinking.html,【研修セミナー公開講座】ラテラルシンキング研修～新たな発想を生み出す力を養う- 株式会社インソース,ラテラルシンキング研修～新たな発想を生み出す力を養う,200,text/html; charset=UTF-8,https://www.insource.co.jp/bup/bup_lateral-thinking.html,,2,https://www.insource.co.jp/bup/bup_top.html,/bup/,/bup/bup_lateral-thinking.html/,1937,https://www.insource.co.jp/bup/bup_lateral-thinking.html,2026-09-03T03:31:51.483833+00:00,
https://www.insource.co.jp/bup/bup_creative_power.html,【研修セミナー公開講座】創造力強化研修～クリエイティブシンキングのためのマインドとスキル- 株式会社インソース,創造力強化研修～クリエイティブシンキングのためのマインドとスキル,200,text/html; charset=UTF-8,https://www.insource.co.jp/bup/bup_creative_power.html,,2,https://www.insource.co.jp/bup/bup_top.html,/bup/,/bup/bup_creative_power.html/,1927,https://www.insource.co.jp/bup/bup_creative_power.html,2026-09-03T03:31:54.413208+00:00,
https://www.insource.co.jp/bup/bup_triple_thinking.html,【研修セミナー公開講座】トリプルシンキング実践研修～クリティカル・ラテラル・ロジカルシンキングを応用する（２日間）- 株式会社インソース,トリプルシンキング実践研修～クリティカル・ラテラル・ロジカルシンキングを応用する（２日間）,200,text/html; charset=UTF-8,https://www.insource.co.jp/bup/bup_triple_thinking.html,,2,https://www.insource.co.jp/bup/bup_top.html,/bup/,/bup/bup_triple_thinking.html/,1987,https://www.insource.co.jp/bup/bup_triple_thinking.html,2026-09-03T03:31:57.500321+00:00,
https://www.insource.co.jp/bup/bup_kanrishoku6.html,【研修セミナー公開講座】企画力研修～企画立案から企画書作成までの流れを学ぶ- 株式会社インソース,企画力研修～企画立案から企画書作成までの流れを学ぶ,200,text/html; charset=UTF-8,https://www.insource.co.jp/bup/bup_kanrishoku6.html,,2,https://www.insource.co.jp/bup/bup_top.html,/bup/,/bup/bup_kanrishoku6.html/,1867,https://www.insource.co.jp/bup/bup_kanrishoku6.html,2026-09-03T03:32:00.476252+00:00,
https://www.insource.co.jp/bup/middle-skill-activate.html,公開講座 テーマで研修を探す～人と組織の活性化 ｜１名から参加できる公開型セミナー【研修セミナー公開講座】- 株式会社インソース,,200,text/html; charset=UTF-8,https://www.insource.co.jp/bup/middle-skill-activate.html,,2,https://www.insource.co.jp/bup/bup_top.html,/bup/,/bup/middle-skill-activate.html/,1195,https://www.insource.co.jp/bup/middle-skill-activate.html,2026-09-03T03:32:03.511528+00:00,
https://www.insource.co.jp/bup/bup-career-design-50s.html,【研修セミナー公開講座】５０代向けキャリアデザイン研修～人生１００年時代のマネーとキャリアを考える- 株式会社インソース,５０代向けキャリアデザイン研修～人生１００年時代のマネーとキャリアを考える,200,text/html; charset=UTF-8,https://www.insource.co.jp/bup/bup-career-design-50s.html,,2,https://www.insource.co.jp/bup/bup_top.html,/bup/,/bup/bup-career-design-50s.html/,1698,https://www.insource.co.jp/bup/bup-career-design-50s.html,2026-09-03T03:32:05.687894+00:00,
https://www.insource.co.jp/bup/bup_practice_coaching.html,【研修セミナー公開講座】コーチング研修（実践編）～動機付けとキャリアサポート- 株式会社インソース,コーチング研修（実践編）～動機付けとキャリアサポート,200,text/html; charset=UTF-8,https://www.insource.co.jp/bup/bup_practice_coaching.html,,2,https://www.insource.co.jp/bup/bup_top.html,/bup/,/bup/bup_practice_coaching.html/,2000,https://www.insource.co.jp/bup/bup_practice_coaching.html,2026-09-03T03:32:08.276583+00:00,
https://www.insource.co.jp/bup/bup_financial_literacy.html,【研修セミナー公開講座】金融リテラシー研修～フェアな目線で、お金の知識を体系的に身につける- 株式会社インソース,金融リテラシー研修～フェアな目線で、お金の知識を体系的に身につける,200,text/html; charset=UTF-8,https://www.insource.co.jp/bup/bup_financial_literacy.html,,2,https://www.insource.co.jp/bup/bup_top.html,/bup/,/bup/bup_financial_literacy.html/,1720,https://www.insource.co.jp/bup/bup_financial_literacy.html,2026-09-03T03:32:11.240947+00:00,
https://www.insource.co.jp/bup/womanleader_skillup.html,【研修セミナー公開講座】女性リーダー研修～スキルアップ編「リーダーとして必要なスキルを習得・確認する」- 株式会社インソース,女性リーダー研修～スキルアップ編「リーダーとして必要なスキルを習得・確認する」,200,text/html; charset=UTF-8,https://www.insource.co.jp/bup/womanleader_skillup.html,,2,https://www.insource.co.jp/bup/bup_top.html,/bup/,/bup/womanleader_skillup.html/,2104,https://www.insource.co.jp/bup/womanleader_skillup.html,2026-09-03T03:32:14.040555+00:00,
https://www.insource.co.jp/bup/bup_woman_smartwork.html,【研修セミナー公開講座】女性のためのスマートワーク研修～自分らしい働き方で職場に貢献する- 株式会社インソース,女性のためのスマートワーク研修～自分らしい働き方で職場に貢献する,200,text/html; charset=UTF-8,https://www.insource.co.jp/bup/bup_woman_smartwork.html,,2,https://www.insource.co.jp/bup/bup_top.html,/bup/,/bup/bup_woman_smartwork.html/,1736,https://www.insource.co.jp/bup/bup_woman_smartwork.html,2026-09-03T03:32:17.076039+00:00,
https://www.insource.co.jp/bup/woman_leader.html,【研修セミナー公開講座】女性リーダー研修～キャリアアップ編「リーダーとしての自信をつける」- 株式会社インソース,女性リーダー研修～キャリアアップ編「リーダーとしての自信をつける」,200,text/html; charset=UTF-8,https://www.insource.co.jp/bup/woman_leader.html,,2,https://www.insource.co.jp/bup/bup_top.html,/bup/,/bup/woman_leader.html/,2134,https://www.insource.co.jp/bup/woman_leader.html,2026-09-03T03:32:19.701179+00:00,
https://www.insource.co.jp/bup/bup-business-manner-naiteisha.html,【研修セミナー公開講座】【内定者セミナー】社会人直前！ビジネスマナーの基本- 株式会社インソース,【内定者セミナー】社会人直前！ビジネスマナーの基本,200,text/html; charset=UTF-8,https://www.insource.co.jp/bup/bup-business-manner-naiteisha.html,,2,https://www.insource.co.jp/bup/bup_top.html,/bup/,/bup/bup-business-manner-naiteisha.html/,1681,https://www.insource.co.jp/bup/bup-business-manner-naiteisha.html,2026-09-03T03:32:22.965046+00:00,
https://www.insource.co.jp/bup/bup-jyoshi-senpai-communication.html,【研修セミナー公開講座】【内定者セミナー】上司・先輩とのコミュニケーションを学ぶ- 株式会社インソース,【内定者セミナー】上司・先輩とのコミュニケーションを学ぶ,200,text/html; charset=UTF-8,https://www.insource.co.jp/bup/bup-jyoshi-senpai-communication.html,,2,https://www.insource.co.jp/bup/bup_top.html,/bup/,/bup/bup-jyoshi-senpai-communication.html/,1625,https://www.insource.co.jp/bup/bup-jyoshi-senpai-communication.html,2026-09-03T03:32:25.534912+00:00,
https://www.insource.co.jp/bup/bup_how-to-speak-basic.html,【研修セミナー公開講座】【内定者セミナー】敬語・ビジネス用語のトレーニング- 株式会社インソース,【内定者セミナー】敬語・ビジネス用語のトレーニング,200,text/html; charset=UTF-8,https://www.insource.co.jp/bup/bup_how-to-speak-basic.html,,2,https://www.insource.co.jp/bup/bup_top.html,/bup/,/bup/bup_how-to-speak-basic.html/,1549,https://www.insource.co.jp/bup/bup_how-to-speak-basic.html,2026-09-03T03:32:28.033924+00:00,
https://www.insource.co.jp/bup/bup-naitei-logicalthinking.html,【研修セミナー公開講座】【内定者セミナー】相手に信頼される伝え方～ロジカルシンキングの基本- 株式会社インソース,【内定者セミナー】相手に信頼される伝え方～ロジカルシンキングの基本,200,text/html; charset=UTF-8,https://www.insource.co.jp/bup/bup-naitei-logicalthinking.html,,2,https://www.insource.co.jp/bup/bup_top.html,/bup/,/bup/bup-naitei-logicalthinking.html/,33,https://www.insource.co.jp/bup/bup-naitei-logicalthinking.html,2026-09-03T03:32:30.454148+00:00,
https://www.insource.co.jp/bup/followup_02.html,【研修セミナー公開講座】社会人２年目研修～意識転換と不安の払拭を図り、次のステージに進む- 株式会社インソース,社会人２年目研修～意識転換と不安の払拭を図り、次のステージに進む,200,text/html; charset=UTF-8,https://www.insource.co.jp/bup/followup_02.html,,2,https://www.insource.co.jp/bup/bup_top.html,/bup/,/bup/followup_02.html/,1678,https://www.insource.co.jp/bup/followup_02.html,2026-09-03T03:32:31.376665+00:00,
https://www.insource.co.jp/bup/bup_50_workstyle.html,【研修セミナー公開講座】５０代活動（いそかつ）研修～これからのワークスタイルを考える- 株式会社インソース,５０代活動（いそかつ）研修～これからのワークスタイルを考える,200,text/html; charset=UTF-8,https://www.insource.co.jp/bup/bup_50_workstyle.html,,2,https://www.insource.co.jp/bup/bup_top.html,/bup/,/bup/bup_50_workstyle.html/,1749,https://www.insource.co.jp/bup/bup_50_workstyle.html,2026-09-03T03:32:34.198392+00:00,
https://www.insource.co.jp/bup/career_design_40s.html,【研修セミナー公開講座】４０代向けキャリアデザイン研修～ワーク・ライフ・マネーバランスを考える- 株式会社インソース,４０代向けキャリアデザイン研修～ワーク・ライフ・マネーバランスを考える,200,text/html; charset=UTF-8,https://www.insource.co.jp/bup/career_design_40s.html,,2,https://www.insource.co.jp/bup/bup_top.html,/bup/,/bup/career_design_40s.html/,2066,https://www.insource.co.jp/bup/career_design_40s.html,2026-09-03T03:32:36.834899+00:00,
https://www.insource.co.jp/bup/bup_masters_of_efficientworking.html,【研修セミナー公開講座】マスターズ（ベテラン世代向け）研修～時短の達人としてチームに貢献する- 株式会社インソース,マスターズ（ベテラン世代向け）研修～時短の達人としてチームに貢献する,200,text/html; charset=UTF-8,https://www.insource.co.jp/bup/bup_masters_of_efficientworking.html,,2,https://www.insource.co.jp/bup/bup_top.html,/bup/,/bup/bup_masters_of_efficientworking.html/,2056,https://www.insource.co.jp/bup/bup_masters_of_efficientworking.html,2026-09-03T03:32:39.818091+00:00,
https://www.insource.co.jp/bup/geidai_sense.html,【研修セミナー公開講座】【東京藝術大学美術学部共催】経営・マネジメント力強化セミナー～人がもつ新しい経営資源「感性」を理解する- 株式会社インソース,【東京藝術大学美術学部共催】経営・マネジメント力強化セミナー～人がもつ新しい経営資源「感性」を理解する,200,text/html; charset=UTF-8,https://www.insource.co.jp/bup/geidai_sense.html,,2,https://www.insource.co.jp/bup/bup_top.html,/bup/,/bup/geidai_sense.html/,656,https://www.insource.co.jp/bup/geidai_sense.html,2026-09-03T03:32:42.971109+00:00,
https://www.insource.co.jp/bup/bup_menter.html,【研修セミナー公開講座】メンター研修～メンティのよき相談相手となる- 株式会社インソース,メンター研修～メンティのよき相談相手となる,200,text/html; charset=UTF-8,https://www.insource.co.jp/bup/bup_menter.html,,2,https://www.insource.co.jp/bup/bup_top.html,/bup/,/bup/bup_menter.html/,1834,https://www.insource.co.jp/bup/bup_menter.html,2026-09-03T03:32:44.414783+00:00,
https://www.insource.co.jp/bup/bup_claim1.html,【研修セミナー公開講座】クレーム対応研修～苦情対応の正しい手順を学ぶ- 株式会社インソース,クレーム対応研修～苦情対応の正しい手順を学ぶ,200,text/html; charset=UTF-8,https://www.insource.co.jp/bup/bup_claim1.html,,2,https://www.insource.co.jp/bup/bup_top.html,/bup/,/bup/bup_claim1.html/,1900,https://www.insource.co.jp/bup/bup_claim1.html,2026-09-03T03:32:47.195306+00:00,
https://www.insource.co.jp/bup/bup_customer_harassment.html,【研修セミナー公開講座】カスタマーハラスメント防止研修～正しい知識を味方につける- 株式会社インソース,カスタマーハラスメント防止研修～正しい知識を味方につける,200,text/html; charset=UTF-8,https://www.insource.co.jp/bup/bup_customer_harassment.html,,2,https://www.insource.co.jp/bup/bup_top.html,/bup/,/bup/bup_customer_harassment.html/,1590,https://www.insource.co.jp/bup/bup_customer_harassment.html,2026-09-03T03:32:49.966596+00:00,
https://www.insource.co.jp/bup/bup_call2.html,【研修セミナー公開講座】クレーム電話対応研修～見えない相手との対応テクニックを学ぶ- 株式会社インソース,クレーム電話対応研修～見えない相手との対応テクニックを学ぶ,200,text/html; charset=UTF-8,https://www.insource.co.jp/bup/bup_call2.html,,2,https://www.insource.co.jp/bup/bup_top.html,/bup/,/bup/bup_call2.html/,1609,https://www.insource.co.jp/bup/bup_call2.html,2026-09-03T03:32:52.417189+00:00,
https://www.insource.co.jp/bup/bup_marketing.html,【研修セミナー公開講座】マーケティング研修～ＳＴＰ・４Ｐから学ぶ売るための仕組み作り- 株式会社インソース,マーケティング研修～ＳＴＰ・４Ｐから学ぶ売るための仕組み作り,200,text/html; charset=UTF-8,https://www.insource.co.jp/bup/bup_marketing.html,,2,https://www.insource.co.jp/bup/bup_top.html,/bup/,/bup/bup_marketing.html/,2081,https://www.insource.co.jp/bup/bup_marketing.html,2026-09-03T03:32:55.157185+00:00,
https://www.insource.co.jp/bup/calling_service_levelup.html,【研修セミナー公開講座】電話応対レベルアップ研修～信頼関係を構築するトークスキル- 株式会社インソース,電話応対レベルアップ研修～信頼関係を構築するトークスキル,200,text/html; charset=UTF-8,https://www.insource.co.jp/bup/calling_service_levelup.html,,2,https://www.insource.co.jp/bup/bup_top.html,/bup/,/bup/calling_service_levelup.html/,1637,https://www.insource.co.jp/bup/calling_service_levelup.html,2026-09-03T03:32:58.196941+00:00,
https://www.insource.co.jp/bup/bup_kanrishoku9.html,【研修セミナー公開講座】ファシリテーション研修～会議を円滑に進行する４つのスキル- 株式会社インソース,ファシリテーション研修～会議を円滑に進行する４つのスキル,200,text/html; charset=UTF-8,https://www.insource.co.jp/bup/bup_kanrishoku9.html,,2,https://www.insource.co.jp/bup/bup_top.html,/bup/,/bup/bup_kanrishoku9.html/,2156,https://www.insource.co.jp/bup/bup_kanrishoku9.html,2026-09-03T03:33:00.730959+00:00,
https://www.insource.co.jp/bup/accounting_work.html,【研修セミナー公開講座】はじめての経理実務研修～日次・月次基礎業務編- 株式会社インソース,はじめての経理実務研修～日次・月次基礎業務編,200,text/html; charset=UTF-8,https://www.insource.co.jp/bup/accounting_work.html,,2,https://www.insource.co.jp/bup/bup_top.html,/bup/,/bup/accounting_work.html/,1573,https://www.insource.co.jp/bup/accounting_work.html,2026-09-03T03:33:04.047942+00:00,
https://www.insource.co.jp/bup/bup_sekuhara.html,【研修セミナー公開講座】（半日研修）ハラスメント防止研修～被害者にも加害者にもならないために- 株式会社インソース,（半日研修）ハラスメント防止研修～被害者にも加害者にもならないために,200,text/html; charset=UTF-8,https://www.insource.co.jp/bup/bup_sekuhara.html,,2,https://www.insource.co.jp/bup/bup_top.html,/bup/,/bup/bup_sekuhara.html/,1931,https://www.insource.co.jp/bup/bup_sekuhara.html,2026-09-03T03:33:06.489087+00:00,
https://www.insource.co.jp/bup/bup_solution_teianryoku_koujou.html,【研修セミナー公開講座】＜営業レベルアップシリーズ＞ソリューション提案研修～高付加価値の提案で競合との差別化を図る- 株式会社インソース,＜営業レベルアップシリーズ＞ソリューション提案研修～高付加価値の提案で競合との差別化を図る,200,text/html; charset=UTF-8,https://www.insource.co.jp/bup/bup_solution_teianryoku_koujou.html,,2,https://www.insource.co.jp/bup/bup_top.html,/bup/,/bup/bup_solution_teianryoku_koujou.html/,1817,https://www.insource.co.jp/bup/bup_solution_teianryoku_koujou.html,2026-09-03T03:33:09.382050+00:00,
https://www.insource.co.jp/bup/bup_eigyo_hearing.html,【研修セミナー公開講座】＜営業レベルアップシリーズ＞ヒアリング力向上研修～質問力を高め、顧客の本質的なニーズに迫る- 株式会社インソース,＜営業レベルアップシリーズ＞ヒアリング力向上研修～質問力を高め、顧客の本質的なニーズに迫る,200,text/html; charset=UTF-8,https://www.insource.co.jp/bup/bup_eigyo_hearing.html,,2,https://www.insource.co.jp/bup/bup_top.html,/bup/,/bup/bup_eigyo_hearing.html/,1818,https://www.insource.co.jp/bup/bup_eigyo_hearing.html,2026-09-03T03:33:12.092849+00:00,
https://www.insource.co.jp/bup/bup_eigyo_relation.html,【研修セミナー公開講座】＜営業レベルアップシリーズ＞リレーション強化研修～顧客に寄り添い、担当としての信頼を獲得する- 株式会社インソース,＜営業レベルアップシリーズ＞リレーション強化研修～顧客に寄り添い、担当としての信頼を獲得する,200,text/html; charset=UTF-8,https://www.insource.co.jp/bup/bup_eigyo_relation.html,,2,https://www.insource.co.jp/bup/bup_top.html,/bup/,/bup/bup_eigyo_relation.html/,1608,https://www.insource.co.jp/bup/bup_eigyo_relation.html,2026-09-03T03:33:15.034763+00:00,
https://www.insource.co.jp/bup/closing_success.html,【研修セミナー公開講座】＜営業レベルアップシリーズ＞クロージング研修～成約率を上げるための引き出しを増やす- 株式会社インソース,＜営業レベルアップシリーズ＞クロージング研修～成約率を上げるための引き出しを増やす,200,text/html; charset=UTF-8,https://www.insource.co.jp/bup/closing_success.html,,2,https://www.insource.co.jp/bup/bup_top.html,/bup/,/bup/closing_success.html/,1803,https://www.insource.co.jp/bup/closing_success.html,2026-09-03T03:33:17.510520+00:00,
https://www.insource.co.jp/it-tool/leaf-faq/index.html,Leaf全力Q&A 300 | LMS「Leaf」 動画教育、オンライン教育のシステム・ツール,,200,text/html; charset=UTF-8,https://www.insource.co.jp/it-tool/leaf-faq/index.html,,2,https://www.insource.co.jp/it-tool/kenkanrisys_top.html,/it-tool/,/it-tool/leaf-faq/,756,https://www.insource.co.jp/it-tool/leaf-faq/index.html,2026-09-03T03:33:20.230530+00:00,
https://www.insource.co.jp/it-tool/lightning-func-ai-document-creator.html,Leaf AI教材クリエイター（ドキュメント生成） | 人事サポートシステム Leaf（リーフ）,Leaf AI教材クリエイター（ドキュメント生成）,200,text/html; charset=UTF-8,https://www.insource.co.jp/it-tool/lightning-func-ai-document-creator.html,,2,https://www.insource.co.jp/it-tool/kenkanrisys_top.html,/it-tool/,/it-tool/lightning-func-ai-document-creator.html/,675,https://www.insource.co.jp/it-tool/lightning-func-ai-document-creator.html,2026-09-03T03:33:21.746322+00:00,
https://www.insource.co.jp/it-tool/lightning-func-ai-contents-creator.html,Leaf AI教材クリエイター（テスト生成） | 人事サポートシステム Leaf（リーフ）,Leaf AI教材クリエイター（テスト生成）,200,text/html; charset=UTF-8,https://www.insource.co.jp/it-tool/lightning-func-ai-contents-creator.html,,2,https://www.insource.co.jp/it-tool/kenkanrisys_top.html,/it-tool/,/it-tool/lightning-func-ai-contents-creator.html/,677,https://www.insource.co.jp/it-tool/lightning-func-ai-contents-creator.html,2026-09-03T03:33:23.180093+00:00,
https://www.insource.co.jp/it-tool/lightning-func-ai-trainer.html,Leaf AIトレーナー | 人事サポートシステム Leaf（リーフ）,Leaf AIトレーナー,200,text/html; charset=UTF-8,https://www.insource.co.jp/it-tool/lightning-func-ai-trainer.html,,2,https://www.insource.co.jp/it-tool/kenkanrisys_top.html,/it-tool/,/it-tool/lightning-func-ai-trainer.html/,678,https://www.insource.co.jp/it-tool/lightning-func-ai-trainer.html,2026-09-03T03:33:24.616469+00:00,
https://www.insource.co.jp/it-tool/lightning-func-generative-ai.html,生成AI機能 | 人事サポートシステム Leaf（リーフ）,生成AI機能,200,text/html; charset=UTF-8,https://www.insource.co.jp/it-tool/lightning-func-generative-ai.html,,2,https://www.insource.co.jp/it-tool/kenkanrisys_top.html,/it-tool/,/it-tool/lightning-func-generative-ai.html/,660,https://www.insource.co.jp/it-tool/lightning-func-generative-ai.html,2026-09-03T03:33:26.055058+00:00,
https://www.insource.co.jp/it-tool/column/lms-feature-compare.html,LMS/eラーニングシステム 徹底比較 | eラーニング/研修システム・LMS 「Leaf （リーフ）」,,200,text/html; charset=UTF-8,https://www.insource.co.jp/it-tool/column/lms-feature-compare.html,,2,https://www.insource.co.jp/it-tool/kenkanrisys_top.html,/it-tool/,/it-tool/column/,640,https://www.insource.co.jp/it-tool/column/lms-feature-compare.html,2026-09-03T03:33:27.691638+00:00,
https://www.insource.co.jp/it-tool/evalsheet_case.html,人事評価シートWEB化サービス作品集 | 人事サポートシステム・LMS「Leafシリーズ」,,200,text/html; charset=UTF-8,https://www.insource.co.jp/it-tool/evalsheet_case.html,,2,https://www.insource.co.jp/it-tool/kenkanrisys_top.html,/it-tool/,/it-tool/evalsheet_case.html/,662,https://www.insource.co.jp/it-tool/evalsheet_case.html,2026-09-03T03:33:29.118824+00:00,
https://www.insource.co.jp/it-tool/stresscheck-feature-compare.html,ストレスチェック外部委託業者20社を徹底比較｜料金・サービス内容・特徴で比較 | eラーニング/研修システム・LMS 「Leaf （リーフ）」,,200,text/html; charset=UTF-8,https://www.insource.co.jp/it-tool/stresscheck-feature-compare.html,,2,https://www.insource.co.jp/it-tool/kenkanrisys_top.html,/it-tool/,/it-tool/stresscheck-feature-compare.html/,630,https://www.insource.co.jp/it-tool/stresscheck-feature-compare.html,2026-09-03T03:33:30.598321+00:00,
https://www.insource.co.jp/it-tool/local_government.html,行政（自治体・地方公共団体）の人事業務を助けるLeafシリーズ,行政（自治体・地方公共団体）の 人事業務を助けるLeafシリーズ,200,text/html; charset=UTF-8,https://www.insource.co.jp/it-tool/local_government.html,,2,https://www.insource.co.jp/it-tool/kenkanrisys_top.html,/it-tool/,/it-tool/local_government.html/,672,https://www.insource.co.jp/it-tool/local_government.html,2026-09-03T03:33:32.017547+00:00,
https://www.insource.co.jp/it-tool/option_list.html,追加オプション一覧 | eラーニング/研修システム Leaf （リーフ）,eラーニング/研修システム「Leaf」 オプション一覧,200,text/html; charset=UTF-8,https://www.insource.co.jp/it-tool/option_list.html,,2,https://www.insource.co.jp/it-tool/kenkanrisys_top.html,/it-tool/,/it-tool/option_list.html/,645,https://www.insource.co.jp/it-tool/option_list.html,2026-09-03T03:33:33.443494+00:00,
https://www.insource.co.jp/it-tool/column.html,人事・教育ご担当者さまのためのお役立ちコラム | eラーニング/研修システム・LMS 「Leaf （リーフ）」,,200,text/html; charset=UTF-8,https://www.insource.co.jp/it-tool/column.html,,2,https://www.insource.co.jp/it-tool/kenkanrisys_top.html,/it-tool/,/it-tool/column.html/,657,https://www.insource.co.jp/it-tool/column.html,2026-09-03T03:33:34.870424+00:00,
https://www.insource.co.jp/it-tool/leaf-select-feature.html,システムサービス選び方ガイド～特長からサービスを選ぶ | 人事サポートシステム・LMS「Leafシリーズ」,,200,text/html; charset=UTF-8,https://www.insource.co.jp/it-tool/leaf-select-feature.html,,2,https://www.insource.co.jp/it-tool/kenkanrisys_top.html,/it-tool/,/it-tool/leaf-select-feature.html/,672,https://www.insource.co.jp/it-tool/leaf-select-feature.html,2026-09-03T03:33:38.085470+00:00,
https://www.insource.co.jp/it-tool/leaf-partners.html,代理販売・紹介パートナー募集 | 人事サポートシステム・LMS「Leafシリーズ」,※１ 調査方法 WEB上に情報公開されているLMSに関する機能の数を調査、比較/調査範囲 日本国内でサービス提供されているLMS101件 2024年４月 ※２ ※一般社団法人日本クラウド産業協会（ASPIC）主催 第18回「ASPICクラウドアワード2024」基幹業務系ASP・SaaS部門にて「経営改革貢献賞」を受賞,200,text/html; charset=UTF-8,https://www.insource.co.jp/it-tool/leaf-partners.html,,2,https://www.insource.co.jp/it-tool/kenkanrisys_top.html,/it-tool/,/it-tool/leaf-partners.html/,636,https://www.insource.co.jp/it-tool/leaf-partners.html,2026-09-03T03:33:39.704028+00:00,
https://www.insource.co.jp/gaiyo/news24041201.html,"2024.04.12 文部科学省委託、教職員用教育・研修プラットフォーム「Plant」が稼働開始 ～Leaf（リーフ）が基盤の、全国90万人の教職員が使用するLMSを運用支援～ - 社員研修,教育 職員研修 人材育成ならインソース",文部科学省委託、教職員用教育・研修プラットフォーム「Plant」が稼働開始 ～Leaf（リーフ）が基盤の、全国90万人の教職員が使用するLMSを運用支援～,200,text/html; charset=UTF-8,https://www.insource.co.jp/gaiyo/news24041201.html,,2,https://www.insource.co.jp/it-tool/kenkanrisys_top.html,/gaiyo/,/gaiyo/news24041201.html/,667,https://www.insource.co.jp/gaiyo/news24041201.html,2026-09-03T03:33:41.098728+00:00,
https://www.insource.co.jp/gaiyo/news24041701.html,"2024.04.17 全国の看護職が利用する「日本看護協会 オンデマンド研修配信システム」運用開始 ～15万人の学習をサポートする教育システムを目指す - 社員研修,教育 職員研修 人材育成ならインソース",全国の看護職が利用する「日本看護協会 オンデマンド研修配信システム」運用開始 ～15万人の学習をサポートする教育システムを目指す,200,text/html; charset=UTF-8,https://www.insource.co.jp/gaiyo/news24041701.html,,2,https://www.insource.co.jp/it-tool/kenkanrisys_top.html,/gaiyo/,/gaiyo/news24041701.html/,658,https://www.insource.co.jp/gaiyo/news24041701.html,2026-09-03T03:33:42.514655+00:00,
https://www.insource.co.jp/gaiyo/news24040502.html,"2024.04.05 中小企業基盤整備機構が実施する「MANABee Campusオンデマンド講座」を４月１日より配信開始 ～教育用プラットフォーム「Leaf」で全国の中小企業従業者の方へリスキリングを支援 - 社員研修,教育 職員研修 人材育成ならインソース",中小企業基盤整備機構が実施する「MANABee Campusオンデマンド講座」を４月１日より配信開始 ～教育用プラットフォーム「Leaf」で全国の中小企業従業者の方へリスキリングを支援,200,text/html; charset=UTF-8,https://www.insource.co.jp/gaiyo/news24040502.html,,2,https://www.insource.co.jp/it-tool/kenkanrisys_top.html,/gaiyo/,/gaiyo/news24040502.html/,633,https://www.insource.co.jp/gaiyo/news24040502.html,2026-09-03T03:33:43.922520+00:00,
https://www.insource.co.jp/it-tool/talentpalette.html,タレントパレット～科学的人事でタレントマネジメントを実現 | 人事サポートシステム・LMS「Leafシリーズ」,,200,text/html; charset=UTF-8,https://www.insource.co.jp/it-tool/talentpalette.html,,2,https://www.insource.co.jp/it-tool/kenkanrisys_top.html,/it-tool/,/it-tool/talentpalette.html/,633,https://www.insource.co.jp/it-tool/talentpalette.html,2026-09-03T03:33:45.305064+00:00,
https://www.insource.co.jp/it-tool/hcm-jinjer.html,jinjer（ジンジャー）サービス | 人事サポートシステム・LMS「Leafシリーズ」,,200,text/html; charset=UTF-8,https://www.insource.co.jp/it-tool/hcm-jinjer.html,,2,https://www.insource.co.jp/it-tool/kenkanrisys_top.html,/it-tool/,/it-tool/hcm-jinjer.html/,638,https://www.insource.co.jp/it-tool/hcm-jinjer.html,2026-09-03T03:33:46.687194+00:00,
https://www.insource.co.jp/it-tool/e-learning-contents.html,eラーニング教材制作 | eラーニング/研修システム・LMS 「Leaf （リーフ）」,,200,text/html; charset=UTF-8,https://www.insource.co.jp/it-tool/e-learning-contents.html,,2,https://www.insource.co.jp/it-tool/kenkanrisys_top.html,/it-tool/,/it-tool/e-learning-contents.html/,680,https://www.insource.co.jp/it-tool/e-learning-contents.html,2026-09-03T03:33:48.076861+00:00,
https://www.insource.co.jp/it-tool/leaf-exam-operation.html,検定の申込から実施まですべてお任せ 業務代行付き「Leaf Exam Operation（LEO）サービス開始」 | eラーニング/研修システム・LMS 「Leaf （リーフ）」,,200,text/html; charset=UTF-8,https://www.insource.co.jp/it-tool/leaf-exam-operation.html,,2,https://www.insource.co.jp/it-tool/kenkanrisys_top.html,/it-tool/,/it-tool/leaf-exam-operation.html/,680,https://www.insource.co.jp/it-tool/leaf-exam-operation.html,2026-09-03T03:33:49.539161+00:00,
https://www.insource.co.jp/it-tool/vaccine_reservation.html,次世代型ＬＭＳ～Ｌｅａｆ（リーフ）ワクチン職域接種の受付機能＋運用代行の提供開始|Leaf（リーフ）,,200,text/html; charset=UTF-8,https://www.insource.co.jp/it-tool/vaccine_reservation.html,,2,https://www.insource.co.jp/it-tool/kenkanrisys_top.html,/it-tool/,/it-tool/vaccine_reservation.html/,655,https://www.insource.co.jp/it-tool/vaccine_reservation.html,2026-09-03T03:33:50.994094+00:00,
https://www.insource.co.jp/it-tool/stresscheck/afterprogram.html,ストレスチェック後の職場改善プログラム | ストレスチェック支援サービス～実施から職場環境改善まで,ストレスチェック後の職場改善プログラム,200,text/html; charset=UTF-8,https://www.insource.co.jp/it-tool/stresscheck/afterprogram.html,,2,https://www.insource.co.jp/it-tool/kenkanrisys_top.html,/it-tool/,/it-tool/stresscheck/,642,https://www.insource.co.jp/it-tool/stresscheck/afterprogram.html,2026-09-03T03:33:52.408468+00:00,
https://www.insource.co.jp/it-tool/card-payment.html,振込／カード決済機能（オプション） | eラーニング/研修システム・LMS 「Leaf （リーフ）」,振込／カード決済機能（オプション）,200,text/html; charset=UTF-8,https://www.insource.co.jp/it-tool/card-payment.html,,2,https://www.insource.co.jp/it-tool/kenkanrisys_top.html,/it-tool/,/it-tool/card-payment.html/,652,https://www.insource.co.jp/it-tool/card-payment.html,2026-09-03T03:33:53.813199+00:00,
https://www.insource.co.jp/it-tool/lightweight-plan.html,動画軽量化プラン（オプション） | eラーニング/研修システム・LMS 「Leaf （リーフ）」,動画軽量化プラン（オプション）,200,text/html; charset=UTF-8,https://www.insource.co.jp/it-tool/lightweight-plan.html,,2,https://www.insource.co.jp/it-tool/kenkanrisys_top.html,/it-tool/,/it-tool/lightweight-plan.html/,623,https://www.insource.co.jp/it-tool/lightweight-plan.html,2026-09-03T03:33:55.236398+00:00,
https://www.insource.co.jp/it-tool/column/human-capital-management.html,人的資本経営とは | eラーニング/研修システム・LMS 「Leaf （リーフ）」,,200,text/html; charset=UTF-8,https://www.insource.co.jp/it-tool/column/human-capital-management.html,,2,https://www.insource.co.jp/it-tool/kenkanrisys_top.html,/it-tool/,/it-tool/column/,652,https://www.insource.co.jp/it-tool/column/human-capital-management.html,2026-09-03T03:33:56.629510+00:00,
https://www.insource.co.jp/it-tool/intranet-e-learning.html,イントラ環境／LGWANでの動画配信機能（オプション） | eラーニング/研修システム・LMS 「Leaf （リーフ）」,イントラ環境／LGWANでの動画配信機能（オプション）,200,text/html; charset=UTF-8,https://www.insource.co.jp/it-tool/intranet-e-learning.html,,2,https://www.insource.co.jp/it-tool/kenkanrisys_top.html,/it-tool/,/it-tool/intranet-e-learning.html/,640,https://www.insource.co.jp/it-tool/intranet-e-learning.html,2026-09-03T03:33:58.241160+00:00,
https://www.insource.co.jp/it-tool/facial-recognition.html,顔認証（オプション） | eラーニング/研修システム・LMS 「Leaf （リーフ）」,顔認証（オプション）,200,text/html; charset=UTF-8,https://www.insource.co.jp/it-tool/facial-recognition.html,,2,https://www.insource.co.jp/it-tool/kenkanrisys_top.html,/it-tool/,/it-tool/facial-recognition.html/,638,https://www.insource.co.jp/it-tool/facial-recognition.html,2026-09-03T03:33:59.651621+00:00,
https://www.insource.co.jp/it-tool/leaf_greens.html,管理者向けポータルサイト「Leaf Greens」 | eラーニング/研修システム・LMS 「Leaf （リーフ）」,管理者向けポータルサイト「Leaf Greens」,200,text/html; charset=UTF-8,https://www.insource.co.jp/it-tool/leaf_greens.html,,2,https://www.insource.co.jp/it-tool/kenkanrisys_top.html,/it-tool/,/it-tool/leaf_greens.html/,645,https://www.insource.co.jp/it-tool/leaf_greens.html,2026-09-03T03:34:01.062414+00:00,
https://www.insource.co.jp/it-tool/leaf-faq_client.html,Leaf利用者向け全力Q&A | LMS「Leaf」 動画教育、オンライン教育のシステム・ツール,,200,text/html; charset=UTF-8,https://www.insource.co.jp/it-tool/leaf-faq_client.html,,2,https://www.insource.co.jp/it-tool/kenkanrisys_top.html,/it-tool/,/it-tool/leaf-faq_client.html/,683,https://www.insource.co.jp/it-tool/leaf-faq_client.html,2026-09-03T03:34:02.479112+00:00,
https://www.insource.co.jp/dougahyakkaten/part-time-job-shift-food-retail.html,【アルバイト向け】みんなで気持ちよく働くためのシフトの基本:eラーニング・動画教材での研修もインソース,【アルバイト向け】みんなで気持ちよく働くためのシフトの基本,200,text/html; charset=UTF-8,https://www.insource.co.jp/dougahyakkaten/part-time-job-shift-food-retail.html,,2,https://www.insource.co.jp/it-tool/leaf-tempo-study.html,/dougahyakkaten/,/dougahyakkaten/part-time-job-shift-food-retail.html/,668,https://www.insource.co.jp/dougahyakkaten/part-time-job-shift-food-retail.html,2026-09-03T03:34:03.900507+00:00,
https://www.insource.co.jp/dougahyakkaten/protect-from-complaints-food-retail-manager.html,【飲食・小売店_店長・店舗責任者向け】クレーム・カスハラから自分と部下を守る心の整え方:eラーニング・動画教材での研修もインソース,【飲食・小売店_店長・店舗責任者向け】クレーム・カスハラから自分と部下を守る心の整え方,200,text/html; charset=UTF-8,https://www.insource.co.jp/dougahyakkaten/protect-from-complaints-food-retail-manager.html,,2,https://www.insource.co.jp/it-tool/leaf-tempo-study.html,/dougahyakkaten/,/dougahyakkaten/protect-from-complaints-food-retail-manager.html/,646,https://www.insource.co.jp/dougahyakkaten/protect-from-complaints-food-retail-manager.html,2026-09-03T03:34:05.357311+00:00,
https://www.insource.co.jp/dougahyakkaten/customer-harassment-food-retail.html,【飲食・小売店_アルバイト向け】カスタマーハラスメント対応の基本:eラーニング・動画教材での研修もインソース,【飲食・小売店_アルバイト向け】カスタマーハラスメント対応の基本,200,text/html; charset=UTF-8,https://www.insource.co.jp/dougahyakkaten/customer-harassment-food-retail.html,,2,https://www.insource.co.jp/it-tool/leaf-tempo-study.html,/dougahyakkaten/,/dougahyakkaten/customer-harassment-food-retail.html/,651,https://www.insource.co.jp/dougahyakkaten/customer-harassment-food-retail.html,2026-09-03T03:34:06.795972+00:00,
https://www.insource.co.jp/dougahyakkaten/areamanager_basic.html,エリアマネージャー基礎講座～店長との信頼関係を築き、担当するエリア全体を盛り上げる編（スライド付き）:eラーニング・動画教材での研修もインソース,エリアマネージャー基礎講座～店長との信頼関係を築き、担当するエリア全体を盛り上げる編（スライド付き）,200,text/html; charset=UTF-8,https://www.insource.co.jp/dougahyakkaten/areamanager_basic.html,,2,https://www.insource.co.jp/it-tool/leaf-tempo-study.html,/dougahyakkaten/,/dougahyakkaten/areamanager_basic.html/,653,https://www.insource.co.jp/dougahyakkaten/areamanager_basic.html,2026-09-03T03:34:08.236916+00:00,
https://www.insource.co.jp/dougahyakkaten/bcp_bcm.html,事業継続計画・マネジメント講座～BCP・BCMの基本を学ぶ:eラーニング・動画教材での研修もインソース,事業継続計画・マネジメント講座～BCP・BCMの基本を学ぶ,200,text/html; charset=UTF-8,https://www.insource.co.jp/dougahyakkaten/bcp_bcm.html,,2,https://www.insource.co.jp/it-tool/leaf-tempo-study.html,/dougahyakkaten/,/dougahyakkaten/bcp_bcm.html/,707,https://www.insource.co.jp/dougahyakkaten/bcp_bcm.html,2026-09-03T03:34:09.681502+00:00,
https://www.insource.co.jp/dougahyakkaten/scandal_compliance_pr.html,不祥事対応講座～万が一に備えたコンプライアンス違反時の初動と広報対応（スライド付き）:eラーニング・動画教材での研修もインソース,不祥事対応講座～万が一に備えたコンプライアンス違反時の初動と広報対応（スライド付き）,200,text/html; charset=UTF-8,https://www.insource.co.jp/dougahyakkaten/scandal_compliance_pr.html,,2,https://www.insource.co.jp/it-tool/leaf-tempo-study.html,/dougahyakkaten/,/dougahyakkaten/scandal_compliance_pr.html/,644,https://www.insource.co.jp/dougahyakkaten/scandal_compliance_pr.html,2026-09-03T03:34:11.178566+00:00,
https://www.insource.co.jp/dougahyakkaten/how_to_use_sns.html,気をつけたいSNSの使い方:eラーニング・動画教材での研修もインソース,気をつけたいSNSの使い方,200,text/html; charset=UTF-8,https://www.insource.co.jp/dougahyakkaten/how_to_use_sns.html,,2,https://www.insource.co.jp/it-tool/leaf-tempo-study.html,/dougahyakkaten/,/dougahyakkaten/how_to_use_sns.html/,655,https://www.insource.co.jp/dougahyakkaten/how_to_use_sns.html,2026-09-03T03:34:12.832081+00:00,
https://www.insource.co.jp/dougahyakkaten/compliance_english.html,Compliance Training～コンプライアンス講座（英語版）:eラーニング・動画教材での研修もインソース,Compliance Training～コンプライアンス講座（英語版）,200,text/html; charset=UTF-8,https://www.insource.co.jp/dougahyakkaten/compliance_english.html,,2,https://www.insource.co.jp/it-tool/leaf-tempo-study.html,/dougahyakkaten/,/dougahyakkaten/compliance_english.html/,683,https://www.insource.co.jp/dougahyakkaten/compliance_english.html,2026-09-03T03:34:14.278046+00:00,
https://www.insource.co.jp/dougahyakkaten/riskmanagement_ai.html,リスクマネジメント～トラブルを未然に防ぐための備え・仕組みづくり:eラーニング・動画教材での研修もインソース,リスクマネジメント～トラブルを未然に防ぐための備え・仕組みづくり,200,text/html; charset=UTF-8,https://www.insource.co.jp/dougahyakkaten/riskmanagement_ai.html,,2,https://www.insource.co.jp/it-tool/leaf-tempo-study.html,/dougahyakkaten/,/dougahyakkaten/riskmanagement_ai.html/,641,https://www.insource.co.jp/dougahyakkaten/riskmanagement_ai.html,2026-09-03T03:34:15.750767+00:00,
https://www.insource.co.jp/dougahyakkaten/legal_cartel_prevention.html,カルテル防止～独占禁止法をふまえてカルテルを予防する:eラーニング・動画教材での研修もインソース,カルテル防止～独占禁止法をふまえてカルテルを予防する,200,text/html; charset=UTF-8,https://www.insource.co.jp/dougahyakkaten/legal_cartel_prevention.html,,2,https://www.insource.co.jp/it-tool/leaf-tempo-study.html,/dougahyakkaten/,/dougahyakkaten/legal_cartel_prevention.html/,672,https://www.insource.co.jp/dougahyakkaten/legal_cartel_prevention.html,2026-09-03T03:34:17.183585+00:00,
https://www.insource.co.jp/dougahyakkaten/legal_copyright.html,著作権法:eラーニング・動画教材での研修もインソース,著作権法,200,text/html; charset=UTF-8,https://www.insource.co.jp/dougahyakkaten/legal_copyright.html,,2,https://www.insource.co.jp/it-tool/leaf-tempo-study.html,/dougahyakkaten/,/dougahyakkaten/legal_copyright.html/,653,https://www.insource.co.jp/dougahyakkaten/legal_copyright.html,2026-09-03T03:34:18.645089+00:00,
https://www.insource.co.jp/dougahyakkaten/whistleblower-protection.html,公益通報者保護法:eラーニング・動画教材での研修もインソース,公益通報者保護法,200,text/html; charset=UTF-8,https://www.insource.co.jp/dougahyakkaten/whistleblower-protection.html,,2,https://www.insource.co.jp/it-tool/leaf-tempo-study.html,/dougahyakkaten/,/dougahyakkaten/whistleblower-protection.html/,628,https://www.insource.co.jp/dougahyakkaten/whistleblower-protection.html,2026-09-03T03:34:20.087295+00:00,
https://www.insource.co.jp/dougahyakkaten/corporation-law_basic.html,仕事の基礎知識講座～会社法の基本を押さえる:eラーニング・動画教材での研修もインソース,仕事の基礎知識講座～会社法の基本を押さえる,200,text/html; charset=UTF-8,https://www.insource.co.jp/dougahyakkaten/corporation-law_basic.html,,2,https://www.insource.co.jp/it-tool/leaf-tempo-study.html,/dougahyakkaten/,/dougahyakkaten/corporation-law_basic.html/,677,https://www.insource.co.jp/dougahyakkaten/corporation-law_basic.html,2026-09-03T03:34:21.505536+00:00,
https://www.insource.co.jp/dougahyakkaten/prevention_clerical_error.html,事務ミス防止講座～未然に防ぐ仕組み・仕掛けを考える:eラーニング・動画教材での研修もインソース,事務ミス防止講座～未然に防ぐ仕組み・仕掛けを考える,200,text/html; charset=UTF-8,https://www.insource.co.jp/dougahyakkaten/prevention_clerical_error.html,,2,https://www.insource.co.jp/it-tool/leaf-tempo-study.html,/dougahyakkaten/,/dougahyakkaten/prevention_clerical_error.html/,652,https://www.insource.co.jp/dougahyakkaten/prevention_clerical_error.html,2026-09-03T03:34:22.970638+00:00,
https://www.insource.co.jp/dougahyakkaten/miss_prevention.html,オペレーションミス防止研修講座:eラーニング・動画教材での研修もインソース,オペレーションミス防止研修講座,200,text/html; charset=UTF-8,https://www.insource.co.jp/dougahyakkaten/miss_prevention.html,,2,https://www.insource.co.jp/it-tool/leaf-tempo-study.html,/dougahyakkaten/,/dougahyakkaten/miss_prevention.html/,662,https://www.insource.co.jp/dougahyakkaten/miss_prevention.html,2026-09-03T03:34:24.413927+00:00,
https://www.insource.co.jp/dougahyakkaten/knowledge_management_ai.html,ナレッジマネジメント～業務の標準化と属人化解消のためのノウハウ蓄積と整理:eラーニング・動画教材での研修もインソース,ナレッジマネジメント～業務の標準化と属人化解消のためのノウハウ蓄積と整理,200,text/html; charset=UTF-8,https://www.insource.co.jp/dougahyakkaten/knowledge_management_ai.html,,2,https://www.insource.co.jp/it-tool/leaf-tempo-study.html,/dougahyakkaten/,/dougahyakkaten/knowledge_management_ai.html/,667,https://www.insource.co.jp/dougahyakkaten/knowledge_management_ai.html,2026-09-03T03:34:26.067305+00:00,
https://www.insource.co.jp/dougahyakkaten/filing.html,書類の整理整頓講座:eラーニング・動画教材での研修もインソース,書類の整理整頓講座,200,text/html; charset=UTF-8,https://www.insource.co.jp/dougahyakkaten/filing.html,,2,https://www.insource.co.jp/it-tool/leaf-tempo-study.html,/dougahyakkaten/,/dougahyakkaten/filing.html/,704,https://www.insource.co.jp/dougahyakkaten/filing.html,2026-09-03T03:34:27.526398+00:00,
https://www.insource.co.jp/dougahyakkaten/stress-management_unbreakable-mental.html,くじけない心を育てる講座～ストレスマネジメント入門編:eラーニング・動画教材での研修もインソース,くじけない心を育てる講座～ストレスマネジメント入門編,200,text/html; charset=UTF-8,https://www.insource.co.jp/dougahyakkaten/stress-management_unbreakable-mental.html,,2,https://www.insource.co.jp/it-tool/leaf-tempo-study.html,/dougahyakkaten/,/dougahyakkaten/stress-management_unbreakable-mental.html/,655,https://www.insource.co.jp/dougahyakkaten/stress-management_unbreakable-mental.html,2026-09-03T03:34:29.020683+00:00,
https://www.insource.co.jp/dougahyakkaten/work_engagement_vitality.html,ワーク・エンゲイジメント～みんなが誇りと熱意をもち、活力を得られる職場をつくる:eラーニング・動画教材での研修もインソース,ワーク・エンゲイジメント～みんなが誇りと熱意をもち、活力を得られる職場をつくる,200,text/html; charset=UTF-8,https://www.insource.co.jp/dougahyakkaten/work_engagement_vitality.html,,2,https://www.insource.co.jp/it-tool/leaf-tempo-study.html,/dougahyakkaten/,/dougahyakkaten/work_engagement_vitality.html/,658,https://www.insource.co.jp/dougahyakkaten/work_engagement_vitality.html,2026-09-03T03:34:30.466201+00:00,
https://www.insource.co.jp/dougahyakkaten/linecare_manager.html,メンタルヘルス（ラインケア）講座～職場環境の改善でメンタル不調者の発生を防ぐ:eラーニング・動画教材での研修もインソース,メンタルヘルス（ラインケア）講座～職場環境の改善でメンタル不調者の発生を防ぐ,200,text/html; charset=UTF-8,https://www.insource.co.jp/dougahyakkaten/linecare_manager.html,,2,https://www.insource.co.jp/it-tool/leaf-tempo-study.html,/dougahyakkaten/,/dougahyakkaten/linecare_manager.html/,655,https://www.insource.co.jp/dougahyakkaten/linecare_manager.html,2026-09-03T03:34:31.915707+00:00,
https://www.insource.co.jp/dougahyakkaten/job_crafting_management.html,（管理職向け）ジョブクラフティング～熱意・やりがいをもって働ける環境づくり:eラーニング・動画教材での研修もインソース,（管理職向け）ジョブクラフティング～熱意・やりがいをもって働ける環境づくり,200,text/html; charset=UTF-8,https://www.insource.co.jp/dougahyakkaten/job_crafting_management.html,,2,https://www.insource.co.jp/it-tool/leaf-tempo-study.html,/dougahyakkaten/,/dougahyakkaten/job_crafting_management.html/,622,https://www.insource.co.jp/dougahyakkaten/job_crafting_management.html,2026-09-03T03:34:33.360781+00:00,
https://www.insource.co.jp/it-tool/tempo-study-lineup.html,テーマ一覧 | 店舗スタッフ教育のためのLMS/eラーニングシステム Tempo Study,テーマ一覧,200,text/html; charset=UTF-8,https://www.insource.co.jp/it-tool/tempo-study-lineup.html,,2,https://www.insource.co.jp/it-tool/leaf-tempo-study.html,/it-tool/,/it-tool/tempo-study-lineup.html/,852,https://www.insource.co.jp/it-tool/tempo-study-lineup.html,2026-09-03T03:34:34.771806+00:00,
https://www.insource.co.jp/it-tool/security.html,セキュリティへの取り組み | eラーニング/研修システム・LMS 「Leaf （リーフ）」,セキュリティへの取り組み,200,text/html; charset=UTF-8,https://www.insource.co.jp/it-tool/security.html,,2,https://www.insource.co.jp/it-tool/leaf-tempo-study.html,/it-tool/,/it-tool/security.html/,663,https://www.insource.co.jp/it-tool/security.html,2026-09-03T03:34:36.818604+00:00,
https://www.insource.co.jp/it-tool/support.html,サポート体制について | eラーニング/研修システム・LMS 「Leaf （リーフ）」,サポート体制について,200,text/html; charset=UTF-8,https://www.insource.co.jp/it-tool/support.html,,2,https://www.insource.co.jp/it-tool/leaf-tempo-study.html,/it-tool/,/it-tool/support.html/,635,https://www.insource.co.jp/it-tool/support.html,2026-09-03T03:34:38.252858+00:00,
https://www.insource.co.jp/it-tool/leaf-select-scale.html,システムサービス選び方ガイド～導入規模からサービスを選ぶ | 人事サポートシステム・LMS「Leafシリーズ」,,200,text/html; charset=UTF-8,https://www.insource.co.jp/it-tool/leaf-select-scale.html,,2,https://www.insource.co.jp/it-tool/leaf-tempo-study.html,/it-tool/,/it-tool/leaf-select-scale.html/,645,https://www.insource.co.jp/it-tool/leaf-select-scale.html,2026-09-03T03:34:39.658294+00:00,
https://www.insource.co.jp/it-tool/leaf-select-diagnosis.html,システムサービス選び方ガイド～ピッタリ診断からサービスを選ぶ | 人事サポートシステム・LMS「Leafシリーズ」,,200,text/html; charset=UTF-8,https://www.insource.co.jp/it-tool/leaf-select-diagnosis.html,,2,https://www.insource.co.jp/it-tool/leaf-tempo-study.html,/it-tool/,/it-tool/leaf-select-diagnosis.html/,662,https://www.insource.co.jp/it-tool/leaf-select-diagnosis.html,2026-09-03T03:34:41.054736+00:00,
https://www.insource.co.jp/webins/faq/question_webinsource-faq-55a.html,WEBinsourceへのご質問「権限の種類とその違いは？」:研修会社インソース～講師派遣研修／公開講座の研修,,200,text/html; charset=UTF-8,https://www.insource.co.jp/webins/faq/question_webinsource-faq-55a.html,,2,https://www.insource.co.jp/webins-management/index.html,/webins/,/webins/faq/,625,https://www.insource.co.jp/webins/faq/question_webinsource-faq-55a.html,2026-09-03T03:34:42.480524+00:00,
https://www.insource.co.jp/ihl/250513_webins-management.html,"社員情報、あちこち探していませんか？?人事業務を支える「情報の一元管理」【WEBinsource人事管理】｜社員研修,教育 職員研修 人材育成ならインソース",社員情報、あちこち探していませんか？?人事業務を支える「情報の一元管理」【WEBinsource人事管理】,200,text/html; charset=UTF-8,https://www.insource.co.jp/ihl/250513_webins-management.html,,2,https://www.insource.co.jp/webins-management/index.html,/ihl/,/ihl/250513_webins-management.html/,662,https://www.insource.co.jp/ihl/250513_webins-management.html,2026-09-03T03:34:43.855203+00:00,
https://www.insource.co.jp/ihl/250512_webins-management.html,"細かい上に失敗が許されない人事業務、タスク管理機能でもれなくスムーズに【WEBinsource人事管理】｜社員研修,教育 職員研修 人材育成ならインソース",細かい上に失敗が許されない人事業務、タスク管理機能でもれなくスムーズに【WEBinsource人事管理】,200,text/html; charset=UTF-8,https://www.insource.co.jp/ihl/250512_webins-management.html,,2,https://www.insource.co.jp/webins-management/index.html,/ihl/,/ihl/250512_webins-management.html/,706,https://www.insource.co.jp/ihl/250512_webins-management.html,2026-09-03T03:34:45.298406+00:00,
https://www.insource.co.jp/ihl/250602_webins-management.html,"偏りがちな人事の暗黙知...システム導入による情報共有改革で、記憶に頼らない人事へ【WEBinsource人事管理】｜社員研修,教育 職員研修 人材育成ならインソース",偏りがちな人事の暗黙知...システム導入による情報共有改革で、記憶に頼らない人事へ【WEBinsource人事管理】,200,text/html; charset=UTF-8,https://www.insource.co.jp/ihl/250602_webins-management.html,,2,https://www.insource.co.jp/webins-management/index.html,/ihl/,/ihl/250602_webins-management.html/,705,https://www.insource.co.jp/ihl/250602_webins-management.html,2026-09-03T03:34:46.786150+00:00,
https://www.insource.co.jp/ihl/250603_webins-management.html,"スタンプラリーはもううんざり！届出申請のシステム化で、押印不要に【WEBinsource人事管理】｜社員研修,教育 職員研修 人材育成ならインソース",スタンプラリーはもううんざり！届出申請のシステム化で、押印不要に【WEBinsource人事管理】,200,text/html; charset=UTF-8,https://www.insource.co.jp/ihl/250603_webins-management.html,,2,https://www.insource.co.jp/webins-management/index.html,/ihl/,/ihl/250603_webins-management.html/,666,https://www.insource.co.jp/ihl/250603_webins-management.html,2026-09-03T03:34:48.273111+00:00,
https://www.insource.co.jp/ihl/250604_webins-management.html,"「もしも」に備える！緊急連絡先と従業員情報の整え方【WEBinsource人事管理】｜社員研修,教育 職員研修 人材育成ならインソース",「もしも」に備える！緊急連絡先と従業員情報の整え方【WEBinsource人事管理】,200,text/html; charset=UTF-8,https://www.insource.co.jp/ihl/250604_webins-management.html,,2,https://www.insource.co.jp/webins-management/index.html,/ihl/,/ihl/250604_webins-management.html/,682,https://www.insource.co.jp/ihl/250604_webins-management.html,2026-09-03T03:34:49.720867+00:00,
https://www.insource.co.jp/period-poverty-enterprise/faq/index.html,生理の貧困対策支援プロジェクト（企業向け）全力Q&A | 「すべての人材を見える化する」人材紹介サービスでもインソース,,200,text/html; charset=UTF-8,https://www.insource.co.jp/period-poverty-enterprise/faq/index.html,,2,https://www.insource.co.jp/webins-management/index.html,/period-poverty-enterprise/,/period-poverty-enterprise/faq/,667,https://www.insource.co.jp/period-poverty-enterprise/faq/index.html,2026-09-03T03:34:53.191199+00:00,
https://www.insource.co.jp/stresscheck/faq/index.html,ストレスチェック支援サービス 全力Q&A|株式会社インソース,,200,text/html; charset=UTF-8,https://www.insource.co.jp/stresscheck/faq/index.html,,2,https://www.insource.co.jp/it-tool/leaf_other_usage_stresscheck.html,/stresscheck/,/stresscheck/faq/,645,https://www.insource.co.jp/stresscheck/faq/index.html,2026-09-03T03:34:54.618415+00:00,
https://www.insource.co.jp/it-tool/price-stress.html,料金プラン～ストレスチェック・ヘルスケア | 人事サポートシステム・LMS「Leafシリーズ」,料金プラン,200,text/html; charset=UTF-8,https://www.insource.co.jp/it-tool/price-stress.html,,2,https://www.insource.co.jp/it-tool/leaf_other_usage_stresscheck.html,/it-tool/,/it-tool/price-stress.html/,701,https://www.insource.co.jp/it-tool/price-stress.html,2026-09-03T03:34:56.011724+00:00,
https://www.insource.co.jp/it-tool/leaf_other_usage_stresscheck/stresscheck-package-global.html,英語版ストレスチェック対応！外資系企業向けストレスチェックプラン | ストレスチェック支援サービス～実施から職場環境改善まで,,200,text/html; charset=UTF-8,https://www.insource.co.jp/it-tool/leaf_other_usage_stresscheck/stresscheck-package-global.html,,2,https://www.insource.co.jp/it-tool/leaf_other_usage_stresscheck.html,/it-tool/,/it-tool/leaf_other_usage_stresscheck/,644,https://www.insource.co.jp/it-tool/leaf_other_usage_stresscheck/stresscheck-package-global.html,2026-09-03T03:34:57.476503+00:00,
https://www.insource.co.jp/it-tool/stresscheck/selfcare-e-learning.html,セルフケアeラーニング | ストレスチェック支援サービス～実施から職場環境改善まで,セルフケアeラーニング,200,text/html; charset=UTF-8,https://www.insource.co.jp/it-tool/stresscheck/selfcare-e-learning.html,,2,https://www.insource.co.jp/it-tool/leaf_other_usage_stresscheck.html,/it-tool/,/it-tool/stresscheck/,662,https://www.insource.co.jp/it-tool/stresscheck/selfcare-e-learning.html,2026-09-03T03:34:58.885920+00:00,
https://www.insource.co.jp/it-tool/stresscheck/utilizing.html,ストレスチェックの効果的な活用方法 | ストレスチェック支援サービス～実施から職場環境改善まで,ストレスチェックの効果的な活用方法,200,text/html; charset=UTF-8,https://www.insource.co.jp/it-tool/stresscheck/utilizing.html,,2,https://www.insource.co.jp/it-tool/leaf_other_usage_stresscheck.html,/it-tool/,/it-tool/stresscheck/,655,https://www.insource.co.jp/it-tool/stresscheck/utilizing.html,2026-09-03T03:35:00.309240+00:00,
https://www.insource.co.jp/it-tool/stresscheck/group-analysis.html,集団分析 | ストレスチェック支援サービス～実施から職場環境改善まで,集団分析,200,text/html; charset=UTF-8,https://www.insource.co.jp/it-tool/stresscheck/group-analysis.html,,2,https://www.insource.co.jp/it-tool/leaf_other_usage_stresscheck.html,/it-tool/,/it-tool/stresscheck/,698,https://www.insource.co.jp/it-tool/stresscheck/group-analysis.html,2026-09-03T03:35:01.739070+00:00,
https://www.insource.co.jp/it-tool/stresscheck-function.html,ストレスチェック機能 | 人事サポートシステム・LMS「Leafシリーズ」,,200,text/html; charset=UTF-8,https://www.insource.co.jp/it-tool/stresscheck-function.html,,2,https://www.insource.co.jp/it-tool/leaf_other_usage_stresscheck.html,/it-tool/,/it-tool/stresscheck-function.html/,648,https://www.insource.co.jp/it-tool/stresscheck-function.html,2026-09-03T03:35:03.196958+00:00,
https://www.insource.co.jp/it-tool/stresscheck/plan.html,プラン例 | ストレスチェック支援サービス～実施から職場環境改善まで,プラン例,200,text/html; charset=UTF-8,https://www.insource.co.jp/it-tool/stresscheck/plan.html,,2,https://www.insource.co.jp/it-tool/leaf_other_usage_stresscheck.html,/it-tool/,/it-tool/stresscheck/,666,https://www.insource.co.jp/it-tool/stresscheck/plan.html,2026-09-03T03:35:04.617894+00:00,
https://www.insource.co.jp/it-tool/stresscheck/security_sc.html,安全なストレスチェック実施のために セキュリティへの取り組み | ストレスチェック支援サービス～実施から職場環境改善まで,安全なストレスチェック実施のために セキュリティへの取り組み,200,text/html; charset=UTF-8,https://www.insource.co.jp/it-tool/stresscheck/security_sc.html,,2,https://www.insource.co.jp/it-tool/leaf_other_usage_stresscheck.html,/it-tool/,/it-tool/stresscheck/,675,https://www.insource.co.jp/it-tool/stresscheck/security_sc.html,2026-09-03T03:35:06.222539+00:00,
https://www.insource.co.jp/it-tool/stresscheck/comparison.html,経年比較（前年度との比較） | ストレスチェック支援サービス～実施から職場環境改善まで,経年比較（前年度との比較）,200,text/html; charset=UTF-8,https://www.insource.co.jp/it-tool/stresscheck/comparison.html,,2,https://www.insource.co.jp/it-tool/leaf_other_usage_stresscheck.html,/it-tool/,/it-tool/stresscheck/,610,https://www.insource.co.jp/it-tool/stresscheck/comparison.html,2026-09-03T03:35:07.659240+00:00,
https://www.insource.co.jp/it-tool/leaf_other_usage_stresscheck/stresscheck-package-home.html,自宅で簡単スマホ受検。在宅勤務者向けストレスチェックプラン | ストレスチェック支援サービス～実施から職場環境改善まで,,200,text/html; charset=UTF-8,https://www.insource.co.jp/it-tool/leaf_other_usage_stresscheck/stresscheck-package-home.html,,2,https://www.insource.co.jp/it-tool/leaf_other_usage_stresscheck.html,/it-tool/,/it-tool/leaf_other_usage_stresscheck/,696,https://www.insource.co.jp/it-tool/leaf_other_usage_stresscheck/stresscheck-package-home.html,2026-09-03T03:35:09.029812+00:00,
https://www.insource.co.jp/it-tool/leaf_other_usage_stresscheck/stresscheck-package-home_selfcare.html,在宅でできる！セルフケア付きストレスチェックプラン | ストレスチェック支援サービス～実施から職場環境改善まで,,200,text/html; charset=UTF-8,https://www.insource.co.jp/it-tool/leaf_other_usage_stresscheck/stresscheck-package-home_selfcare.html,,2,https://www.insource.co.jp/it-tool/leaf_other_usage_stresscheck.html,/it-tool/,/it-tool/leaf_other_usage_stresscheck/,648,https://www.insource.co.jp/it-tool/leaf_other_usage_stresscheck/stresscheck-package-home_selfcare.html,2026-09-03T03:35:10.492231+00:00,
https://www.insource.co.jp/it-tool/leaf_other_usage_stresscheck/stresscheck-package-distribution.html,働き方に合わせてWEB・紙MIX運用ができる！流通・サービス業界向けストレスチェックプラン | ストレスチェック支援サービス～実施から職場環境改善まで,,200,text/html; charset=UTF-8,https://www.insource.co.jp/it-tool/leaf_other_usage_stresscheck/stresscheck-package-distribution.html,,2,https://www.insource.co.jp/it-tool/leaf_other_usage_stresscheck.html,/it-tool/,/it-tool/leaf_other_usage_stresscheck/,662,https://www.insource.co.jp/it-tool/leaf_other_usage_stresscheck/stresscheck-package-distribution.html,2026-09-03T03:35:11.905438+00:00,
https://www.insource.co.jp/it-tool/case-study-401.html,ストレスチェック実施から職場改善研修まで、まるごとお任せしました | 人事サポートシステム・LMS「Leafシリーズ」,ストレスチェック実施から職場改善 研修まで、まるごとお任せしました,200,text/html; charset=UTF-8,https://www.insource.co.jp/it-tool/case-study-401.html,,2,https://www.insource.co.jp/it-tool/leaf_other_usage_stresscheck.html,/it-tool/,/it-tool/case-study-401.html/,629,https://www.insource.co.jp/it-tool/case-study-401.html,2026-09-03T03:35:13.332915+00:00,
https://www.insource.co.jp/it-tool/case-study-403.html,事前の名簿登録は不要！実施の手間も最小限に抑えました | 人事サポートシステム・LMS「Leafシリーズ」,事前の名簿登録は不要！ 実施の手間も最小限に抑えました,200,text/html; charset=UTF-8,https://www.insource.co.jp/it-tool/case-study-403.html,,2,https://www.insource.co.jp/it-tool/leaf_other_usage_stresscheck.html,/it-tool/,/it-tool/case-study-403.html/,616,https://www.insource.co.jp/it-tool/case-study-403.html,2026-09-03T03:35:14.719685+00:00,
https://www.insource.co.jp/it-tool/case-study-404.html,自治体特有の厳しいセキュリティでもLGWAN環境で実施可能に | 人事サポートシステム・LMS「Leafシリーズ」,自治体特有の厳しいセキュリティでもLGWAN環境で実施可能に,200,text/html; charset=UTF-8,https://www.insource.co.jp/it-tool/case-study-404.html,,2,https://www.insource.co.jp/it-tool/leaf_other_usage_stresscheck.html,/it-tool/,/it-tool/case-study-404.html/,622,https://www.insource.co.jp/it-tool/case-study-404.html,2026-09-03T03:35:16.093115+00:00,
https://www.insource.co.jp/it-tool/sc-webins-announce.html,ストレスチェックがWEBinsourceで購入可能になりました！ | ストレスチェック支援サービス～実施から職場環境改善まで,,200,text/html; charset=UTF-8,https://www.insource.co.jp/it-tool/sc-webins-announce.html,,2,https://www.insource.co.jp/it-tool/leaf_other_usage_stresscheck.html,/it-tool/,/it-tool/sc-webins-announce.html/,665,https://www.insource.co.jp/it-tool/sc-webins-announce.html,2026-09-03T03:35:17.471427+00:00,
https://www.insource.co.jp/it-tool/ihl-260316-key-points-for-implementing-stresscheck.html,"今から押さえておきたい！従業員数50名未満の事業場のストレスチェック、進め方のポイントは｜社員研修,教育 職員研修 人材育成ならインソース",今から押さえておきたい！従業員数50名未満の事業場のストレスチェック、進め方のポイントは,200,text/html; charset=UTF-8,https://www.insource.co.jp/it-tool/ihl-260316-key-points-for-implementing-stresscheck.html,,2,https://www.insource.co.jp/it-tool/leaf_other_usage_stresscheck.html,/it-tool/,/it-tool/ihl-260316-key-points-for-implementing-stresscheck.html/,661,https://www.insource.co.jp/it-tool/ihl-260316-key-points-for-implementing-stresscheck.html,2026-09-03T03:35:18.898581+00:00,
https://www.insource.co.jp/it-tool/ihl-260123-creating-healthy-workplaces.html,"【業界別７事例】メンタルヘルス不調の例から考える「人が健康的に働ける職場づくり」の３ステップ｜社員研修,教育 職員研修 人材育成ならインソース",【業界別７事例】メンタルヘルス不調の例から考える「人が健康的に働ける職場づくり」の３ステップ,200,text/html; charset=UTF-8,https://www.insource.co.jp/it-tool/ihl-260123-creating-healthy-workplaces.html,,2,https://www.insource.co.jp/it-tool/leaf_other_usage_stresscheck.html,/it-tool/,/it-tool/ihl-260123-creating-healthy-workplaces.html/,687,https://www.insource.co.jp/it-tool/ihl-260123-creating-healthy-workplaces.html,2026-09-03T03:35:20.334105+00:00,
https://www.insource.co.jp/it-tool/ihl-251014-stresscheck_municipality.html,"行政のストレスチェックを「小さなＤＸ」で改善する～完全アナログから脱却するためのスモールスタート｜社員研修,教育 職員研修 人材育成ならインソース",行政のストレスチェックを「小さなＤＸ」で改善する～完全アナログから脱却するためのスモールスタート,200,text/html; charset=UTF-8,https://www.insource.co.jp/it-tool/ihl-251014-stresscheck_municipality.html,,2,https://www.insource.co.jp/it-tool/leaf_other_usage_stresscheck.html,/it-tool/,/it-tool/ihl-251014-stresscheck_municipality.html/,772,https://www.insource.co.jp/it-tool/ihl-251014-stresscheck_municipality.html,2026-09-03T03:35:21.800170+00:00,
https://www.insource.co.jp/it-tool/column/sc-mental-after.html,ストレスチェックの「やりっぱなし」はNG！ 中小企業にできるメンタルヘルス対策とは？ | eラーニング/研修システム・LMS 「Leaf （リーフ）」,ストレスチェックの「やりっぱなし」はNG！ 中小企業にできるメンタルヘルス対策とは？,200,text/html; charset=UTF-8,https://www.insource.co.jp/it-tool/column/sc-mental-after.html,,2,https://www.insource.co.jp/it-tool/leaf_other_usage_stresscheck.html,/it-tool/,/it-tool/column/,697,https://www.insource.co.jp/it-tool/column/sc-mental-after.html,2026-09-03T03:35:23.539630+00:00,
https://www.insource.co.jp/it-tool/howto/stresscheck/no_mailadress_web.html,メールアドレスがある方もない方も、一緒にWEBで運用する | ストレスチェック支援サービス～実施から職場環境改善まで,メールアドレスがある方もない方も、一緒にWEBで運用する,200,text/html; charset=UTF-8,https://www.insource.co.jp/it-tool/howto/stresscheck/no_mailadress_web.html,,2,https://www.insource.co.jp/it-tool/leaf_other_usage_stresscheck.html,/it-tool/,/it-tool/howto/,659,https://www.insource.co.jp/it-tool/howto/stresscheck/no_mailadress_web.html,2026-09-03T03:35:24.999200+00:00,
https://www.insource.co.jp/seminar/seminar_faq.html,よくいただくご質問｜社会人教育に関する無料セミナー（人材育成・研修担当者向け）｜研修会社インソース～講師派遣研修／公開講座の研修,,200,text/html; charset=UTF-8,https://www.insource.co.jp/seminar/seminar_faq.html,,2,https://www.insource.co.jp/seminar/seminar_top.html,/seminar/,/seminar/seminar_faq.html/,617,https://www.insource.co.jp/seminar/seminar_faq.html,2026-09-03T03:35:26.422032+00:00,
https://www.insource.co.jp/seminar/ai-morning-meeting.html,【無料セミナー】インソースの「ＡＩ朝礼」～社内ＭＴＧを無料開放！未公開の最先端知識の共有現場をのぞき見:研修会社インソース～講師派遣研修／公開講座の研修,,200,text/html; charset=UTF-8,https://www.insource.co.jp/seminar/ai-morning-meeting.html,,2,https://www.insource.co.jp/seminar/seminar_top.html,/seminar/,/seminar/ai-morning-meeting.html/,643,https://www.insource.co.jp/seminar/ai-morning-meeting.html,2026-09-03T03:35:27.805435+00:00,
https://www.insource.co.jp/seminar/attendance_development-tools.html,【無料セミナー】【来場型・オンライン型】教育体系ツールをつくろう！～人材要件表、キャリアパス、研修体系図、スキルマップ:研修会社インソース～講師派遣研修／公開講座の研修,,200,text/html; charset=UTF-8,https://www.insource.co.jp/seminar/attendance_development-tools.html,,2,https://www.insource.co.jp/seminar/seminar_top.html,/seminar/,/seminar/attendance_development-tools.html/,655,https://www.insource.co.jp/seminar/attendance_development-tools.html,2026-09-03T03:35:29.219071+00:00,
https://www.insource.co.jp/seminar/system-project-management-series.html,【無料セミナー】プロジェクトマネジメントの入口から極意まで～現場で成果を出すための考え方と実践ノウハウ～:研修会社インソース～講師派遣研修／公開講座の研修,,200,text/html; charset=UTF-8,https://www.insource.co.jp/seminar/system-project-management-series.html,,2,https://www.insource.co.jp/seminar/seminar_top.html,/seminar/,/seminar/system-project-management-series.html/,673,https://www.insource.co.jp/seminar/system-project-management-series.html,2026-09-03T03:35:30.643610+00:00,
https://www.insource.co.jp/seminar/new-contents.html,【無料セミナー】インソースの「商品開発昼礼」～社内ＭＴＧを無料開放！出来立ての新作コンテンツやソリューションから最新トレンドをつかむ:研修会社インソース～講師派遣研修／公開講座の研修,,200,text/html; charset=UTF-8,https://www.insource.co.jp/seminar/new-contents.html,,2,https://www.insource.co.jp/seminar/seminar_top.html,/seminar/,/seminar/new-contents.html/,646,https://www.insource.co.jp/seminar/new-contents.html,2026-09-03T03:35:32.087485+00:00,
https://www.insource.co.jp/new-service-lineup/ai-academy.html,ＡＩ・ＤＸ経営塾―デジタル分野の研修・動画教育・人材育成はインソース,ＡＩ・ＤＸ経営塾,200,text/html; charset=UTF-8,https://www.insource.co.jp/new-service-lineup/ai-academy.html,,2,https://www.insource.co.jp/seminar/seminar_top.html,/new-service-lineup/,/new-service-lineup/ai-academy.html/,644,https://www.insource.co.jp/new-service-lineup/ai-academy.html,2026-09-03T03:35:33.503738+00:00,
https://www.insource.co.jp/seminar/ai-learning-companion.html,【無料セミナー】画面を見ながら一緒に操作！社内教育の内製化と定着率向上を両立する「AI BOAT」体験セミナー～ゲーム感覚で学び、学習効果を見える化:研修会社インソース～講師派遣研修／公開講座の研修,,200,text/html; charset=UTF-8,https://www.insource.co.jp/seminar/ai-learning-companion.html,,2,https://www.insource.co.jp/seminar/seminar_top.html,/seminar/,/seminar/ai-learning-companion.html/,631,https://www.insource.co.jp/seminar/ai-learning-companion.html,2026-09-03T03:35:34.913852+00:00,
https://www.insource.co.jp/seminar/textfair_dxai.html,【東京開催】『DX／AI活用』テキストフェア～最新のAI、デジタルツールのライブ実演を見て学ぶ～:研修会社インソース～講師派遣研修／公開講座の研修,,200,text/html; charset=UTF-8,https://www.insource.co.jp/seminar/textfair_dxai.html,,2,https://www.insource.co.jp/seminar/seminar_top.html,/seminar/,/seminar/textfair_dxai.html/,668,https://www.insource.co.jp/seminar/textfair_dxai.html,2026-09-03T03:35:36.313870+00:00,
https://www.insource.co.jp/seminar/seminar_general-manager.html,【無料セミナー】部長の６つの要件～組織を未来へ動かす経営人材の育て方:現場で使える研修ならインソース,,200,text/html; charset=UTF-8,https://www.insource.co.jp/seminar/seminar_general-manager.html,,2,https://www.insource.co.jp/seminar/seminar_top.html,/seminar/,/seminar/seminar_general-manager.html/,673,https://www.insource.co.jp/seminar/seminar_general-manager.html,2026-09-03T03:35:37.765179+00:00,
https://www.insource.co.jp/seminar/seminar_dx-for-hr.html,【無料セミナー】ＤＸ推進担当・人事総務担当者のためのＤＸ・生成ＡＩ活用推進セミナー～生成ＡＩ活用を「組織課題」から考える:研修会社インソース～講師派遣研修／公開講座の研修,,200,text/html; charset=UTF-8,https://www.insource.co.jp/seminar/seminar_dx-for-hr.html,,2,https://www.insource.co.jp/seminar/seminar_top.html,/seminar/,/seminar/seminar_dx-for-hr.html/,633,https://www.insource.co.jp/seminar/seminar_dx-for-hr.html,2026-09-03T03:35:39.387062+00:00,
https://www.insource.co.jp/seminar/seminar_subsidy.html,【無料セミナー】研修に活用できる助成金～助成金の活用で企業の人材育成の負担を軽減！:研修会社インソース～講師派遣研修／公開講座の研修,,200,text/html; charset=UTF-8,https://www.insource.co.jp/seminar/seminar_subsidy.html,,2,https://www.insource.co.jp/seminar/seminar_top.html,/seminar/,/seminar/seminar_subsidy.html/,679,https://www.insource.co.jp/seminar/seminar_subsidy.html,2026-09-03T03:35:40.790807+00:00,
https://www.insource.co.jp/seminar/kenshutantou_hazimete.html,【無料セミナー】【オンライン型・来場型】（はじめての研修担当者向け）社内研修の進め方セミナー:研修会社インソース～講師派遣研修／公開講座の研修,,200,text/html; charset=UTF-8,https://www.insource.co.jp/seminar/kenshutantou_hazimete.html,,2,https://www.insource.co.jp/seminar/seminar_top.html,/seminar/,/seminar/kenshutantou_hazimete.html/,672,https://www.insource.co.jp/seminar/kenshutantou_hazimete.html,2026-09-03T03:35:42.240591+00:00,
https://www.insource.co.jp/seminar/executive-genai-sier.html,【無料セミナー】経営者必見！生成ＡＩで変わるSIerの価値ーシリコンバレー在住経営者が語るシステム開発の最前線:研修会社インソース～講師派遣研修／公開講座の研修,,200,text/html; charset=UTF-8,https://www.insource.co.jp/seminar/executive-genai-sier.html,,2,https://www.insource.co.jp/seminar/seminar_top.html,/seminar/,/seminar/executive-genai-sier.html/,705,https://www.insource.co.jp/seminar/executive-genai-sier.html,2026-09-03T03:35:43.682294+00:00,
https://www.insource.co.jp/seminar/hrsystem-redesign-for-senior.html,【無料セミナー】【来場型形式】定年延長時代の人事制度再設計セミナー～ケースで考えるベテラン・シニア層の役割・評価・処遇の見直し:研修会社インソース～講師派遣研修／公開講座の研修,,200,text/html; charset=UTF-8,https://www.insource.co.jp/seminar/hrsystem-redesign-for-senior.html,,2,https://www.insource.co.jp/seminar/seminar_top.html,/seminar/,/seminar/hrsystem-redesign-for-senior.html/,687,https://www.insource.co.jp/seminar/hrsystem-redesign-for-senior.html,2026-09-03T03:35:45.158097+00:00,
https://www.insource.co.jp/seminar/ai-product.html,【無料セミナー】「教育の自動化」から「現場のミス・トラブル対策」までＡＩで効率化！最新の生成ＡＩサービス＆デモ体験会:研修会社インソース～講師派遣研修／公開講座の研修,,200,text/html; charset=UTF-8,https://www.insource.co.jp/seminar/ai-product.html,,2,https://www.insource.co.jp/seminar/seminar_top.html,/seminar/,/seminar/ai-product.html/,686,https://www.insource.co.jp/seminar/ai-product.html,2026-09-03T03:35:46.614692+00:00,
https://www.insource.co.jp/seminar/seminar_lego_serious_play.html,【無料セミナー】きづく＆つなげるワークショップ LEGO®SERIOUS PLAY® のメソッドと教材を活用したワークショップの体験会:研修会社インソース～講師派遣研修／公開講座の研修,,200,text/html; charset=UTF-8,https://www.insource.co.jp/seminar/seminar_lego_serious_play.html,,2,https://www.insource.co.jp/seminar/seminar_top.html,/seminar/,/seminar/seminar_lego_serious_play.html/,674,https://www.insource.co.jp/seminar/seminar_lego_serious_play.html,2026-09-03T03:35:48.071819+00:00,
https://www.insource.co.jp/seminar/seminar_systems_coaching.html,"本音でぶつかれるチームは、なぜ生まれないのか〜関係性の""構造""を変える組織開発ワークショップ無料体験会:研修会社インソース～講師派遣研修／公開講座の研修",,200,text/html; charset=UTF-8,https://www.insource.co.jp/seminar/seminar_systems_coaching.html,,2,https://www.insource.co.jp/seminar/seminar_top.html,/seminar/,/seminar/seminar_systems_coaching.html/,657,https://www.insource.co.jp/seminar/seminar_systems_coaching.html,2026-09-03T03:35:49.518915+00:00,
https://www.insource.co.jp/seminar/action-training.html,【無料セミナー】30分でわかる「受けて終わり・読んで終わり」にしない社内教育～現場での実践率を高め、行動変容を促す３つの法則:研修会社インソース～講師派遣研修／公開講座の研修,,200,text/html; charset=UTF-8,https://www.insource.co.jp/seminar/action-training.html,,2,https://www.insource.co.jp/seminar/seminar_top.html,/seminar/,/seminar/action-training.html/,699,https://www.insource.co.jp/seminar/action-training.html,2026-09-03T03:35:50.949518+00:00,
https://www.insource.co.jp/seminar/backoffice_ai_rpa.html,バックオフィス（管理部門）の業務改善に役立つ生成ＡＩとＲＰＡ活用の考え方～業務改善を進める第一歩～:研修会社インソース～講師派遣研修／公開講座の研修,,200,text/html; charset=UTF-8,https://www.insource.co.jp/seminar/backoffice_ai_rpa.html,,2,https://www.insource.co.jp/seminar/seminar_top.html,/seminar/,/seminar/backoffice_ai_rpa.html/,650,https://www.insource.co.jp/seminar/backoffice_ai_rpa.html,2026-09-03T03:35:52.419045+00:00,
https://www.insource.co.jp/seminar/kokai-seminar-support.html,【無料セミナー】公開講座の個別相談室～「自社に合う講座は？」「申込を増やすには？」社内運用のお悩みを解消します:研修会社インソース～講師派遣研修／公開講座の研修,,200,text/html; charset=UTF-8,https://www.insource.co.jp/seminar/kokai-seminar-support.html,,2,https://www.insource.co.jp/seminar/seminar_top.html,/seminar/,/seminar/kokai-seminar-support.html/,648,https://www.insource.co.jp/seminar/kokai-seminar-support.html,2026-09-03T03:35:53.837321+00:00,
https://www.insource.co.jp/seminar/hierarchy-learning-mindset.html,【無料セミナー】階層別研修に、今必要な発想の転換〜「型」のインストールから、学び続けるマインドセットの育成へ:研修会社インソース～講師派遣研修／公開講座の研修,,200,text/html; charset=UTF-8,https://www.insource.co.jp/seminar/hierarchy-learning-mindset.html,,2,https://www.insource.co.jp/seminar/seminar_top.html,/seminar/,/seminar/hierarchy-learning-mindset.html/,644,https://www.insource.co.jp/seminar/hierarchy-learning-mindset.html,2026-09-03T03:35:55.451715+00:00,
https://www.insource.co.jp/seminar/tech-saiyou.html,【無料セミナー】採用難時代でも会える！新卒ＡＩ・ＩＴ人材に「刺さる」アプローチ手法:研修会社インソース～講師派遣研修／公開講座の研修,,200,text/html; charset=UTF-8,https://www.insource.co.jp/seminar/tech-saiyou.html,,2,https://www.insource.co.jp/seminar/seminar_top.html,/seminar/,/seminar/tech-saiyou.html/,646,https://www.insource.co.jp/seminar/tech-saiyou.html,2026-09-03T03:35:56.864496+00:00,
https://www.insource.co.jp/seminar/cybersecurity-education-awareness.html,【無料セミナー】「見える」「続ける」サイバーセキュリティ教育〜最新の脅威と制度に対応し、従業員の意識を変える方法〜:研修会社インソース～講師派遣研修／公開講座の研修,,200,text/html; charset=UTF-8,https://www.insource.co.jp/seminar/cybersecurity-education-awareness.html,,2,https://www.insource.co.jp/seminar/seminar_top.html,/seminar/,/seminar/cybersecurity-education-awareness.html/,688,https://www.insource.co.jp/seminar/cybersecurity-education-awareness.html,2026-09-03T03:35:58.281475+00:00,
https://www.insource.co.jp/seminar/ojt-standardization.html,【無料セミナー】現場のＯＪＴを標準化する～育成のブレをなくし人材の早期育成と定着を図る:研修会社インソース～講師派遣研修／公開講座の研修,,200,text/html; charset=UTF-8,https://www.insource.co.jp/seminar/ojt-standardization.html,,2,https://www.insource.co.jp/seminar/seminar_top.html,/seminar/,/seminar/ojt-standardization.html/,617,https://www.insource.co.jp/seminar/ojt-standardization.html,2026-09-03T03:35:59.738646+00:00,
https://www.insource.co.jp/seminar/attendance-practicaluse-evaluation.html,【無料セミナー】【来場型形式】「評価制度が回らない会社の共通点」～目標設定・面談・運用が機能しない原因と対策:研修会社インソース～講師派遣研修／公開講座の研修,,200,text/html; charset=UTF-8,https://www.insource.co.jp/seminar/attendance-practicaluse-evaluation.html,,2,https://www.insource.co.jp/seminar/seminar_top.html,/seminar/,/seminar/attendance-practicaluse-evaluation.html/,715,https://www.insource.co.jp/seminar/attendance-practicaluse-evaluation.html,2026-09-03T03:36:01.126738+00:00,
https://www.insource.co.jp/seminar/generative_ai_business.html,生成ＡＩ業務活用セミナー～使い方の基本から活用まで、業務で使えるイメージをつかむ～:研修会社インソース～講師派遣研修／公開講座の研修,,200,text/html; charset=UTF-8,https://www.insource.co.jp/seminar/generative_ai_business.html,,2,https://www.insource.co.jp/seminar/seminar_top.html,/seminar/,/seminar/generative_ai_business.html/,712,https://www.insource.co.jp/seminar/generative_ai_business.html,2026-09-03T03:36:02.612883+00:00,
https://www.insource.co.jp/seminar/ai-academy.html,【無料セミナー】ＡＩ時代に勝ち続ける経営を学ぶ「ＡＩ・ＤＸ経営塾」～デジタル活用を定着させる組織設計と推進の仕組み:研修会社インソース～講師派遣研修／公開講座の研修,,200,text/html; charset=UTF-8,https://www.insource.co.jp/seminar/ai-academy.html,,2,https://www.insource.co.jp/seminar/seminar_top.html,/seminar/,/seminar/ai-academy.html/,651,https://www.insource.co.jp/seminar/ai-academy.html,2026-09-03T03:36:04.097458+00:00,
